BB	0.21	3.49	e8g8	e8d7	r2qk2r/ppp1bppp/2npb3/1B6/8/2P1BN2/PPPQ1PPP/R3K2R b KQkq - 6 9
BB	3.37	1.65	d7e8	d7c8	r2q3r/pppkbppp/2npb3/1B2N3/8/2P1B3/PPPQ1PPP/R3K2R b KQ - 8 10
BB	5.03	0.87	e6d7	a8b8	r1kq3r/p1p1bppp/2Bpb3/8/8/2P1B3/PPPQ1PPP/R3K2R b KQ - 0 12
BB	5.92	994.06	d8f8	a7a5	1rkq3r/p1p1bppp/2Bpb3/8/8/2PQB3/PPP2PPP/R3K2R b KQ - 2 13
BB	-1.71	0.52	g8f6	h7h5	r1bqkbnr/pp3ppp/2n5/2ppp3/P6P/BP2P3/2PP1PP1/RN1QKBNR b KQkq - 1 5
BB	-1.48	0.51	c8g4	h8h6	r1bqkbnr/pp3pp1/2n5/2ppp2p/P6P/BPN1P3/2PP1PP1/R2QKBNR b KQkq - 1 6
BB	-4.31	4.31	e5e4	a7a5	r2qkbn1/pp3pp1/2n4r/1Bppp2p/P5bP/BPN1PN2/2PP1PP1/R2QK2R b KQq - 5 8
BB	-5.08	0.75	f3g2	f8c5	r2qkbn1/1p3pp1/2r5/p1Pp3p/P5bP/BPN1Pp2/2P2PP1/R2QK1R1 b Qq - 0 12
BB	-6.72	2.90	f3g2	e8f8	r2qk1n1/1p3pp1/2r5/p1bN3p/P5bP/BP2Pp2/2P2PP1/R2QK1R1 b Qq - 0 13
BB	-3.98	0.98	c5a3	g4e6	r2q1kn1/1p3pp1/2r5/p1bN3p/P5bP/BP2PP2/2P2P2/R2QK1R1 b Q - 0 14
BB	-4.37	8.46	d8d1	d8h4	r2q1kn1/1p3pp1/2r1b3/p1b4p/P4N1P/BP2PP2/2P2P2/R2QK1R1 b Q - 2 15
BB	3.81	2.61	c5a3	g8f6	r4kn1/1p3pp1/2r1b3/p1b4p/P2Q1N1q/BP2PP2/2P2P2/R3K1R1 b Q - 1 16
BB	-2.07	5.90	f8e8	c5a3	r4k2/1p3pp1/2r1bn2/p1b4p/P2Q1N1q/BP2PP2/2P1KP2/R5R1 b - - 3 17
BB	3.66	0.65	c6e6	f7e6	r4k2/1p3pp1/2r1Nn2/p6p/P2Q3q/bP2PP2/2P1KP2/R5R1 b - - 0 18
BB	3.62	0.74	c2b2	a8c8	r4k2/1p4p1/4pn2/p6p/P6Q/bP2PP2/2r2P2/R2K2R1 b - - 1 20
BB	-0.53	3.21	d7d6	h7h5	r1bqk1nr/pp1p1pbp/2n1p1p1/1Np5/2B1P3/5N2/PPPP1PPP/R1BQ1RK1 b kq - 1 6
BB	0.92	0.85	e8e7	e8f8	r1bqk1nr/pp1p1pb1/2nNp1p1/2p4p/2B1P3/5N2/PPPP1PPP/R1BQ1RK1 b kq - 1 7
BB	0.41	1.04	d8e7	c6d4	r1bq1knr/pp1p1pb1/2nNp1p1/2p4p/2B1P3/5N2/PPPPQPPP/R1B2RK1 b - - 3 8
BB	1.34	2.47	f7f6	d8c7	r1bq1knr/pp1p1p2/3Np1p1/2p1P2p/2Bb4/8/PPPPQPPP/R1B2RK1 b - - 0 10
BB	3.68	1.69	d4e5	b7b5	r1b2knr/ppqp1p2/3Np1p1/2p1P2p/2Bb4/2P5/PP1PQPPP/R1B2RK1 b - - 0 11
BB	4.92	2.01	f7f5	d4f2	r1b2knr/p1qp1p2/3Np1p1/1pp1P2p/2Bb4/2P2Q2/PP1P1PPP/R1B2RK1 b - - 1 12
BB	5.98	0.84	c7d8	f8g7	Q1N2knr/p1qp4/4p1p1/2p1Pp1p/2p5/2P5/PP1P1RPP/R1B3K1 b - - 0 15
BB	6.71	993.19	g7g8	g7h6	8/p1qpQ1k1/4p1p1/2p1Pp1p/2p3n1/2P5/PP1P1RPP/R1B3K1 b - - 2 19
BB	5.05	994.91	g6g5	f5f4	8/p1qpQ3/4p1pk/2p1Pp1p/2p3n1/2PP4/PP3RPP/R1B3K1 b - - 0 20
WB	0.80	-0.67	d2d4	b1c3	r1bqkb1r/pppppppp/2n4n/8/8/1P2P3/P1PP1PPP/RNBQKBNR w KQkq - 1 3
WB	1.35	-0.95	d2d4	g1f3	r1bqkb1r/pppppppp/7n/4n3/8/1PN1P3/P1PP1PPP/R1BQKBNR w KQkq - 3 4
WB	1.47	-0.71	c1b2	c1a3	r1bqkb1r/pppppppp/8/4n3/6n1/1PN1PN2/P1PP1PPP/R1BQKB1R w KQkq - 5 5
WB	1.22	-1.36	a3f8	c3b5	r1bqkb1r/pppp1ppp/4p3/4n3/6n1/BPN1PN2/P1PP1PPP/R2QKB1R w KQkq - 0 6
WB	0.40	-0.60	a3b5	a3c4	r1b1k2r/ppppqppp/4p3/4n3/6n1/NP2PN2/P1PP1PPP/R2QKB1R w KQkq - 1 8
WB	0.27	-0.90	c4e5	f3f4	r1b1k2r/pppp1ppp/4pq2/4n3/P1N5/1P2PP2/2PP1P1P/R2QKB1R w KQkq - 1 11
WB	0.30	-1.02	d2d4	h1g1	r1b1k2r/pppp1ppp/4pqn1/8/P1N2P2/1P2P3/2PP1P1P/R2QKB1R w KQkq - 1 12
WB	0.45	-0.89	d2d4	g1g5	r1b2rk1/pppp1ppp/4pqn1/8/P1N2P2/1P2P3/2PP1P1P/R2QKBR1 w Q - 3 13
WB	0.00	-1.27	d2d4	c4e5	r1b1r1k1/pppp1ppp/4pqn1/6R1/P1N2P2/1P2P3/2PP1P1P/R2QKB2 w Q - 5 14
WB	0.39	-2.43	d2d4	a4a5	r1b1r1k1/pppp1ppp/4pq2/4N1R1/P4P1n/1P2P3/2PP1P1P/R2QKB2 w Q - 7 15
WB	0.24	-0.66	e5g4	d2d4	r1b1r1k1/pppp1ppp/4pq2/P3NnR1/5P2/1P2P3/2PP1P1P/R2QKB2 w Q - 1 16
WB	1.38	-1.04	f1d3	g5g3	r1b1r1k1/pppp1ppp/3npq2/P3N1R1/3P1P2/1P2P3/2P2P1P/R2QKB2 w Q - 1 17
WB	2.16	-1.04	e5g4	c2c3	r1b3k1/pppprppp/3npq2/P3N3/3P1P2/1P2P1R1/2P2P1P/R2QKB2 w Q - 3 18
WB	2.42	-1.32	g3h3	a5a6	r1b2k2/pppprppp/3npq2/P3N3/3P1P2/1PP1P1R1/5P1P/R2QKB2 w Q - 1 19
WB	1.52	-0.96	g3h3	f1a6	r1b2k2/p1pprppp/p2npq2/4N3/3P1P2/1PP1P1R1/5P1P/R2QKB2 w Q - 0 20
BB	-1.86	1.76	e5e4	b8c6	rnb1kb1r/ppp2ppp/8/3qp3/8/5NP1/PP1PPP1P/R1BQKB1R b KQkq - 1 6
BB	-2.16	2.64	e5e4	h7h5	r1b1kb1r/ppp2ppp/2n5/3qp3/8/5NP1/PP1PPPBP/R1BQK2R b KQkq - 3 7
BB	-1.63	4.49	e5e4	h8h6	r1b1kb1r/ppp2pp1/2n5/3qp2p/8/5NP1/PP1PPPBP/R1BQ1RK1 b kq - 1 8
BB	-0.28	3.03	e5e4	a7a5	r1b1kb2/ppp2pp1/2n4r/3qp2p/8/1P3NP1/P2PPPBP/R1BQ1RK1 b q - 0 9
BB	-1.49	4.65	e5e4	f8b4	r1b1kb2/1pp2pp1/2n4r/p2qp2p/8/1P3NP1/PB1PPPBP/R2Q1RK1 b q - 1 10
BB	-4.72	0.54	c6c2	d2h6	r1b1k3/2p2pp1/2r5/p6p/8/1P4P1/PB1bPP1P/R2R2K1 b q - 1 15
BB	-4.47	0.61	c6c2	a8a6	r1b1k3/2p2pp1/2r4b/p6p/5P2/1P4P1/PB2P2P/R2R2K1 b q - 0 16
BB	-4.57	0.52	g7g6	a6b6	4k3/2p2pp1/r1r4b/p6p/5Pb1/1P2P1P1/PB1R3P/R5K1 b - - 2 18
BB	-4.54	0.71	g7g6	e8e7	4k3/2p2pp1/1rr4b/p6p/5Pb1/1P2P1P1/PB1R1K1P/R7 b - - 4 19
BB	-4.17	1.06	c6c1	f7f5	8/2p1kpp1/1rr4b/p6p/5Pb1/1P2P1P1/PB1R1K1P/2R5 b - - 6 20
WB	1.68	-0.64	c3b5	d1c2	r1b2rk1/ppp2pbp/3qpnp1/3Pp3/2P1P3/2N1B3/PP2BPPP/R2Q1RK1 w - - 0 11
WB	1.98	-0.79	a1c1	a2a4	r1br2k1/ppp2pbp/3q2p1/3Pp3/4P3/4B3/PPQ1BPPP/R4RK1 w - - 1 14
WB	2.34	-0.64	f1c1	f1d1	r1br2k1/ppp3bp/3q2p1/P2Pp3/4p3/4B3/1PQ1BPPP/R4RK1 w - - 0 16
WB	3.84	-2.74	g2g4	a6a7	r5k1/p1prq1bp/R5p1/3Ppb2/4p3/4B3/1PQ1BPPP/3R2K1 w - - 1 20
WB	0.96	-0.62	e3e4	c1d2	rnbqkb1r/1p1p1p1p/p3pnp1/2p5/2PP4/2N1PN2/PP3PPP/R1BQKB1R w KQkq - 0 6
WB	1.16	-0.76	d4c5	c4d5	rnbqk2r/1p3pbp/p3pnp1/2pp4/2PP3P/2N1PN2/PP1B1PP1/R2QKB1R w KQkq - 1 8
WB	0.54	-0.76	c3a4	a2a4	rnbq1rk1/1p3pbp/p4np1/2Pp4/7P/2N1PN2/PP1B1PP1/R2QKB1R w KQ - 1 10
WB	-0.35	-3.66	f1e2	d4b3	r1bqr1k1/1p3pbp/p1n2np1/2Pp4/P2N3P/2N1P3/1P1B1PP1/R2QKB1R w KQ - 3 12
WB	-3.80	-0.82	f1e2	c3a2	r1bqr1k1/1p3pbp/p1n2np1/2P5/P2p3P/1NN1P3/1P1B1PP1/R2QKB1R w KQ - 0 13
WB	-3.11	-1.42	d1d6	a2c3	r1b1r1k1/1p2qpbp/p1n2np1/2P5/P6P/1N2B3/NP3PP1/R2QKB1R w KQ - 1 15
WB	-2.51	-2.91	d1d6	d1c2	r3r1k1/1p2qpbp/p1n2np1/2P5/P5bP/1NN1B3/1P3PP1/R2QKB1R w KQ - 3 16
WB	-3.83	-1.48	c2c1	c2d1	r3r1k1/1p2qpbp/p1n2np1/2P2b2/P6P/1NN1B3/1PQ2PP1/R3KB1R w KQ - 5 17
WB	-3.94	-2.14	f1c4	a1a2	r3r1k1/1p1q1pbp/p1n3p1/2PN1b2/P5nP/1N2B3/1P3PP1/R2QKB1R w KQ - 9 19
WB	-4.22	-1.59	f1c4	d5b6	r5k1/1p1q1pbp/p1n3p1/2PNrb2/P5nP/1N2B3/RP3PP1/3QKB1R w K - 11 20
WB	-6.06	-0.52	b6d5	b6a8	r5k1/1p2qpbp/pNn3p1/2P1rb2/P5nP/1N2B3/RP3PP1/3QKB1R w K - 13 21
WB	5.48	-0.51	a2a3	c1e3	q3kb1r/p1pp1ppp/1p3n2/4p3/1n6/2NP1NP1/PPP1PP1P/R1BQK2R w KQk - 2 8
WB	5.30	-1.04	a2a3	e1d2	q3kb1r/p1pp1p1p/1p3np1/4p3/1n6/2NPBNP1/PPP1PP1P/R2QK2R w KQk - 0 9
WB	4.61	-1.01	d2c1	a2a4	q3kb1r/p1pp1p1p/1p4p1/4p3/1n4n1/2NPBNP1/PPPKPP1P/R2Q3R w k - 2 10
WB	4.21	-1.03	h2h3	h2h4	q3kb1r/2pp1p1p/pp4p1/4p3/Pn4n1/2NPBNP1/1PPKPP1P/R2Q3R w k - 0 11
WB	4.76	-0.65	d3d4	d3c4	q3kb1r/5p1p/pP4p1/3pp3/1np3nP/2NPBNP1/1PPKPP2/R2Q3R w k - 0 14
WB	4.67	-0.89	f3d4	c3b5	q3kb1r/5p1p/pP4p1/4p3/1nPp2nP/2N1BNP1/1PPKPP2/R2Q3R w k - 0 15
WB	4.15	-1.14	d2c1	f2e3	q3kb1r/5p1p/pP4p1/1N2p3/1nP3nP/4pNP1/1PPKPP2/R2Q3R w k - 0 16
WB	3.66	-3.71	d2c1	d2c3	3qkb1r/5p1p/pP4p1/1N2p3/1nP3nP/4PNP1/1PPKP3/R2Q3R w k - 1 17
WB	0.00	-6.84	f3e5	b5d4	4kb1r/5p1p/pq4p1/1N2p3/1nP3nP/2K1PNP1/1PP1P3/R2Q3R w k - 0 18
WB	3.09	-1003.08	h1d1	d4h8	4kb1r/5p1p/p5p1/2q5/1nPQ2nP/2K1PNP1/1PP1P3/R6R w k - 1 20
BB	-0.23	0.61	f6d7	e8d7	r3k2r/ppqNbppp/2n1pn2/1Bp5/Q2P4/4P3/PP3PPP/RNB1K2R b KQkq - 0 10
BB	-0.17	1.63	a7a6	f6d5	r6r/ppqkbppp/2n1pn2/1Bp5/Q2P4/4P3/PP3PPP/RNB2RK1 b - - 1 11
BB	0.19	4.20	a7a6	h7h5	r6r/ppqkbppp/2n1p3/1Bpn4/Q2P4/4P3/PP3PPP/RNBR2K1 b - - 3 12
BB	1.86	3.09	d7e8	e7c5	r6r/ppqkbpp1/2n1p3/1BPn3p/Q7/4P3/PP3PPP/RNBR2K1 b - - 0 13
BB	5.00	0.85	d7e7	c7e5	r6r/ppqk1pp1/2n1p3/1Bbn3p/Q3P3/8/PP3PPP/RNBR2K1 b - - 0 14
BB	3.23	2.84	h5h4	c5b6	r6r/pp1k1pp1/2n1p3/1Bbnq2p/Q3P3/6P1/PP3P1P/RNBR2K1 b - - 0 15
BB	-999.98	1004.88	b2f2	b6f2	r6r/pp1k1pp1/1bn1p3/1B1n3p/Q3PB2/N5P1/Pq3P1P/R2R2K1 b - - 1 17
BB	3.49	2.61	f2c5	a7a6	r6r/pp1k1pp1/2n1p3/1B1n3p/Q3PB2/N5P1/Pq3b1P/R2R1K2 b - - 1 18
BB	5.92	0.71	b7c6	d7e7	r6r/1p1k1pp1/p1B1p3/3n3p/Q3PB2/N5P1/Pq3b1P/R2R1K2 b - - 0 19
BB	4.63	1.86	f2a7	e6d5	r6r/1p2kpp1/p3p3/3B3p/Q3PB2/N5P1/Pq3b1P/R2R1K2 b - - 0 20
BB	0.12	0.51	b8d7	b8c6	rn1q1rk1/pbp2ppp/1p1bpn2/3p4/2PP4/3BPN2/PPQN1PPP/R1B2RK1 b - - 4 8
BB	-1.32	2.01	h7h6	h7h5	r2q1rk1/pbp2ppp/1pnbpn2/3p2N1/2PP4/3BP3/PPQN1PPP/R1B2RK1 b - - 6 9
BB	-4.15	0.57	d8e8	d8d7	r2q1r1k/pbp3p1/1pnbpnQ1/3p2Np/2PP4/4P3/PP1N1PPP/R1B2RK1 b - - 0 12
BB	-3.91	2.29	c6e7	c6a5	r4r1k/pbpq2p1/1pnbpnQ1/6Np/2pP3N/4P3/PP3PPP/R1B2RK1 b - - 1 14
BB	-2.70	1002.69	h8g8	f6g4	r4r1k/pbpq2p1/1p1bpn2/n5Np/2pP3N/4P3/PPQ2PPP/R1B2RK1 b - - 3 15
BB	-3.97	1003.95	f8f5	d7d5	r4rk1/pbpq2p1/1p2p1N1/n5Np/2pP2n1/P3P3/1PQ2PPb/R1B2R1K b - - 1 18
BB	-2.50	2.50	d5d7	d5d4	r4rk1/pbp3p1/1p2p1N1/n2q2Np/2pPP1n1/P7/1PQ2PPb/R1B2R1K b - - 0 19
BB	-3.95	3.95	d4f6	g4e3	r4rk1/pbp3p1/1p2p1N1/n5Np/2pqP1n1/P3B3/1PQ2PPb/R4R1K b - - 1 20
WB	0.10	-0.76	g2g4	h2h4	rnbq1rk1/pp2bpp1/2p1pn1p/3p4/2PP4/2N1PN2/PP1B1PPP/R2QKB1R w KQ - 0 8
WB	-0.56	-0.73	d1c2	f3e5	r1bq1rk1/pp1nbpp1/2p1pn1p/3p4/2PP3P/2N1PN2/PP1B1PP1/R2QKB1R w KQ - 1 9
WB	0.70	-1.42	g2g4	c4d5	r1b2rk1/pp1nbpp1/1qp1pn1p/3pN3/2PP3P/2N1P3/PP1B1PP1/R2QKB1R w KQ - 3 10
WB	0.39	-1.35	e5d3	a1b1	r1b2rk1/pp1nbpp1/1q2pn1p/3pN3/3P3P/2N1P3/PP1B1PP1/R2QKB1R w KQ - 0 11
WB	-0.19	-1.46	e5d3	d1c2	r1b2rk1/1p1nbpp1/1q2pn1p/p2pN3/3P3P/2N1P3/PP1B1PP1/1R1QKB1R w K - 0 12
WB	2.60	-0.61	a4a5	e5d7	2b2rk1/1p1nbpp1/1q2p2p/3pN3/Q2Pn2P/4P3/PP1B1PP1/1R2KB1R w K - 1 15
WB	2.36	-0.76	a4a5	a4d7	5rk1/1p1bbpp1/1q2p2p/3p4/Q2Pn2P/4P3/PP1B1PP1/1R2KB1R w K - 0 16
WB	1.78	-1001.74	d7b5	d2b4	5rk1/1p1Q1pp1/1q2p2p/3p4/1b1Pn2P/4P3/PP1B1PP1/1R2KB1R w K - 1 17
BB	-1.07	0.65	h7h6	c6d4	r2q1rk1/2pb1ppp/1bnp1n2/1p2p3/P3P3/1B1P1N2/1P1N1PPP/R1BQ1RK1 b - - 0 12
BB	-3.92	0.87	d7g4	d8a8	3q1rk1/2pb1ppp/3p1n2/1p2p3/r2bP3/3P1N2/BP3PPP/R1BQ1RK1 b - - 1 15
BB	-4.38	1004.33	f8a8	f6f5	5rk1/2pb1p1p/3p1p1Q/1p2p3/3bP3/3P1N2/1q3PPP/5RK1 b - - 1 20
BB	-1.54	2.83	b4c3	d8a5	r1bqk2r/pp1p1ppp/2n1pn2/8/1b2P3/P1N2N2/1PP2PPP/R1BQKB1R b KQkq - 0 7
BB	-2.18	1.33	f6e4	a5c3	r1b1k2r/pp1p1ppp/2n1pn2/q7/4P3/P1P1BN2/2P2PPP/R2QKB1R b KQkq - 0 9
BB	-0.95	1.29	e6e5	b7b5	r1b2rk1/pp1p1ppp/2n1pn2/2q5/4P3/P2B1N2/2PB1PPP/R2Q1RK1 b - - 5 12
BB	0.07	2.99	f6g4	f6d5	r4rk1/pb1p1ppp/2n1pn2/1pq1P3/8/P2B1N2/2PB1PPP/R2QR1K1 b - - 0 14
BB	1.48	2.62	b5b4	a8b8	r4rk1/pb1p1ppp/2n1p3/1pqnP3/8/P2B1N2/2PB1PPP/1R1QR1K1 b - - 2 15
BB	0.20	1.45	d5c3	c5a3	1r3rk1/pb1p1ppp/2n1p3/1BqnP3/8/P4N2/2PB1PPP/1R1QR1K1 b - - 0 16
BB	-2.54	6.64	b8b1	b8b4	1r4k1/p2p1ppp/2b1p3/2qnP3/8/5N2/2PB1PPP/QR4K1 b - - 3 20
WB	0.69	-1.17	f2f4	a2a4	r1bq1rk1/pppp1ppp/2nb1n2/8/4P3/1NP1B3/PP1N1PPP/R2QKB1R w KQ - 5 9
WB	0.32	-0.62	e3g5	h2h4	r1bq1rk1/pppp1ppp/3b1n2/4n3/P3P3/1NP1B3/1P1N1PPP/R2QKB1R w KQ - 1 10
WB	-0.16	-2.64	e3f4	h1h3	r1bq1rk1/ppppbppp/5n2/4n3/P3P2P/1NP1B3/1P1N1PP1/R2QKB1R w KQ - 1 11
WB	-2.72	-1.29	h3h1	e4d5	r1bq1rk1/ppp1bppp/5n2/3pn3/P3P2P/1NP1B2R/1P1N1PP1/R2QKB2 w Q - 0 12
WB	-3.81	-0.99	e3d4	h3g3	r1bq1rk1/ppp1bppp/8/3nn3/P6P/1NP1B2R/1P1N1PP1/R2QKB2 w Q - 0 13
WB	-1.71	-2.49	e3d4	e3g5	r1bq1rk1/ppp1b1pp/8/3nnp2/P6P/1NP1B1R1/1P1N1PP1/R2QKB2 w Q - 0 14
WB	-4.15	-995.84	f1b5	b3d4	r1bqr1k1/ppp3pp/8/3nnpP1/P7/1NP3R1/1P1N1PP1/R2QKB2 w Q - 1 16
WB	-2.93	-0.89	d4e2	f1e2	r1bqr1k1/ppp3pp/8/3n1pP1/P2N2n1/2P3R1/1P1N1PP1/R2QKB2 w Q - 3 17
WB	-1.97	-1.51	d1b3	d2f1	r1b1r1k1/ppp3pp/8/3n1pq1/P2N2n1/2P3R1/1P1NBPP1/R2QK3 w Q - 0 18
WB	-3.27	-1.79	d1b3	a4a5	r1b1r1k1/ppp3pp/8/5pq1/P2N1nn1/2P3R1/1P2BPP1/R2QKN2 w Q - 2 19
WB	-4.33	-0.98	a5a6	d1b3	r3r1k1/pppb2pp/8/P4pq1/3N1nn1/2P3R1/1P2BPP1/R2QKN2 w Q - 1 20
WB	-5.38	-1.10	a5a6	b3b7	r3r2k/pppb2pp/8/P4pq1/3N1nn1/1QP3R1/1P2BPP1/R3KN2 w Q - 3 21
BB	-0.48	0.70	e5e4	c6d4	r1bqkb1r/pppp1ppp/2n5/3Pp3/8/5N2/PPPP1PPP/RNBQK2R b KQkq - 0 5
BB	0.01	0.80	d8g5	d8h4	r1bqkb1r/pppp1ppp/8/3PN3/3n4/8/PPPP1PPP/RNBQK2R b KQkq - 0 6
BB	0.64	1.61	d7d6	b7b5	r1b1kb1r/pppp1ppp/8/3PN3/3n3q/8/PPPP1PPP/RNBQ1RK1 b kq - 2 7
BB	1.50	3.36	d4f3	h4e4	r1b1kb1r/p1pp1ppp/8/1p1P4/3n3q/5N2/PPPP1PPP/RNBQ1RK1 b kq - 1 8
BB	4.44	1.23	e4e1	e4e6	r1b1kb1r/p1pp1ppp/8/1p1P4/4q3/5P2/PPPP1P1P/RNBQR1K1 b kq - 0 10
BB	5.75	1.14	c8b7	a8b8	r1b1kb1r/p1p2ppp/4p3/1p6/8/2N2P2/PPPP1P1P/R1BQR1K1 b kq - 1 12
BB	6.53	0.77	h5h4	f8d6	1rb1kb1r/p1p2pp1/4p3/1p5p/5B2/2NP1P2/PPP2P1P/R2QR1K1 b k - 1 14
BB	6.94	0.58	f7f5	e8g8	1rb1k2r/p4pp1/3pp3/1p5p/8/2NP1P2/PPPQ1P1P/R3R1K1 b k - 1 16
BB	6.67	0.55	c8b7	c8b7	1rb2rk1/p4pp1/3pp3/1p4Qp/8/2NP1P2/PPP2P1P/R3R1K1 b - - 3 17
BB	7.39	0.85	b8c8	b5b4	1r3rk1/pb3pp1/3pp3/1p5Q/8/2NP1P2/PPP2P1P/R3R1K1 b - - 0 18
BB	8.05	991.90	f7f6	d6d5	1r3rk1/pb3pp1/3pp3/7Q/1p2N3/3P1P2/PPP2P1P/R3R1K1 b - - 1 19
BB	-0.77	0.82	a5b4	c8f5	r1b2rk1/p3p1bp/2p2np1/q2p4/3B1P2/2NB4/PPP3PP/R2Q1RK1 b - - 3 14
BB	-0.06	0.81	f8f7	f6e4	r4rk1/p3p1bp/2p2n2/q2p1p2/3B1P2/2N2R2/PPP3PP/R2Q2K1 b - - 1 16
BB	0.72	1.78	g7d4	f5e4	r4rk1/p3p1bp/2p5/q2p1p2/3BNP2/5R2/PPP3PP/R2Q2K1 b - - 0 17
BB	1.90	997.98	e7e5	a5e1	r5k1/p3prbp/2p5/q2p4/3BpPQ1/6R1/PPP3PP/R5K1 b - - 3 19
BB	-2.69	0.69	f8b4	f6e4	r1bqkb1r/ppp2ppp/2n2n2/3p4/3PP3/8/PP3PPP/RNBQKBNR b KQkq - 0 6
BB	-5.39	1.00	f8b4	d8h4	r1bqkb1r/ppp2ppp/2n5/3p4/3Pn3/5P2/PP4PP/RNBQKBNR b KQkq - 0 7
BB	-5.25	1.24	f8d6	f8e7	r1b1kb1r/ppp2ppp/2n5/3p4/3P4/4BPP1/PP6/RN1QKBNq b Qkq - 1 10
BB	-4.38	0.57	e7d6	e8g8	r1b1k2r/ppp1bppp/2n5/3p4/3P4/4BPP1/PP1Q4/RN2KBNq b Qkq - 3 11
BB	-4.62	0.79	h1h2	h1h5	r1b2rk1/ppp1bppp/2n5/3p4/3P4/4BPP1/PP1Q2B1/RN2K1Nq b Q - 5 12
BB	-4.75	0.54	f7f5	c8e6	r1b2rk1/ppp1bppp/2n5/3p4/3P2Pq/4BP2/PP1Q2B1/RN3KN1 b - - 2 14
BB	0.20	0.74	f8e7	h7h5	r2qkb1r/1pp2ppp/p1npbn2/4p3/B3P3/2NP1N2/PPP2PPP/R1BQ1RK1 b kq - 0 7
BB	0.55	2.57	f8e7	e8d7	r2qkb1r/1pp2pp1/p1npbn2/4p1Bp/B3P3/2NP1N2/PPP2PPP/R2Q1RK1 b kq - 1 8
BB	1.61	0.54	d7c8	f8e7	r2q1b1r/1ppk1pp1/p1npbn2/4p1Bp/B3P3/2NP1N2/PPPQ1PPP/R4RK1 b - - 3 9
BB	1.34	1.71	d7c8	d8g8	r2q3r/1ppkbpp1/p1npbn2/4p1Bp/B3P3/2NP1N1P/PPPQ1PP1/R4RK1 b - - 0 10
BB	2.32	1.38	b7b5	d7c8	r5qr/1ppkbpp1/p1npbn2/4p1Bp/B2PP3/2N2N1P/PPPQ1PP1/R4RK1 b - - 0 11
BB	3.55	0.94	c6d4	e6d7	r1k3qr/1pp1bpp1/p1npbn2/3Pp1Bp/B3P3/2N2N1P/PPPQ1PP1/R4RK1 b - - 0 12
BB	2.90	0.75	g7g5	g8d8	r1k3qr/2pb1pp1/p1pp1b2/4p2p/B3P3/2NQ1N1P/PPP2PP1/R4RK1 b - - 1 15
BB	3.12	1.28	g7g5	c8b7	r1kq3r/2pb1pp1/p1pp1b2/4p2p/B3P3/3Q1N1P/PPP1NPP1/R4RK1 b - - 3 16
BB	3.88	0.74	a8b8	d8e7	r2q3r/k1pb1pp1/p1pp1b2/4p2p/B3P3/1Q5P/PPPNNPP1/R4RK1 b - - 7 18
BB	4.35	0.62	d6d5	c6c5	r6r/k1pbqpp1/p1pp1b2/4p2p/B1N1P3/1Q5P/PPP1NPP1/R4RK1 b - - 9 19
WB	4.54	-0.67	f1d3	b1b3	r1b2rk1/pppp1ppp/2n1pq2/8/3P4/2P1BN2/P1P2PPP/1R1QKB1R w K - 3 10
WB	4.60	-1.16	e3g5	f3e5	r1b2rk1/pppp1ppp/2n1pq2/1R6/3P4/2P1BN2/P1P2PPP/3QKB1R w K - 7 12
WB	5.99	-1.38	h4h5	a2a4	r1b1r1k1/pppp1ppp/4p1q1/1R2P3/7P/2P1B3/P1P2PP1/3QKB1R w K - 1 15
WB	5.52	-1.68	h4h5	g2g4	r1b3k1/pppprppp/4p1q1/1R2P3/P6P/2P1B3/2P2PP1/3QKB1R w K - 1 16
WB	5.36	-0.77	b5b4	h4h5	r1b2k2/pppprppp/4p1q1/1R2P3/P5PP/2P1B3/2P2P2/3QKB1R w K - 1 17
WB	5.07	-0.72	d1d3	h1h3	r1b2k2/pppprppp/4p3/1R2P2P/P3q1P1/2P1B3/2P2P2/3QKB1R w K - 1 18
WB	5.16	-0.81	h5h6	b5b4	r1b2k2/pppprppp/4p3/1R2P2P/q5P1/2P1B2R/2P2P2/3QKB2 w - - 0 19
WB	4.90	-0.57	d1d3	b4b3	r1b2k2/pppprppp/2q1p3/4P2P/1R4P1/2P1B2R/2P2P2/3QKB2 w - - 2 20
BB	-0.66	0.65	d5d4	g8f6	r1bqkbnr/ppp2ppp/2n5/3pp3/4PP2/2NP4/PPP3PP/R1BQKBNR b KQkq - 1 4
BB	-0.14	0.83	d5d4	f6g4	r1bqkb1r/ppp2ppp/5nn1/3pP3/8/2NP1N2/PPP3PP/R1BQKB1R b KQkq - 0 7
BB	0.67	0.86	f8e7	c8e6	r1bqkb1r/ppp2ppp/6n1/3pP3/3P2n1/2N2N2/PPP3PP/R1BQKB1R b KQkq - 0 8
BB	1.51	1.40	d8d7	h7h5	r2qkb1r/ppp2ppp/4b1n1/3pP3/3P2n1/2NB1N2/PPP3PP/R1BQK2R b KQkq - 2 9
BB	2.95	1.47	d8d7	e6c8	r2qkb1r/ppp2pp1/4b1n1/3pP1Np/3P2n1/2NB4/PPP3PP/R1BQK2R b KQkq - 1 10
BB	4.14	3.03	g6e5	c7c5	r1bqkb1r/ppp2pp1/6n1/3pP1Np/3P2n1/2NB4/PPP3PP/R1BQ1RK1 b kq - 3 11
BB	6.13	3.47	g6e7	h8h6	r1bqkb1r/pp3Rp1/6n1/2ppP1Np/3P2n1/2NB4/PPP3PP/R1BQ2K1 b kq - 0 12
BB	9.61	990.35	d8e7	c5d4	r1bqkb2/pp3Rp1/6nr/2ppP1Np/3P2n1/2NB1Q2/PPP3PP/R1B3K1 b q - 2 13
BB	9.36	990.60	d8d6	d4c3	r1bqkb2/pp3Rp1/4P1nr/3p2Np/3p2n1/2NB1Q2/PPP3PP/R1B3K1 b q - 0 14
BB	0.42	1.57	d5c3	h7h5	r1bqkb1r/pp3ppp/2n1p3/2pn4/3P4/2N2N2/PPP1BPPP/R1BQ1RK1 b kq - 1 7
BB	0.58	2.04	f8e7	a8b8	r1bqkb1r/pp3pp1/2n1p3/2pn3p/2BP4/2N2N2/PPP2PPP/R1BQ1RK1 b kq - 1 8
BB	2.36	1.66	f8d6	b8a8	1rbqkb1r/pp3pp1/2n5/2pp3p/3P1B2/2N2N2/PPP2PPP/R2Q1RK1 b k - 1 10
BB	3.82	0.53	f7f6	c8e6	r1bqkb1r/pp3pp1/2n5/1Npp3p/3P1B2/5N2/PPP2PPP/R2Q1RK1 b k - 3 11
BB	3.81	2.47	d8c7	a8c8	r2q1b1r/ppNk1pp1/2n1b3/2pp3p/2PP1B2/5N2/PP3PPP/R2Q1RK1 b - - 0 13
BB	4.05	1.05	d7e8	f8d6	2rq1b1r/pp1k1pp1/2n1b3/2pN3p/2PP1B2/5N2/PP3PPP/R2Q1RK1 b - - 0 14
BB	4.26	1.81	e6d5	d8a5	2rq3r/pp1k1pp1/2nbb3/2pN3p/2PP1B2/5N2/PP3PPP/R2QR1K1 b - - 2 15
BB	3.34	0.85	a5a6	a5a6	2r4r/pp1k1pp1/2nbb3/q1pN3p/2PP4/5N2/PP1B1PPP/R2QR1K1 b - - 4 16
BB	4.12	1.18	c5d4	a6c4	2r4r/pp1k1pp1/q1nbb3/2pN3p/2PP1B2/5N2/PP3PPP/R2QR1K1 b - - 6 17
BB	4.97	2.23	d6c7	b4b2	2r4r/pp3pp1/2nkb3/2pP3p/1q6/4NN2/PP3PPP/R2QR1K1 b - - 0 20
BB	0.29	1.43	e8g8	e8e7	r2qk2r/pp1n1pp1/2p1pn1p/2bp1b2/8/PP1P1NP1/1BPNPPBP/R2Q1RK1 b kq - 2 9
BB	1.65	3.15	c5b6	d8b6	r2q3r/pp1nkpp1/2p1pn1p/2bp1b2/1P6/P2P1NP1/1BPNPPBP/R2Q1RK1 b - - 0 10
BB	3.81	1.27	e6e5	c6c5	1r5r/pp2kpp1/2pqpnbp/3p4/P2N4/3P1NP1/2P1PPBP/RQ3RK1 b - - 0 16
BB	4.53	0.57	a7a6	b6a5	1r5r/pp2kpp1/1q2pnbp/1Npp4/P1P5/3P1NP1/4PPBP/RQ3RK1 b - - 0 18
BB	4.75	0.58	h8d8	b8c8	1r5r/pp2kpp1/5nbp/qNpp4/P7/3P1NP1/1Q2PPBP/R4RK1 b - - 1 20
BB	0.20	0.60	a7a6	a8d8	r3kb1r/pp2pppp/2nq1n2/1Bpp4/3P4/2N1PQ1P/PPP2PP1/R1B2RK1 b kq - 0 8
BB	0.23	0.88	e7e6	g7g5	3rkb1r/pp2pppp/2nq1n2/1Bpp4/3P4/2N1PQ1P/PPPB1PP1/R4RK1 b k - 2 9
BB	0.63	0.79	a7a6	h8g8	3rkb1r/pp2pp1p/2nq1n2/1Bpp2p1/3P4/2N1PQ1P/PPPB1PP1/R3R1K1 b k - 1 10
BB	0.42	0.68	d6d4	g8g6	3rkbr1/pp2pp1p/2nq4/1Bp3p1/3PQ3/7P/PPPB1PP1/R3R1K1 b - - 0 13
BB	-0.67	0.72	g6c6	b7c6	3rkb2/pp2pp1p/2Q3r1/2p3p1/3P4/7P/PPPB1PP1/R3R1K1 b - - 0 15
BB	-1.15	1.43	d4d2	d4h4	4kb2/p3pp1p/2p3r1/B1p3p1/3r4/2P4P/PP3PP1/R3R1K1 b - - 0 17
BB	0.20	999.79	f7f6	f8g7	4kb2/p3pp1p/2p3r1/B1p3p1/7r/2P4P/PP3PP1/3RR1K1 b - - 2 18
WB	3.34	-0.79	d5g2	c1e3	2rq1rk1/p1p2ppp/8/3Bp3/1bPn4/3P2PP/PP2PP2/R1BQ1RK1 w - - 3 14
WB	2.79	-1.64	e3d4	a2a3	2rq1rk1/p4ppp/2p5/3Bp3/1bPn4/3PB1PP/PP2PP2/R2Q1RK1 w - - 0 15
WB	3.18	-1.91	e3d2	d1d2	2rq1rk1/p4ppp/3b4/2p1p3/2PnB3/P2PB1PP/1P2PP2/R2Q1RK1 w - - 0 17
WB	2.38	-0.76	e3d4	g1g2	2r2rk1/p2q1ppp/3b4/2p1p3/2PnB3/P2PB1PP/1P1QPP2/R4RK1 w - - 2 18
WB	2.60	-1.28	e3d4	f1h1	2r2r1k/p2q2pp/3b4/2pBpp2/2Pn4/P2PB1PP/1P1QPPK1/R4R2 w - - 2 20
BB	0.29	0.58	h5h4	f6e4	r2qkb1r/ppp2pp1/2n1bn2/1B1p3p/3P1B2/1P6/P1P1NPPP/RN1Q1RK1 b kq - 1 8
BB	0.78	1.11	a7a6	a7a5	r2qkb1r/ppp2pp1/2n1b3/1B1p3p/2PPnB2/1P6/P3NPPP/RN1Q1RK1 b kq - 0 9
BB	1.83	3.33	f8a3	d5e6	r2qkb1r/1pp2pp1/2n5/pB1b3p/3P1B2/1PN5/P4PPP/R2Q1RK1 b kq - 0 12
BB	1.18	0.58	f8e7	h5h4	r2qkb1r/1pp2pp1/2n1b3/pB5p/3PNB2/1P6/P4PPP/R2Q1RK1 b kq - 2 13
BB	1.50	4.59	f8a3	e8d7	r2qkb1r/1pp2pp1/2n1b3/pB6/3PNB1p/1P6/P4PPP/2RQ1RK1 b kq - 1 14
BB	5.93	2.51	b7b6	b7c6	r2qkb1r/1pp2pp1/2P1b3/pB6/4NB1p/1P6/P4PPP/2RQ1RK1 b - - 0 16
BB	7.08	992.91	f8e7	d7c6	r2qkb1r/2pb1pp1/2B5/p7/4NB1p/1P6/P3QPPP/2R2RK1 b - - 2 18
WB	0.31	-0.68	c1e3	c1f4	r1bq1rk1/pp2ppbp/2n2np1/2p5/2N5/3P1NP1/PP2PPBP/R1BQ1RK1 w - - 1 9
WB	2.33	-2.07	e5c6	g2c6	r1bq1rk1/p3ppbp/2n2np1/2p1N3/2p2B2/3P2P1/PP2PPBP/R2Q1RK1 w - - 0 11
WB	0.26	-0.72	f1e1	c6a8	r2q1rk1/p3ppbp/2B2np1/2p1N3/2p2B2/3P2Pb/PP2PP1P/R2Q1RK1 w - - 1 12
WB	-0.38	-999.61	f2f3	f1e1	q4rk1/p3ppbp/5np1/2p1N3/2p2B2/3P2Pb/PP2PP1P/R2Q1RK1 w - - 0 13
WB	0.49	-0.55	e2e4	b1c3	rnbqk2r/pp3ppp/3bpn2/2pp4/8/3P1NP1/PPP1PPBP/RNBQ1RK1 w kq - 1 6
WB	1.23	-1001.20	g1h1	a2a4	r1b1k2r/pp3ppp/6q1/2p1P3/3pP3/8/PPPQPPBP/R4RK1 w kq - 1 14
BB	-3.52	6.61	c7c6	e7c6	rnbqkb1r/ppp1n1pp/5p2/1B1pN3/4p3/2N1P3/PPPP1PPP/R1BQK2R b KQkq - 1 7
BB	2.86	997.05	g7g6	e8e7	rnbqkb1r/ppp3pp/2n2p2/1B1pN2Q/4p3/2N1P3/PPPP1PPP/R1B1K2R b KQkq - 3 8
WB	4.86	-5.36	f1b5	d1b3	rnb1kb1r/ppp1pppp/2q5/8/3Pn3/2N5/PP3PPP/R1BQKBNR w KQkq - 0 6
WB	5.03	-5.49	f1b5	g1f3	rn2kb1r/ppp1pppp/2q5/5b2/3Pn3/1QN5/PP3PPP/R1B1KBNR w KQkq - 2 7
WB	-0.46	-0.84	b2c3	b3c3	rn2kb1r/ppp1pppp/2q5/5b2/3P4/1Qn2N2/PP3PPP/R1B1KB1R w KQkq - 0 8
WB	-0.65	-1.32	d4d5	f3e5	r3kb1r/ppp1pppp/2n5/5b2/3P4/2P2N2/P4PPP/R1B1KB1R w KQkq - 1 10
WB	-1.68	-0.94	d1d2	d1e1	1k3b1r/ppp1pppp/8/4P3/P7/1bP1B3/5PPP/3K1B1R w - - 1 16
WB	-2.47	-0.75	e5e6	h2h4	1k3b1r/ppp1pppp/8/4P3/b7/2P1B3/5PPP/4KB1R w - - 0 17
WB	-2.58	-0.58	e5e6	h1h3	1k3b1r/ppp1pppp/2b5/4P3/7P/2P1B3/5PP1/4KB1R w - - 1 18
BB	-0.33	0.52	c8g4	d8a5	r1bqk1nr/pp2ppb1/2np2p1/2pN3p/2P1P3/3P1N2/PP2BPPP/R1BQK2R b KQkq - 1 7
BB	0.11	4.56	a5d8	c6b4	r1b1k1nr/pp2ppb1/2np2p1/q1pN3p/2P1P3/3P1N2/PP1BBPPP/R2QK2R b KQkq - 3 8
BB	0.30	0.84	g8f6	b7b5	r1b1k1nr/pp2ppb1/3p2p1/q2N3p/1pP1P3/3P1N2/PP1QBPPP/R3K2R b KQkq - 1 10
BB	1.11	0.99	e7e6	a8b8	r1b1k1nr/p3ppb1/3p2p1/qP1N3p/1p2P3/3P1N2/PP1QBPPP/R3K2R b KQkq - 0 11
BB	0.43	5.69	g7h6	a5b5	1rb1k1nr/p3ppb1/3p2p1/qP1N3p/1p2P3/3P1N2/PP1QBPPP/2R1K2R b Kk - 2 12
BB	5.99	0.71	g7h6	a7a5	1rb2knr/p3ppb1/3p2p1/1N5p/1p2P3/3P1N2/PP1QBPPP/2R1K2R b K - 0 14
BB	5.81	0.51	g7h6	g8f6	1r3knr/2N1ppb1/3p2p1/p6p/1p1PP3/5N2/bP1QBPPP/2R2RK1 b - - 0 17
BB	6.17	0.70	g7h6	f6e8	1r3k1r/2N1ppb1/3p1np1/p3P2p/1p1P4/5N2/bP1QBPPP/2R2RK1 b - - 0 18
BB	6.30	0.86	d6e5	a5a4	1r2nk1r/2N1ppb1/3p2p1/p3P1N1/1p1P3p/4Q3/bP2BPPP/2R2RK1 b - - 1 20
WB	0.26	-0.58	f1d3	b1a3	rnbq1rk1/pp2bppp/4pn2/2pp4/3P1B2/2P1PN1P/PP3PP1/RN1QKB1R w KQ - 1 7
WB	-0.28	-0.80	e3d4	f3d4	rnbq1rk1/pp2bppp/4pn2/3p4/3p1B2/N1P1PN1P/PP3PP1/R2QKB1R w KQ - 0 8
WB	-0.95	-3.67	d4c2	h3h4	r1bq1rk1/pp1nbppp/4pn2/3p4/3N1B2/N1P1P2P/PP3PP1/R2QKB1R w KQ - 1 9
WB	-3.92	-0.86	a3c2	g5f4	r1bq1rk1/pp1nbpp1/5n1p/3p2B1/3Q3P/N1P1P3/PP3PP1/R3KB1R w KQ - 0 12
WB	-4.24	-0.71	a3b5	a1d1	r1bqr1k1/pp1nbpp1/5n1p/3p4/3Q1B1P/N1P1P3/PP3PP1/R3KB1R w KQ - 2 13
WB	-4.94	-2.19	a4c2	a4b4	r1bqr1k1/1p2bpp1/p4n1p/2np4/Q4B1P/N1P1P3/PP3PP1/3RKB1R w K - 2 15
WB	-6.99	-1.23	a3c2	b3b7	r2qr1k1/1p1bbpp1/p4n1p/3p4/5n1P/NQP1P3/PP3PP1/3RKB1R w K - 0 18
WB	-8.39	-1.03	a3b5	a3c4	3qr1k1/3bbpp1/Q4n1p/3p4/5n1P/N1P1P3/Pr3PP1/3RKB1R w K - 0 20
WB	-9.54	-990.41	a6c4	e3f4	3qr1k1/3bbpp1/Q4n1p/8/2p2n1P/2P1P3/Pr3PP1/3RKB1R w K - 0 21
WB	0.10	-0.69	b3c2	f3e5	4rrk1/pb1n1ppp/1p1qpn2/6B1/3P4/1BR2N2/PP2QPPP/3R2K1 w - - 3 16
WB	-0.66	-1.22	b3a4	e5d7	4rrk1/pb1n1ppp/1p1qp3/4N1B1/3Pn3/1BR5/PP2QPPP/3R2K1 w - - 5 17
WB	-1.48	-2.39	b2c3	d7f6	4rrk1/pb1N1ppp/1p1qp3/6B1/3P4/1Bn5/PP2QPPP/3R2K1 w - - 0 18
WB	-3.67	-0.60	e2g4	b2c3	4rrk1/pb3p1p/1p1qpp2/6B1/3P4/1Bn5/PP2QPPP/3R2K1 w - - 0 19
WB	-4.25	-0.66	d1d3	e2b5	4rrk1/pb3p1p/1p1qp3/6p1/3P4/1BP5/P3QPPP/3R2K1 w - - 0 20
WB	-4.54	-1.14	d1e1	d1f1	4rrk1/pb3p1p/1p2p3/1Q4p1/3P1q2/1BP5/P4PPP/3R2K1 w - - 2 21
WB	2.47	-1.66	d4d5	d1a4	rnbqk2r/p3bppp/1p2pn2/2p5/2BPP3/2N2N2/PP3PPP/R1BQ1RK1 w kq - 0 8
WB	3.70	-3.32	e4e5	c1g5	rn2k2r/p1qbbppp/1p2pn2/2p5/2BPP3/1QN2N2/PP3PPP/R1B2RK1 w kq - 4 10
WB	3.79	-2.86	g5e7	h2h4	rn2k2r/p1qbbppp/1p2p3/2p3B1/2BPP1n1/1QN2N2/PP3PPP/R4RK1 w kq - 6 11
WB	4.52	-2.04	e4e5	a2a4	rn2k2r/p1qb1ppp/1p1bp3/2p3B1/2BPP1nP/1QN2N2/PP3PP1/R4RK1 w kq - 1 12
WB	4.51	-3.42	c3b5	c4e2	rn2k2r/p1qb1ppp/1p2p3/2p3B1/P1BPPbnP/1QN2N2/1P3PP1/R4R1K w kq - 3 14
WB	4.35	-0.68	d4d5	a6e2	r4rk1/p1qb1ppp/Bp2p3/2p3P1/P2PP1n1/1QN2N2/1P3PP1/R4R1K w - - 1 17
WB	4.46	-0.51	d4d5	h1g1	r4rk1/p1qb1p1p/1p2p1p1/2p3P1/P2PP1n1/1QN2N2/1P2BPP1/R4R1K w - - 0 18
WB	4.66	-0.87	d4d5	f1e1	3r1rk1/p1qb1p1p/1p2p1p1/2p3P1/P2PP1n1/1QN2N2/1P2BPP1/R4RK1 w - - 2 19
WB	5.05	-1.22	d4d5	d4c5	3r1rk1/p1q2p1p/1pb1p1p1/2p3P1/P2PP1n1/1QN2N2/1P2BPP1/R3R1K1 w - - 4 20
WB	4.19	-0.89	a1d1	a4a5	3r1rk1/p1q2p1p/2b1p1p1/2p3P1/P3P1n1/1QN2N2/1P2BPP1/R3R1K1 w - - 0 21
BB	-0.53	5.15	c7c8	g8f7	r4rk1/1pq1b1pp/p1nppn2/4p3/2Q1P3/2N1BN2/PPP2PPP/R4RK1 b - - 1 13
BB	-0.29	3.89	b7b5	f8g8	r4r2/1p1qb1pp/p1npNnk1/4p1B1/2Q1P3/2N5/PPP2PPP/R4RK1 b - - 2 16
BB	0.00	2.97	b7b5	h7h5	r5r1/1p1qb1pp/p1npNnk1/4p1B1/2Q1P2P/2N5/PPP2PP1/R4RK1 b - - 0 17
BB	2.98	2.56	b7b5	g6f7	r5r1/1p1qb1p1/p1npNnk1/4p1Bp/2Q1PP1P/2N5/PPP3P1/R4RK1 b - - 0 18
WB	-0.05	-0.53	b5e2	b5c6	r1bqk2r/pppp1ppp/2nb1n2/1B2p3/8/1P2P3/PBPP1PPP/RN1QK1NR w KQkq - 3 5
WB	0.30	-2.01	h2h3	h2h4	r1bqr1k1/ppp2ppp/2pb4/4p3/4P1n1/1P1P4/PBPN1PPP/R2QK1NR w KQ - 1 9
WB	-1.51	-3.71	g1h3	f2f3	r1bqr1k1/ppp2ppp/2p5/2b1p3/4P1nP/1P1P4/PBPN1PP1/R2QK1NR w KQ - 1 10
WB	-5.16	-2.29	d1e2	d1c1	r1bqr1k1/ppp2ppp/2p5/2b1p3/4P2P/1P1P1P2/PBPN1nP1/R2QK1NR w KQ - 1 11
WB	-7.37	-1.04	d2c4	g1e2	r1bqr1k1/ppp2ppp/2p5/2b1p3/4P2P/1P1P1P2/PBPN2P1/R1Q1K1Nn w Q - 0 12
WB	-8.56	-991.43	g2g3	e1f1	r1b1r1k1/ppp2ppp/2p5/2b1p3/4P2q/1P1P1P2/PBPNN1P1/R1Q1K2n w Q - 0 13
WB	-6.76	-993.23	c1e1	d2c4	r1b1r1k1/ppp2ppp/2p5/2b1p3/4P3/1P1P1Pq1/PBPN2P1/R1Q2K2 w - - 0 15
BB	-0.02	0.91	b7b5	a8a6	r1bqkb1r/1pp2pp1/2p1pn2/p6p/3P4/2NQB3/PPP1PPPP/R3KB1R b KQkq - 1 7
BB	0.88	0.79	c6c5	h5h4	2bqkb1r/1pp2pp1/r1p1pn2/p5Bp/3P4/2NQ4/PPP1PPPP/R3KB1R b KQk - 3 8
BB	1.35	0.77	a5a4	h8h5	2bqkb1r/1pp2pp1/r1p1pn2/p5B1/3P3p/2NQ4/PPP1PPPP/2KR1B1R b k - 1 9
BB	0.71	0.93	h5h6	h5b5	2bqkb2/1pp2p2/r1p1pp2/p6r/3PN2p/3Q4/PPP1PPPP/2KR1B1R b - - 1 11
BB	1.47	1.42	b5b6	d8g5	2bqkb2/1pp2p2/r1p1p3/pr3p2/3P3p/2N2Q2/PPP1PPPP/2KR1B1R b - - 1 13
BB	1.95	1.34	g5g4	f5f4	2b1kb2/1pp2p2/1r6/pp1Pppq1/7p/2N1P3/PPP1QPPP/2KR3R b - - 1 17
BB	2.57	1.14	f4e3	e8d8	2b1kb2/1pp2p2/1r6/pN1Pp1q1/5p1p/4P3/PPP1QPPP/2KR3R b - - 0 18
BB	3.65	0.51	b6b5	f8d6	2bk1b2/1pp2p2/1r6/pN1Pp1q1/2Q2p1p/4P3/PPP2PPP/2KR3R b - - 2 19
WB	0.64	-4.63	a2a4	f3e5	r1bq1rk1/1p1n1ppp/p3p3/8/2BPP3/5N2/P2Q1PPP/R4RK1 w - - 0 13
WB	-3.75	-0.51	f1d1	d4d5	r1bq1rk1/1p3ppp/p1n1p3/8/3PP3/8/P2QBPPP/R4RK1 w - - 2 15
BB	0.54	3.25	f8e7	d6d5	r2qkb1r/1p1b1ppp/p1nppn2/6B1/3NP3/2N5/PPPQ1PPP/1K1R1B1R b kq - 3 9
BB	3.73	1.06	c6d4	e6d5	r2qkb1r/1p1b1ppp/p1n1pn2/3P2B1/3N4/2N5/PPPQ1PPP/1K1R1B1R b kq - 0 10
BB	5.04	1.32	d7e6	e8g8	r2qk2r/1p1bbp1p/p1n2p2/3N4/3N4/8/PPPQ1PPP/1K2RB1R b kq - 0 13
BB	6.19	1.99	b7c6	e7b4	r2q1rk1/1p1bbp1p/p1N2p2/3N4/8/8/PPPQ1PPP/1K2RB1R b - - 0 14
BB	8.16	2.17	g8g7	f8e8	r2q1rk1/1p1b1p1p/p4p2/3N4/1N6/8/PPPQ1PPP/1K2RB1R b - - 0 15
BB	10.40	1.41	d8e8	d7e8	r2qR1k1/1p1b1p1p/p4p2/3N4/1N6/8/PPPQ1PPP/1K3B1R b - - 0 16
BB	12.89	986.93	f6f5	f6f5	r2qb1k1/1p3p1p/p4p1Q/3N4/1N6/8/PPP2PPP/1K3B1R b - - 1 17
BB	9.49	990.49	e8d7	d8c8	r2qb1k1/1p3p1p/p6Q/3N1p2/1N6/3B4/PPP2PPP/1K5R b - - 1 18
WB	0.34	-1.85	e2e3	h4f6	rnbq1rk1/pp3pp1/5n1p/2Pp4/1b5B/2N5/PPQ1PPPP/R3KBNR w KQ - 2 9
WB	-1.43	-2.07	e1c1	g1f3	rnb2rk1/pp3pp1/5q1p/2Pp4/1b6/2N5/PPQ1PPPP/R3KBNR w KQ - 0 10
WB	-3.34	-1.70	a2a3	c2e4	rnb2rk1/pp3pp1/5q1p/2P5/1b1p4/2N2N2/PPQ1PPPP/R3KB1R w KQ - 0 11
WB	-4.88	-3.21	f3d4	a2a3	r1b2rk1/pp3pp1/2n2q1p/2P5/1b1pQ3/2N2N2/PP2PPPP/R3KB1R w KQ - 2 12
WB	-8.66	-991.23	a1d1	a1b1	r1b2rk1/pp3pp1/2n2q1p/2P5/1P2Q3/5N2/1p2PPPP/R3KB1R w KQ - 0 14
BB	0.83	0.55	g7g6	c7c5	r3rbk1/1bpq1pp1/p2p1n1p/1p6/Pn1PP3/R4N1P/1P1N1PP1/1BBQR1K1 b - - 2 18
BB	1.31	0.53	d7d8	a6a5	r3rbk1/1b1q1pp1/p2p1n1p/1ppP4/Pn2P3/R4N1P/1P1N1PP1/1BBQR1K1 b - - 0 19
BB	0.71	0.68	f8b4	b7b6	r1bqkb1r/pppp1pp1/5nn1/3Pp1Bp/4P2P/2N2N2/PPP2PP1/R2QKB1R b KQkq - 3 7
BB	1.45	0.64	f8e7	a7a5	r2qkb1r/pbpp1pp1/1p3nn1/3Pp1Bp/4P2P/2N2Q2/PPPN1PP1/R3KB1R b KQkq - 3 9
BB	1.96	1.07	b7c8	e8e7	r2qk2r/1bpp1pp1/1p3nn1/p1bPp1Bp/4P2P/2N2Q2/PPPN1PP1/1K1R1B1R b kq - 3 11
BB	2.93	1.15	e7e8	c5f2	r2q3r/1bppkpp1/1p3nn1/p1bPp1B1/4P1QP/2N5/PPPN1P2/1K1R1B1R b - - 0 13
BB	4.36	2.67	d7d6	c5d6	r2q3r/1bppkpp1/1p3n2/pBbPpQBP/4Pn2/2N5/PPPN4/1K1R3R b - - 4 16
BB	6.84	4.14	d8g8	h8g8	r2q3r/1bppkpp1/1p1b1n1P/pB1PpQB1/4Pn2/2N5/PPPN4/1K1R3R b - - 0 17
BB	11.42	988.51	e7e8	f4h5	r2q2r1/1bppkpP1/1p1b1n2/pB1PpQB1/4Pn2/2N5/PPPN4/1K1R3R b - - 0 18
WB	-0.53	-0.93	e4d5	e4h7	r1b1r1k1/2p2pp1/1p3q1p/p2p4/P1n1B3/2P3P1/1PQBPP1P/R4RK1 w - - 0 17
WB	-1.37	-2.33	h7d3	d2f4	r1b1r2k/2p2ppB/1p3q1p/p2p4/P1n5/2P3P1/1PQBPP1P/R4RK1 w - - 2 18
WB	-3.54	-0.60	b2b3	f4c7	r1b1r2k/2p5/1p3qpp/p2p4/P1n2B2/2P3P1/1PQ1PP1P/R4RK1 w - - 0 20
WB	-3.84	-1.54	b2b3	f1d1	r3r2k/2B5/1p3qpp/p2p4/P1n5/2P3Pb/1PQ1PP1P/R4RK1 w - - 1 21
WB	-0.29	-0.90	a1b1	b3a4	r1bqr1k1/2p2pp1/1pnp1n1p/8/p1P1p3/1PP1N1P1/P1Q1PPBP/R1BR2K1 w - - 0 14
WB	-1.47	-1.46	f2f3	a1b1	4r1k1/1bpq1pp1/1p1p3p/4n3/r1PR4/2P1N1P1/P1Q1PP1P/R1B3K1 w - - 4 19
WB	-2.79	-997.20	f2f3	b1b4	4r1k1/1bp2pp1/1pqp3p/4n3/r1PR4/2P1N1P1/P1Q1PP1P/1RB3K1 w - - 6 20
BB	0.85	0.60	b5a4	c7c5	r3rbk1/1bpq1pp1/p2p1n1p/1p6/Pn1PP3/R4N1P/1P1N1PP1/1BBQR1K1 b - - 2 18
BB	1.28	0.62	f6h7	a6a5	r3rbk1/1b1q1pp1/p2p1n1p/1ppP4/Pn2P3/R4N1P/1P1N1PP1/1BBQR1K1 b - - 0 19
BB	0.61	1.31	d8b6	d7b6	r1bqkb1r/pp1n1ppp/2pp1n2/8/3QPP2/2N2N2/PPPB2PP/R3KB1R b KQkq - 1 7
BB	2.62	1.85	b6c8	f6g4	r2qkb1r/pp1b1ppp/1n1p1n2/P1p2P2/4P3/2N1QN2/1PPB2PP/R3KB1R b KQkq - 0 11
BB	4.59	1.17	f8e7	h8h6	r2qkb1r/1p1b1pp1/1p1p4/2p2P1p/4PQn1/2N2N2/1PPB2PP/3RKB1R b Kkq - 1 14
BB	5.62	2.59	d7e8	h5h4	r2q1k2/1p1bbpp1/1p3n1r/1Bp1NP1p/5Q2/2N4P/1PPB2P1/3R1RK1 b - - 0 19
BB	0.78	0.71	b5a4	c7c5	r3rbk1/1bpq1pp1/p2p1n1p/1p6/Pn1PP3/R4N1P/1P1N1PP1/1BBQR1K1 b - - 2 16
BB	2.05	2.34	f6h7	h6h5	r3rbk1/1b3pp1/3p1n1p/1qpP4/pn2P2N/5R1P/1P1N1PP1/1BBQR1K1 b - - 1 20
WB	1.32	-0.63	f1e2	a2a4	rnbqkbr1/p3pppp/1p1p1n2/8/2PQP3/2N2N2/PP3PPP/R1B1KB1R w KQq - 1 7
WB	2.53	-1.21	e5e2	c3e2	r2qkb1r/p3pppp/1p3n2/4Q2P/P1P5/2N5/1P2bPP1/R1B1K2R w KQq - 0 15
WB	1.87	-0.86	e5b5	b2b3	r1q1kb1r/p3pppp/1p3n2/4Q2P/P1P5/8/1P2NPP1/R1B1K2R w KQq - 1 16
WB	1.15	-0.68	e5c5	c1f4	r3kb1r/p3pppp/1p3n2/2q1Q2P/P1P5/1P6/4NPP1/R1B1K2R w KQq - 1 17
WB	1.47	-0.68	e5c5	h1h3	2r1kb1r/p3pppp/1p3n2/2q1Q2P/P1P2B2/1P6/4NPP1/R3K2R w KQ - 3 18
WB	2.31	-1.30	e4b7	e4e5	2r1kbr1/p3pppp/1p3n2/P1q4P/2P1QB2/1P5R/4NPP1/R3K3 w Q - 3 21
WB	3.14	-1.01	c1e3	c1f4	q3k2r/p2b1ppp/4pn2/2b5/2p5/2N3P1/PP2PP1P/R1BQ1RK1 w k - 2 12
WB	3.13	-2.76	f4d6	d1c2	q4rk1/p2b1ppp/4pn2/2b5/2p2B2/2N3P1/PP2PP1P/R2Q1RK1 w - - 4 13
WB	0.36	-5.95	f4e3	a2a4	q4rk1/p4ppp/2b1pn2/2b5/2p2B2/2N3P1/PPQ1PP1P/R4RK1 w - - 6 14
WB	1.43	-7.07	f4e3	a4a5	q4rk1/p4ppp/4p3/2bb4/P1p2B2/6P1/1PQ1PP1P/R4RK1 w - - 0 16
WB	0.94	-1.98	f1e1	a5a6	5rk1/p4ppp/2q1p3/P1bb4/2p2B2/6P1/1PQ1PP1P/R4RK1 w - - 1 17
WB	1.64	-1.67	f1e1	f1d1	5rk1/p4ppp/Pbq1p3/3b4/2p2B2/6P1/1PQ1PP1P/R4RK1 w - - 1 18
WB	0.93	-8.86	c2a4	c2c3	5rk1/p4ppp/Pbq1p3/8/2p1bB2/6P1/1PQ1PP1P/R2R2K1 w - - 3 19
WB	3.25	-1.14	d1d6	b2b3	5rk1/p4ppp/Pbq1p3/5b2/2p2B2/2Q3P1/1P2PP1P/R2R2K1 w - - 5 20
WB	2.37	-1002.36	c3f3	b3c4	5rk1/p4ppp/Pbq1p3/8/2p2B2/1PQ3Pb/4PP1P/R2R2K1 w - - 1 21
WB	1.59	-0.68	d4b5	d4b3	r1bqkb1r/pp1n1ppp/3p1n2/2p5/2PNP3/2N5/PP3PPP/R1BQKB1R w KQkq - 0 7
WB	1.38	-1.80	h2h3	h2h4	r1bqk2r/1p2bppp/3p1n2/2p1n3/N1P1P3/4B3/PP1N1PPP/R2QKB1R w KQkq - 1 11
WB	-0.39	-0.98	e3g5	d2f3	r1bqk2r/1p2bppp/3p4/2p1n3/N1P1P1nP/4B3/PP1N1PP1/R2QKB1R w KQkq - 1 12
WB	0.03	-1.55	f3e5	b2b3	r2qk2r/1p2bppp/3pb3/2p1n3/N1P1P2P/4PN2/PP4P1/R2QKB1R w KQkq - 1 14
WB	-0.54	-2.00	f3e5	a2a3	r2q1rk1/1p2bppp/3pb3/2p1n3/N1P1P2P/1P2PN2/P5P1/R2QKB1R w KQ - 1 15
WB	-0.50	-1.01	f1c4	b3c4	r2q1rk1/1p2bppp/3p4/2p1n3/N1b1P2P/PP2PN2/6P1/R2QKB1R w KQ - 0 16
WB	-1.22	-2.82	d1d2	a4c3	r4rk1/1p2bppp/3p4/q1p1n3/N1P1P2P/P3PN2/6P1/R2QKB1R w KQ - 1 17
WB	-4.00	-1.84	e1f2	f3d2	r4rk1/1p2bppp/3p4/2p1n3/2P1P2P/P1q1PN2/6P1/R2QKB1R w KQ - 0 18
WB	-5.74	-994.24	d1e2	f1e2	r4rk1/1p2bppp/3p4/2p1n3/2P1P2P/P3q3/3N2P1/R2QKB1R w KQ - 0 19
BB	-3.10	1.98	d5d4	h7h5	r1bqkbnr/ppp2ppp/2n5/3pp3/7P/2N2N2/PPPPPPP1/R1BQKBR1 b Qkq - 1 4
BB	-5.15	0.69	d5d4	d8h4	r1bqkbnr/ppp2pp1/8/3pn2p/7P/2N2P2/PPPPP1P1/R1BQKBR1 b Qkq - 0 6
BB	-4.82	1.53	h4e7	h4d4	r1b1kbnr/ppp2pp1/8/3pn2p/7q/2N2PP1/PPPPP3/R1BQKBR1 b Qkq - 0 7
BB	-3.51	2.23	d4b4	d4c5	r1b1kbnr/ppp2pp1/8/3pn2p/3q4/2N1PPP1/PPPP4/R1BQKBR1 b Qkq - 0 8
BB	-4.47	6.13	c8d7	g8f6	r1b1kbnr/ppp2pp1/2q5/3pn2p/8/2N1PPP1/PPPP4/R1BQKBR1 b Qkq - 4 10
BB	1.59	1.70	c8d7	e5f3	r1b1kb1r/ppp2pp1/2q2n2/1B1pn2p/8/2N1PPP1/PPPP4/R1BQK1R1 b Qkq - 6 11
BB	2.92	2.50	c8g4	f6e4	r1b1kb1r/ppp2pp1/2q2n2/1B1p3p/8/2N1PQP1/PPPP4/R1B1K1R1 b Qkq - 0 12
BB	4.79	0.98	c8g4	d5e4	r1b1kb1r/p1p2pp1/2p5/3p3p/4N3/4PQP1/PPPP4/R1B1K1R1 b Qkq - 0 14
BB	5.56	0.85	e8d8	e8d7	r1b1kb1r/p1p2pp1/2p5/7p/4Q3/4P1P1/PPPP4/R1B1K1R1 b Qkq - 0 15
BB	3.99	0.96	d7e7	c8a6	r1b4r/p1pk2p1/2pb1p2/5R1p/3Q4/4P1P1/PPPP4/R1B1K3 b Q - 3 18
BB	4.38	1.03	a6b7	a6b5	r6r/p1pk2p1/b1pb1p2/R6p/3Q4/4P1P1/PPPP4/R1B1K3 b Q - 5 19
BB	4.24	2.04	c6c5	d7e7	r6r/p1pk2p1/2pb1p2/Rb5p/P2Q4/4P1P1/1PPP4/R1B1K3 b Q - 0 20
WB	1.20	-3.49	c3a4	c1g5	rnbqkbnr/p2p1ppp/2p1p3/8/1p1PP3/2N2N2/PPP2PPP/R1BQKB1R w KQkq - 0 5
WB	-2.39	-0.62	f1d3	a1b1	r1bqkbnr/p2n2pp/2p1p3/3pP3/8/2P1BN2/P1P2PPP/R2QKB1R w KQkq - 1 10
WB	-2.08	-0.89	f1e2	b1b3	r1b1kbnr/p2n2pp/2p1p3/q2pP3/8/2P1BN2/P1P2PPP/1R1QKB1R w Kkq - 3 11
WB	-2.53	-0.53	f1d3	e3c5	r1b1kbnr/p5pp/2p1p3/q1npP3/8/1RP1BN2/P1P2PPP/3QKB1R w Kkq - 5 12
WB	-2.85	-0.94	f3g5	d1b1	r1b1k1nr/p5pp/2p1p3/q1bpP3/8/1RP2N2/P1P2PPP/3QKB1R w Kkq - 0 13
WB	-3.63	-0.94	f1d3	h2h4	r1b1k2r/p5pp/2p1p2n/q1bpP3/8/1RP2N2/P1P2PPP/1Q2KB1R w Kkq - 2 14
WB	-4.53	-0.58	f1d3	e1d2	r1b1k2r/p5pp/2p1p3/q1bpP3/6nP/1RP2N2/P1P2PP1/1Q2KB1R w Kkq - 1 15
WB	-4.96	-1.76	f1d3	h1g1	r1b1k2r/p5pp/2p1p3/q1bpP3/7P/1RP2N2/P1PK1nP1/1Q3B1R w kq - 0 16
WB	-6.56	-993.40	d2c1	d2d3	r1b1k2r/p5pp/2p1p3/q1bpP3/4n2P/1RP2N2/P1PK2P1/1Q3BR1 w kq - 2 17
WB	0.68	-1.59	f3g5	b2b3	r1bq1rk1/pppp1ppp/2nb1n2/3Np3/2P5/4PN2/PPQP1PPP/R1B1KB1R w KQ - 5 7
WB	-1.01	-1.11	e4b1	e4c4	r1bq1rk1/pppp2pp/3b4/3Ppp2/1n2Q3/1P2PN2/P2P1PPP/R1B1KB1R w KQ - 0 10
WB	-1.86	-1.32	c4c3	c4b5	r1bq1rk1/p1pp2pp/3b4/1p1Ppp2/1nQ5/1P2PN2/P2P1PPP/R1B1KB1R w KQ - 0 11
WB	-3.13	-1.80	h1f1	d1c2	r2q1rk1/p1pp2pp/3b4/Q2Ppp2/8/1P2PN2/P1nP1PPP/R1BK1b1R w - - 0 14
WB	-5.26	-1.15	a5b5	e3e4	r4rk1/p1pp2pp/3b4/Q2Ppp2/8/1PB1Pb1P/P1KP3q/R5R1 w - - 1 19
WB	-5.79	-0.76	g1e1	a5b5	r4rk1/p1pp2pp/3b4/Q2Pp3/4p3/1PB2b1P/P1KP3q/R5R1 w - - 0 20
WB	-5.57	-1.24	a1e1	a2a4	r4rk1/p1pp2pp/3b4/1Q1Pp3/4p3/1PB2b1q/P1KP4/R5R1 w - - 0 21
WB	0.29	-0.65	d2d4	d1a4	rnbqk1nr/ppp2pbp/4p1p1/3p4/2P5/N4NP1/PP1PPP1P/R1BQKB1R w KQkq - 2 5
WB	-0.26	-1.70	a4b3	a3b5	rn1qk1nr/pppb1pbp/4p1p1/3p4/Q1P5/N4NP1/PP1PPP1P/R1B1KB1R w KQkq - 4 6
WB	-0.93	-2.07	a4c2	h1g1	rn1qk2r/pppbnpbp/4p1p1/1N1p4/Q1P5/5NP1/PP1PPP1P/R1B1KB1R w KQkq - 6 7
WB	-2.38	-0.68	a4c2	d2d4	rn1q1rk1/pppbnpbp/4p1p1/1N1p4/Q1P5/5NP1/PP1PPP1P/R1B1KBR1 w Q - 8 8
WB	-2.86	-2.07	a4a3	c1d2	rn1q1rk1/1ppbnpbp/p3p1p1/1N1p4/Q1PP4/5NP1/PP2PP1P/R1B1KBR1 w Q - 0 9
WB	-3.41	-1.46	a4a3	a1c1	rn1q1rk1/1pp1npbp/p1b1p1p1/1N1p4/Q1PP4/5NP1/PP1BPP1P/R3KBR1 w Q - 2 10
WB	-4.22	-1.71	a4b4	a4b3	r2q1rk1/1ppnnpbp/p1b1p1p1/1N1p4/Q1PP4/5NP1/PP1BPP1P/2R1KBR1 w - - 4 11
WB	-2.12	-0.53	c4b5	c4b5	r2q1rk1/1ppnnpbp/2b1p1p1/1p1p4/2PP4/1Q3NP1/PP1BPP1P/2R1KBR1 w - - 0 12
WB	-1.09	-0.58	e2e3	b5c6	r2q1rk1/1ppn1pbp/2b1p1p1/1P1p1n2/3P4/1Q3NP1/PP1BPP1P/2R1KBR1 w - - 1 13
WB	-1.38	-1.98	e2e3	d2g5	r2q1rk1/2pn1pbp/2p1p1p1/3p1n2/3P4/1Q3NP1/PP1BPP1P/2R1KBR1 w - - 0 14
WB	-2.33	-0.53	h2h4	g5f6	r2q1rk1/2pn1p1p/2p1pbp1/3p1nB1/3P4/1Q3NP1/PP2PP1P/2R1KBR1 w - - 2 15
WB	-2.80	-1.39	b3c3	c1c6	r4rk1/2pn1p1p/2p1pqp1/3p1n2/3P4/1Q3NP1/PP2PP1P/2R1KBR1 w - - 0 16
WB	-3.24	-0.63	e2e3	c6c7	r4rk1/2pn1p1p/2R1p1p1/3p4/3q4/1Q4P1/PP2PP1P/4KBR1 w - - 0 18
WB	-1.42	-998.56	e2e3	c7d7	r1r3k1/2Rn1p1p/4p1p1/3p4/3q4/1Q4P1/PP2PP1P/4KBR1 w - - 1 19
BB	0.13	0.95	d5c3	e7e6	r1bqkb1r/1p1ppppp/p7/2pnP3/8/2N2N2/PPPP1PPP/R1BQ1RK1 b kq - 1 8
BB	1.07	1.53	d8e7	e8e7	r1bqk2r/1p2Bppp/p2p4/2ppP3/3P4/5N2/PPP2PPP/R2Q1RK1 b kq - 0 12
BB	1.75	2.90	c8e6	c8d7	r1bq3r/1p2kppp/p2p4/2ppP3/3P4/5N2/PPPQ1PPP/R4RK1 b - - 1 13
BB	2.66	0.86	d6c5	d6e5	r2q3r/1p1bkppp/p2p4/2PpP3/8/5N2/PPPQ1PPP/R4RK1 b - - 0 14
BB	2.37	5.68	f7f6	d8a5	r2q3r/1p1bkppp/p7/2PQp3/8/5N2/PPP2PPP/R4RK1 b - - 0 15
BB	5.67	0.84	e7e8	e7e8	r6r/1p1bkppp/p2Q4/q1P1p3/8/5N2/PPP2PPP/R4RK1 b - - 2 16
BB	5.80	1.79	f8g8	f8e8	r4k1r/1p1b1ppp/p2Q4/q1P5/8/5N2/PPP2PPP/R4RK1 b - - 2 18
BB	6.00	1.65	f8g8	f8e8	r4k1r/1p1b1ppp/p2Q4/q1P5/8/5N2/PPP2PPP/R4RK1 b - - 6 20
WB	1.98	-0.79	d2d4	d1a4	r1bqk2r/ppp2p1p/2np1n2/2b1p1p1/2P5/2N1P1P1/PP1PNPBP/R1BQK2R w KQkq - 0 7
WB	1.27	-1.92	a4c2	d2d4	r2qk2r/pppb1p1p/2np1n2/2b1p1p1/Q1P5/2N1P1P1/PP1PNPBP/R1B1K2R w KQkq - 2 8
WB	1.27	-4.75	e1g1	g2c6	r2qk2r/pppb1p1p/2np1n2/6p1/Q1Pb4/2N3P1/PP2NPBP/R1B1K2R w KQkq - 0 10
WB	-3.56	-0.65	e2c3	b2c3	r2qk2r/pppb1p1p/2Bp1n2/6p1/Q1P5/2b3P1/PP2NP1P/R1B1K2R w KQkq - 0 11
WB	3.80	-3.12	c6d7	c6b5	r2q1rk1/pppb1p1p/2Bp1n2/6p1/Q1P5/2P3P1/P3NP1P/R1B1K2R w KQ - 1 12
WB	5.68	-5.68	a4h4	g5f6	r2q1rk1/1p1b1p1p/p2p1n2/1P4B1/Q7/2P3P1/P3NP1P/R3K2R w KQ - 0 15
WB	0.00	-5.23	a4f4	a4e4	r4rk1/1p1b1p1p/p2p1q2/1P6/Q7/2P3P1/P3NP1P/R3K2R w KQ - 0 16
WB	-0.14	-3.97	e4f4	e4b7	r4rk1/1p1b1p1p/3p1q2/1p6/4Q3/2P3P1/P3NP1P/R3K2R w KQ - 0 17
WB	0.62	-5.00	e1g1	a2a3	r4rk1/1Q1b1p1p/3pq3/1p6/8/2P3P1/P3NP1P/R3K2R w KQ - 1 18
WB	-2.72	-0.55	b7f3	b7f3	1r3rk1/1Q1b1p1p/3pq3/1p6/8/P1P3P1/4NP1P/R3K2R w KQ - 1 19
WB	1.26	-1.46	d1a4	a2a3	rnbqk2r/ppp2pp1/4pn1p/8/1b1PP3/2N1BN2/PP3PPP/R2QKB1R w KQkq - 2 8
WB	0.93	-1.21	f3d2	d1d4	rnb1k2r/pp3pp1/4pn1p/q1P5/4P3/P1P1BN2/5PPP/R2QKB1R w KQkq - 1 11
WB	0.17	-1.41	d4b4	h2h4	rnb2rk1/pp3pp1/4pn1p/q1P5/3QP3/P1P1BN2/5PPP/R3KB1R w KQ - 3 12
WB	-0.36	-4.93	d4b4	d4e5	rnbr2k1/pp3pp1/4pn1p/q1P5/3QP2P/P1P1BN2/5PP1/R3KB1R w KQ - 1 13
WB	7.30	-3.30	f3g5	d8c8	rnbQ4/p4ppk/1pP1pn1p/q7/4P2P/P1P1BN2/5PP1/R3KB1R w KQ - 1 17
WB	3.94	-0.98	f2f3	e2e1	rnQ5/p4ppk/1pP1pn1p/8/4P2P/q3B3/3NKPP1/5B1R w - - 0 20
WB	3.74	-6.33	c6c7	c8c7	rnQ5/p4ppk/1pP1pn1p/8/4P2P/2q1B3/3N1PP1/4KB1R w - - 2 21
BB	0.10	1.09	b5d4	d8e7	1r1q1rk1/5ppp/p3n3/1np1P3/QbN5/4BN2/1P3PPP/R2R2K1 b - - 5 18
BB	1.10	2.59	b5d6	e6d4	1r1r2k1/4qppp/Q2Nn3/1np1P3/1b6/4BN2/1P3PPP/R2R2K1 b - - 2 20
BB	-0.40	0.78	a7a6	h7h5	r1bqkb1r/pp1p1ppp/2n1pn2/2p5/2B1P3/2N2N2/PPPPQPPP/R1B1K2R b KQkq - 5 5
BB	-0.44	2.73	a7a6	h8h6	r1bqkb1r/pp1p1pp1/2n1p3/1Np1P2p/2B3n1/5N2/PPPPQPPP/R1B1K2R b KQkq - 2 7
BB	1.95	2.91	g4f6	c6d4	r1bqk3/1p1p1pp1/p1nPp2r/2p4p/2B3n1/5N1P/PPPPQPP1/R1B1K2R b KQq - 0 10
BB	4.80	1.89	g4f2	d8g5	r1bqk3/1p1p1pp1/p2Pp2r/2p4p/2BN2n1/7P/PPPPQPP1/R1B1K2R b KQq - 0 11
BB	5.39	0.54	e5e2	e5e2	r1b1k3/1p1p1pp1/p2Pp2r/2p1q2p/2B3n1/1N1P3P/PPP1QPP1/R1B1K2R b KQq - 2 13
BB	5.61	1.14	g4f2	b7b5	r1b1k3/1p1p1pp1/p2Pp2r/2p4p/2B3n1/1N1P3P/PPP1KPP1/R1B4R b q - 0 14
BB	6.77	0.96	h6h8	b5c4	r1b1k3/3p1pp1/p2Pp2r/1pp4p/2B3P1/1N1P4/PPP1KPP1/R1B4R b q - 0 15
BB	8.52	991.47	e8f8	c8b7	r1b1k3/3p1p2/p2Pp2R/2p5/2P3p1/1N6/PPP1KPP1/R7 b q - 0 18
WB	1.19	-0.71	f4e3	f4g5	r1bqk2r/pp1p1ppp/2n2n2/1Nb1p3/4PB2/2N5/PPP2PPP/R2QKB1R w KQkq - 0 8
WB	1.06	-1.87	e3c5	a2a4	r1bqk2r/pp3pp1/2np1n1p/1Nb1p3/4P3/2N1B3/PPP2PPP/R2QKB1R w KQkq - 0 10
WB	0.83	-1.49	f2e3	e2g4	r2qk2r/pp3pp1/2np1n1p/1N2p3/P3P1b1/2N1b3/1PP1BPPP/R2QK2R w KQkq - 0 12
WB	4.25	-0.71	e1d1	e1f2	r2qk2r/pp3pQ1/2np4/1N2p2p/P3P3/2N5/1PP2bPP/R3K2R w KQkq - 0 15
WB	4.38	-1.34	c3d5	g7f7	2kr3r/pp3pQ1/1qnp4/1N2p2p/P3P3/2N5/1PP1K1PP/R6R w - - 3 17
WB	4.56	-1.90	b5d4	e2d3	2kr3r/pp3Q2/1q1p4/1N2p2p/P2nP3/2N5/1PP1K1PP/R6R w - - 1 18
WB	7.23	-2.78	b2b4	h1f1	2kr3r/pp3Q2/3p4/1Nq1p2p/P2nP3/2NK4/1PP3PP/R6R w - - 3 19
WB	0.28	-3.83	e3e4	d2b3	r1bq1rk1/p2n1ppp/1p1bpn2/2pp4/3P4/2PBPN2/PP1N1PPP/R1BQR1K1 w - - 0 9
WB	-3.32	-0.95	d3c4	d3c2	r1bq1rk1/p2n1ppp/1p1bpn2/3p4/2pP4/1NPBPN2/PP3PPP/R1BQR1K1 w - - 0 10
WB	-3.96	-0.56	f3d2	a1a4	r1b2rk1/p1qn1ppp/1p1bp3/3p4/3Pn3/1PP1PN2/1PB1QPPP/R1B1R1K1 w - - 3 13
WB	-3.92	-1.55	f3e5	h2h4	r1b2rk1/p1q3pp/1p1bpn2/3p1p2/R2Pn3/1PP1PN2/1PB1QPPP/2BR2K1 w - - 2 15
BB	0.24	0.74	f8e7	a7a5	r2qkb1r/pb3p2/2p1pn2/1p4B1/2pP4/2N5/PP2BPPP/R2Q1RK1 b kq - 1 13
BB	0.65	4.18	f8h6	h8h7	r2qkb1r/1b3p2/2p1pn2/1p4B1/p1pP2B1/2N5/PP3PPP/R2QR1K1 b kq - 1 15
BB	1.32	3.87	f8e7	f6g4	r2qkb2/1b3p1r/2p1pn2/1p4B1/p1pPN1B1/8/PP3PPP/R2QR1K1 b q - 3 16
BB	-2.13	6.69	f8e7	d8c7	r2qkb2/1b3p1r/2p1p3/1p4B1/p1pPN3/7P/PP3KP1/R2QR3 b q - 0 18
BB	4.44	2.21	e8d8	e8e7	r3kb2/1bq2p1r/2p1pN2/1p4B1/p1pP4/7P/PP3KP1/R2QR3 b q - 2 19
BB	6.83	1.62	e7d7	e7e8	r4b2/1bq1kp1N/2p1p3/1p4B1/p1pP4/7P/PP3KP1/R2QR3 b - - 0 20
BB	-0.89	0.55	f8c5	c7c6	rnbqkb1r/p1p2ppp/5n2/1p1Pp1B1/2p1P3/2N5/PP3PPP/R2QKBNR b KQkq - 1 6
BB	-1.90	5.19	b5b4	c8g4	rnbqkb1r/p4ppp/2p2n2/1p1Pp1B1/P1p1P3/2N5/1P3PPP/R2QKBNR b KQkq - 0 7
BB	3.08	0.57	d8c8	g4d1	rn1qkb1r/p4ppp/2p2B2/1p1Pp3/P1p1P1b1/2N5/1P3PPP/R2QKBNR b KQkq - 0 8
BB	1.74	2.31	f8b4	a7a5	rn1k1b1r/p4ppp/2p5/1p1Pp3/2p1P3/2N5/1P3PPP/R3KBNR b KQ - 1 11
BB	2.48	1.36	f7f6	b4c5	r6r/3n1ppp/2k5/pN2p3/1b2P3/5N2/1K3PPP/3R1B1R b - - 2 18
BB	0.60	2.72	h7h6	b8c6	rn1qkb1r/p1p2ppp/bp2pn2/4P1B1/2pP4/P1N5/1P3PPP/R2QKBNR b KQkq - 0 7
BB	3.11	2.24	g7f6	c6d4	r2qkb1r/p1p2ppp/bpn1pP2/6B1/2pP4/P1N5/1P3PPP/R2QKBNR b KQkq - 0 8
BB	5.26	2.95	f8g7	d4f3	r2qkb1r/p1p2pPp/bp2p3/6B1/2pn4/P1N5/1P3PPP/R2QKBNR b KQkq - 0 9
BB	5.04	0.68	f8g7	f8g7	r4k1r/p1pN1p1p/bp2p3/6B1/2p5/P4N2/1b3PPP/3RKB1R b K - 3 14
BB	4.60	1.86	b2c3	b2a3	r6r/p1pN1pkp/bp2p3/6B1/2p5/P4N2/1b3PPP/1R2KB1R b K - 5 15
BB	6.20	3.18	g7g8	g7g6	r6r/p1pN1pkp/bp2pB2/8/2p5/b4N2/5PPP/1R2KB1R b K - 1 16
BB	7.41	992.52	g6h6	g6h5	r6r/p1pN1p1p/bp2pBk1/8/2p4N/b7/5PPP/1R2KB1R b K - 3 17
WB	1.74	-0.92	f1c4	g5e3	r1bq1rk1/ppp1b1p1/2np1n1p/6B1/4P2P/2N2N2/PPP2PP1/R2QKB1R w KQ - 0 9
WB	1.70	-1.29	f3g5	a2a4	r2q1rk1/ppp1b1p1/2npbn1p/8/4P2P/2N1BN2/PPP2PP1/R2QKB1R w KQ - 2 10
WB	0.25	-1.33	d1d2	f3d4	r2q1rk1/ppp1b1p1/2npb2p/8/P3P1nP/2N1BN2/1PP2PP1/R2QKB1R w KQ - 1 11
WB	-1.07	-4.22	d4e6	f2e3	r2q1rk1/ppp1b1p1/2npb2p/8/P2NP2P/2N1n3/1PP2PP1/R2QKB1R w KQ - 0 12
WB	-4.14	-1.11	g2g3	e1d2	r2q1rk1/ppp3p1/2npb2p/8/P2NP2b/2N1P3/1PP3P1/R2QKB1R w KQ - 0 13
WB	-5.02	-994.89	d2c1	e3d4	r2q1rk1/ppp3p1/3pb2p/8/P2nP2b/2N1P3/1PPK2P1/R2Q1B1R w - - 0 14
WB	-1.64	-998.28	d2c1	d2d3	r4rk1/ppp3p1/3pb2p/8/P2PP2b/2N5/1PPK1qP1/R2Q1B1R w - - 5 17
WB	-2.30	-997.69	d4d5	d1h5	r4rk1/ppp3p1/3pb2p/6b1/P2PP3/2NK4/1PP2qP1/R2Q1B1R w - - 7 18
WB	0.24	-0.62	c1f4	b1a3	rnbqkb1r/pp3ppp/2p1pn2/3p4/3P4/1QP2N2/PP2PPPP/RNB1KB1R w KQkq - 0 5
WB	0.30	-0.55	c1f4	g2g3	rnb2rk1/pp2bpp1/2p1pn1p/3p3P/3P3R/NPP2N2/1P2PPP1/R1B1KB2 w Q - 2 10
BB	-0.01	0.59	g8e7	h7h5	r1bqkbnr/pp3ppp/2n1p3/4P3/3p4/3B1N2/PP1PQPPP/RNB1K2R b KQkq - 3 7
BB	-0.62	2.56	d8c7	h8h6	r2qkbnr/pp1b1pp1/2n1p3/4P2p/3pB2P/5N2/PP1PQPP1/RNB1K2R b KQkq - 2 9
BB	-1.56	2.65	c6b4	a7a5	r2qkbn1/pp1b1pp1/2n1p2r/4P2p/3p3P/3B1N2/PP1PQPP1/RNB1K2R b KQq - 4 10
BB	0.22	0.56	c6b4	a5a4	r2qkbn1/1p1b1pp1/2n1p2r/p3P2p/3p3P/3B1N2/PP1PQPP1/RNB2RK1 b q - 1 11
BB	-1.24	0.92	g8e7	f8c5	3qkbn1/1p1b1pp1/2n1p2r/r3P2p/3p3P/Pp1B1N2/1B1PQPP1/RN3RK1 b - - 1 14
BB	-0.40	0.75	g8e7	e8f8	3qk1n1/1p1b1pp1/2n1p2r/r1b1P2p/3p3P/Pp1B1N2/1B1PQPP1/RNR3K1 b - - 3 15
BB	-0.97	0.54	c5b6	c5e7	3q1kn1/1p1b1pp1/2n1p2r/r1b1P1Np/3p3P/Pp1B4/1B1PQPP1/RNR3K1 b - - 5 16
BB	-0.80	1.33	a5c5	d7e8	3q1kn1/1p1bbpp1/2n1p2r/r3P1Np/3p1P1P/Pp1B4/1B1PQ1P1/RNR3K1 b - - 0 17
BB	-0.74	2.19	a5c5	d8b6	3qbkn1/1p2bpp1/2n1p2r/r3P1Np/3pQP1P/Pp1B4/1B1P2P1/RNR3K1 b - - 2 18
BB	-0.61	0.84	f7f5	a5d5	4bkn1/1p2bpp1/1qn1p2r/r3P1Np/2RpQP1P/Pp1B4/1B1P2P1/RN4K1 b - - 4 19
BB	-0.68	2.05	d5c5	d5a5	4bkn1/1p2bpp1/1qn1p2r/3rP1Np/3pQP1P/Pp1B4/1B1P2P1/RNR3K1 b - - 6 20
BB	-0.55	0.86	f8g7	h7h5	r1b1kb1r/pp2pp1p/2n5/2pq2p1/Q7/4PN1P/PP1P1PP1/R1B1KB1R b KQkq - 0 8
BB	-0.50	4.18	c8d7	h8h6	r1b1kb1r/pp2pp2/2n5/2p2qpp/Q1BP4/4PN1P/PP3PP1/R1B1K2R b KQkq - 0 10
BB	0.47	3.36	c8d7	a7a5	r1b1kb2/pp2pp2/2n4r/2p2qpp/Q1BP4/4PN1P/PP1B1PP1/R3K2R b KQq - 2 11
BB	0.91	1.72	f8g7	h6f6	r1b1kb2/1p2pp2/2n4r/p1p1Nqpp/Q1BP4/4P2P/PP1B1PP1/R3K2R b KQq - 1 12
BB	2.43	2.86	c8d7	f5e4	r1b1kb2/1p2pp2/2n2r2/p1p1Nqpp/Q1BP4/4P2P/PP1B1PP1/R4RK1 b q - 3 13
BB	5.25	0.92	e4h7	e4h4	r1b1kb2/1p2pp2/2n2r2/p1p1N1pp/Q1BPq3/4PP1P/PP1B2P1/R4RK1 b q - 0 14
BB	5.86	1.36	b7b5	h4g3	r1b1kb2/1p2pp2/2n2r2/p1pPN1pp/Q1B4q/4PP1P/PP1B2P1/R4RK1 b q - 0 15
BB	7.03	992.94	b7b5	b7b6	r1b1kb2/1p2pp2/2P2r2/p1p1N1pp/Q1B5/4PPqP/PP1B2P1/R4RK1 b q - 0 16
BB	0.02	0.85	d5c4	b8c6	rnbqkb1r/1p3ppp/p3pn2/2pp4/2PP4/P1N1PN2/1PQ2PPP/R1B1KB1R b KQkq - 0 7
BB	0.32	0.92	e6d5	f6d5	r1bqkb1r/1p3ppp/p1n1pn2/2pP4/3P4/P1N1PN2/1PQ2PPP/R1B1KB1R b KQkq - 0 8
BB	0.31	1.90	c5d4	h7h5	r1bqkb1r/1p3ppp/p1n1p3/2pn4/3P4/P1N1PN2/1PQB1PPP/R3KB1R b KQkq - 1 9
BB	0.44	1.78	c5d4	c8d7	r1bqkb1r/1p3pp1/p1n1p3/2pn3p/3P4/P1N1PN2/1PQB1PPP/2KR1B1R b kq - 1 10
BB	0.27	3.11	a8c8	d4e3	r2qkb1r/1p1b1pp1/p1n1p3/7p/1N1p4/P3PN2/1PQB1PPP/2KR1B1R b kq - 1 12
BB	2.76	1.74	c6b4	h8h6	r2qkb1r/1p1b1pp1/p1n1p3/7p/1N6/P3PN2/1PQB2PP/2KR1B1R b kq - 0 13
BB	2.81	2.31	f8b4	h6g6	r2qkb2/1p1b1pp1/p1n1p2r/7p/1N6/P3PN2/1PQBB1PP/2KR3R b q - 2 14
BB	5.45	4.04	d8c8	b7c6	r2qkb2/1p3pp1/p1N1p3/7p/8/P3P3/1PQBB1rP/2KR3R b q - 0 17
BB	9.76	0.55	d8d7	d8d7	r2qkb2/5pp1/p1Q1p3/7p/8/P3P3/1P1BB1rP/2KR3R b q - 0 18
BB	9.89	0.61	d7d8	d7d8	Q3kb2/3q1pp1/p3p3/7p/8/P3P3/1P1BB1rP/2KR3R b - - 0 19
BB	10.21	0.59	d8c7	d8c8	3qkb2/5pp1/p3p3/7p/8/P3P3/1P1BB1QP/2KR3R b - - 0 20
BB	-3.29	1.10	h7h5	g8f6	r1bqkbnr/ppp2ppp/2n5/3pp3/6P1/3P1N1B/PPP1PP1P/RNBQK2R b KQkq - 2 4
BB	-2.81	5.32	h7h5	c8g4	r1bqkb1r/ppp2ppp/2n2n2/3pp1B1/6P1/3P1N1B/PPP1PP1P/RN1QK2R b KQkq - 4 5
BB	-2.68	0.73	h7h6	h7h5	r2qkb1r/ppp2ppp/2n2n2/3pp1B1/6b1/3P1N2/PPP1PPBP/RN1QK2R b KQkq - 1 6
BB	-3.41	1.85	f8b4	a7a5	r2qkb1r/ppp2pp1/2n2n2/4p1Bp/6b1/3p1N2/PP1NPPBP/2RQK2R b Kkq - 1 9
BB	-2.91	2.00	f8b4	a8a6	r2qkb1r/1pp2pp1/2n2n2/p3p1Bp/Q5b1/3p1N2/PP1NPPBP/2R1K2R b Kkq - 1 10
BB	-0.96	1.54	f8b4	g4d7	3qkb1r/1pp2pp1/r1n2n2/p3N1Bp/Q5b1/3p4/PP1NPPBP/2R1K2R b Kk - 0 11
BB	-0.49	0.96	b7c6	d7c6	3qkb1r/1ppb1pp1/r1N2n2/p5Bp/Q7/3p4/PP1NPPBP/2R1K2R b Kk - 0 12
BB	-1.17	0.64	e5d4	b8c6	rnbqkbnr/ppp2ppp/8/3pp1P1/3P4/8/PPP1PP1P/RNBQKBNR b KQkq - 0 3
BB	-1.53	1.29	e5e4	f8b4	r1bqkbnr/ppp2ppp/2n5/3pp1P1/3P4/5N2/PPP1PP1P/RNBQKB1R b KQkq - 2 4
BB	-1.81	1.93	e5e4	d8d6	r1bqk1nr/ppp2ppp/2n5/3pp1P1/1b1P4/2N2N2/PPP1PP1P/R1BQKB1R b KQkq - 4 5
BB	-2.91	2.71	d5d4	b4c3	r1b1k1nr/ppp2ppp/8/3pq1P1/1b6/2N5/PPP1PPBP/R1BQK2R b KQkq - 1 8
BB	-1.32	1.56	f8e8	e7c6	r1b2rk1/ppp1nppp/3q4/3p2P1/5P2/1R6/P1PBP1BP/3Q1RK1 b - - 2 14
BB	0.18	0.56	f8e8	a7a5	r1b2rk1/ppp2ppp/2nq4/3p1PP1/8/1R6/P1PBP1BP/3Q1RK1 b - - 0 15
BB	-0.57	1.60	g7g6	c8d7	r1b2rk1/1pp2ppp/2nq4/p2p1PP1/8/7R/P1PBP1BP/3Q1RK1 b - - 1 16
BB	-0.60	4.36	d6e5	a5a4	r3r1k1/1ppb1ppp/2nq4/p2p1PP1/5R2/4P2R/P1PB2BP/3Q2K1 b - - 0 18
BB	3.54	0.53	h7h6	h7h6	r3r1k1/1ppb1ppp/2nq4/3p1PPQ/p4R2/4P2R/P1PB2BP/6K1 b - - 1 19
BB	3.53	2.94	e8e5	h6g5	r3r1k1/1ppb1pp1/2nq3p/3p1PPQ/p4R2/4P1R1/P1PB2BP/6K1 b - - 1 20
BB	-3.60	2.84	e5e4	e8g8	r2qk2r/pp3ppp/2n2n2/1Bbpp3/6b1/2N1PN2/PPPB1PPP/R2Q1RK1 b kq - 1 8
BB	-0.89	1.33	g4h5	g4d7	r2q1rk1/pp3ppp/2n2n2/1Bbpp3/6b1/2N1PN1P/PPPB1PP1/R2Q1RK1 b - - 0 9
BB	-1.65	3.35	a7a6	d8a5	r2q1rk1/pp1b1ppp/2n2n2/2bpp3/8/2N1PN1P/PPPBBPP1/R2Q1RK1 b - - 2 10
BB	1.57	1.82	a5d8	a5a4	r4rk1/pp1b1ppp/2n2n2/q1bNp3/8/4PN1P/PPPBBPP1/R2Q1RK1 b - - 0 11
BB	2.14	1.40	c6e7	d7e6	r4rk1/pp1b1p1p/2n2p2/2b1p3/q7/3BPN1P/PPPB1PP1/R2Q1RK1 b - - 1 13
BB	1.40	4.91	a4h4	e6a2	r4rk1/pp3p1p/2n1bp2/2b1p3/q7/3BP2P/PPPB1PP1/R2QNRK1 b - - 3 14
BB	5.12	994.84	a4h4	a4a3	r4rk1/pp3p1p/2n2p2/2b1p3/q7/1P1BP2P/b1PB1PP1/R2QNRK1 b - - 0 15
BB	4.76	995.19	c6e7	g8h8	r4rk1/pp3p1p/2n2p2/2b1p3/4B3/qP2P2P/b1PB1PP1/R2QNRK1 b - - 2 16
WB	0.94	-0.79	f1g2	c1f4	rn1qkb1r/pp3ppp/5n2/2pp4/3P2b1/2N2NP1/PP2PP1P/R1BQKB1R w KQkq - 1 7
WB	0.15	-0.53	f4e3	e2e3	r2qkb1r/pp3ppp/2n2n2/2pp4/3P1Bb1/2N2NP1/PP2PP1P/R2QKB1R w KQkq - 3 8
WB	0.33	-2.21	f1g2	h1g1	r2qk2r/pp2bppp/2n2n2/2pp4/3P1Bb1/2N1PNP1/PP3P1P/R2QKB1R w KQkq - 1 9
WB	-1.22	-2.25	f1e2	a2a4	r2q1rk1/pp2bppp/2n2n2/2pp4/3P1Bb1/2N1PNP1/PP3P1P/R2QKBR1 w Q - 3 10
WB	-2.24	-2.43	f1e2	h2h4	r2q1rk1/1p3ppp/p1n2n2/2bp4/P4Bb1/2N1PNP1/1P3P1P/R2QKBR1 w Q - 0 12
WB	-1.26	-3.08	f1e2	d1d5	r2q1rk1/1p3ppp/p1n5/2bp3n/P4BbP/2N1PNP1/1P3P2/R2QKBR1 w Q - 1 13
WB	1.05	-0.89	d5f3	d5c5	r2q1rk1/1p3ppp/p1n5/2bQ4/P4P1P/2N1Pb2/1P3P2/R3KBR1 w Q - 0 15
WB	0.17	-1.19	f1e2	g1g5	r4rk1/1p3ppp/p1n5/2Q5/P4P1q/2N1Pb2/1P3P2/R3KBR1 w Q - 0 16
WB	0.05	-3.59	g5g3	a4a5	2r2rk1/1p3ppp/p1n5/2Q3R1/P4P1q/2N1Pb2/1P3P2/R3KB2 w Q - 2 17
WB	-3.13	-2.34	a1c1	a1d1	2rr2k1/1p3ppp/p1n5/P1Q3R1/5P1q/2N1Pb2/1P3P2/R3KB2 w Q - 1 18
WB	-2.17	-0.51	c3d1	c3d1	2r3k1/1p3ppp/p1n5/P1Q3R1/5P1q/2N1Pb2/1P3P2/3rKB2 w - - 0 19
BB	-1.80	1.84	e4f6	d8h4	r1bqkb1r/pppp1ppp/2n1p3/2P5/3Pn3/3B4/PP3PPP/RNBQK1NR b KQkq - 1 5
BB	-0.32	3.23	e4f2	e4g3	r1b1kb1r/pppp1ppp/2n1p3/2P5/3Pn2q/3B2P1/PP3P1P/RNBQK1NR b KQkq - 0 6
BB	3.14	3.20	f7f6	a7a5	r1b1kb1r/pppp1ppp/2n1p3/2P4q/3P4/3B1NPP/PP6/RNBQK2R b KQkq - 0 9
BB	3.81	2.48	g7g5	d7d6	r1b1kb1r/1ppp1ppp/2n1p3/p1P4q/3P1B2/3B1NPP/PP6/RN1QK2R b KQkq - 1 10
BB	5.78	0.85	c8e6	h7h6	r1b1k2r/1p3ppp/2n5/p1pp2N1/6P1/3B3P/PP6/R2Q1K1R b kq - 1 17
BB	6.79	1.09	e8d7	e8f8	r1b1k2r/1p3pp1/2n4p/p1pp2N1/6P1/3B3P/PP2Q3/R4K1R b kq - 1 18
BB	5.12	1.00	f8g8	c6e7	r1b2k1r/1p3pp1/2n5/p1Qp2p1/6P1/3B3P/PP6/R4K1R b - - 0 20
BB	-0.03	0.55	c8f5	b8a6	rnbqkb1r/pp2pppp/2p2n2/3p4/3P4/P4NP1/1PP1PP1P/RNBQKB1R b KQkq - 0 4
BB	0.06	0.51	g7g6	d8a5	r1bqkb1r/pp2pppp/n1p2n2/3p2B1/3P4/P4NP1/1PP1PP1P/RN1QKB1R b KQkq - 2 5
BB	0.30	1.54	a5d8	a6b4	r1b1kb1r/pp2pppp/n1p2n2/q2p2B1/1P1P4/P4NP1/2P1PP1P/RN1QKB1R b KQkq - 0 6
BB	1.77	0.67	e7e5	e7e6	r1b1kb1r/pp2pppp/2p2n2/q2p4/1n1P4/P4NP1/2PBPP1P/RN1QKB1R b KQkq - 1 7
BB	2.29	0.53	f6e4	b4c2	r1b1kb1r/pp3ppp/2p1pn2/q2p4/1n1P4/P1B2NP1/2P1PP1P/RN1QKB1R b KQkq - 1 8
BB	2.46	0.64	b7b6	h7h5	r1b1kb1r/ppq2ppp/2p1pn2/3p4/3P4/P1B1PNP1/2Q2P1P/RN2KB1R b KQkq - 0 10
BB	2.86	0.74	b7b6	h8h6	r1b1kb1r/ppq2pp1/2p1pn2/3p3p/3P4/P1B1PNP1/2Q1BP1P/RN2K2R b KQkq - 1 11
BB	2.87	0.82	b7b6	b7b5	r1b1kb2/ppq2pp1/2p1pn1r/3p3p/3P4/P1BBPNP1/2Q2P1P/RN2K2R b KQq - 3 12
BB	1.31	2.42	e5e4	f8e7	1rb1kb2/p1q2pp1/2p4r/1p1pp2p/1B1P2nP/P2BPNP1/2QN1P2/1R2K2R b K - 1 16
BB	2.77	1.24	c6c5	g4e5	1rb1k3/p1q1bpp1/2p4r/1p1pP2p/1B4nP/P2BPNP1/2QN1P2/1R2K2R b K - 0 17
BB	3.87	0.74	e7h4	e8d7	1r2k3/p3bpp1/2p4r/1p1pq2p/1B4bP/PN1BP1P1/2Q2P2/1R3RK1 b - - 3 20
BB	0.22	1.75	f8e8	d8d4	r1bq1rk1/ppp2ppp/2p2n2/4N3/1b2P3/2N5/PPPP1PPP/R1BQ1RK1 b - - 0 7
BB	1.96	2.55	d4d8	d4d6	r1b2rk1/ppp2ppp/2p2n2/8/1b1qP3/2N2N2/PPPP1PPP/R1BQ1RK1 b - - 2 8
BB	4.43	0.62	d6d8	d6c5	r1b2rk1/ppp2ppp/2pq1n2/4P3/1b6/2N2N2/PPPP1PPP/R1BQ1RK1 b - - 0 9
BB	4.68	1.22	f8e8	g7f6	r1b2rk1/ppp2ppp/2p2P2/2q5/1b6/2N2N2/PPPP1PPP/R1BQ1RK1 b - - 0 10
BB	5.42	0.52	c5f5	c5c4	r1b2rk1/ppp2p1p/2p2p2/2q5/1b1P4/2N2N2/PPP2PPP/R1BQ1RK1 b - - 0 11
BB	5.58	1.40	e6d5	f8h8	r4r2/ppp2pkp/2p1bp2/8/1q1PN3/5N2/PPP2PPP/R1Q2RK1 b - - 1 15
BB	6.61	993.38	h8g8	g7f6	r6r/ppp2pkp/2p1bN2/8/1q1P4/5N2/PPP2PPP/R1Q2RK1 b - - 0 16
WB	0.38	-0.51	g1f3	f1g2	rnbqkbnr/ppp1pppp/8/3p4/8/6P1/PPPPPP1P/RNBQKBNR w KQkq - 0 2
WB	0.18	-0.96	b3a5	e1c3	r2qr2k/pp1n1ppp/2pb1n2/3pp2b/4P2N/1N1P2PP/PPP2PB1/R1B1QRK1 w - - 7 12
WB	-0.71	-4.57	c3e1	c1e3	r2qr2k/1p1n1ppp/2pb1n2/p2pp2b/4P2N/1NQP2PP/PPP2PB1/R1B2RK1 w - - 0 13
WB	-5.04	-2.19	c3b4	h4g6	r2qr2k/1p1n1ppp/2p2n2/p2pp2b/1b2P2N/1NQPB1PP/PPP2PB1/R4RK1 w - - 2 14
WB	-7.06	-2.09	e4d5	e3b6	r2qr2k/1p1n1ppp/2p2nb1/p2pp3/1b2P3/1NQPB1PP/PPP2PB1/R4RK1 w - - 0 15
WB	-8.76	-1.10	b3d2	g2d5	r3r2k/1p1n1ppp/1q3nb1/p2pp3/1b6/1NQP2PP/PPP2PB1/R4RK1 w - - 0 17
WB	-9.68	-1.19	d3e4	d3d4	r3r2k/1p1n1ppp/1q4b1/p7/1nP1p3/1N1P2PP/P1P2P2/R1R3K1 w - - 0 21
WB	0.33	-0.64	f2f3	c1e3	r1bqr1k1/ppppbppp/2n2n2/8/2PNP3/P1N5/1P3PPP/R1BQKB1R w KQ - 1 8
WB	0.00	-1.96	e4c3	c4d5	r1bqr1k1/ppp1bppp/8/3p4/2PBN3/P7/1P3PPP/R2QKB1R w KQ - 0 11
WB	-1.90	-1.38	d4e3	d1d3	r3r1k1/ppp1bppp/8/3q1b2/3BN3/P4P2/1P4PP/R2QKB1R w KQ - 1 13
WB	-3.19	-5.49	f3e4	d3e3	r3r1k1/ppp2ppp/8/3q4/3Bb2b/P2Q1PP1/1P5P/R3KB1R w KQ - 0 15
WB	-8.86	-991.05	e1f2	d4a7	r3r1k1/ppp2ppp/8/3q4/3B3b/P3QbP1/1P5P/R3KB1R w KQ - 0 16
BB	0.07	0.59	a7a6	e8g8	r2qk2r/pp1bbppp/2np1n2/1B2p1B1/4P3/2N2N2/PP2QPPP/R2R2K1 b kq - 3 11
BB	0.89	1.15	g8h8	d8b6	r2q1rk1/pp1bbp1p/2np1p2/1B2p3/4P2N/2N5/PP2QPPP/R2R2K1 b - - 1 13
BB	2.27	3.76	b6d8	b6c5	r4rk1/pp1bbp1p/1qnp1p2/1B1Np3/4P2N/8/PP2QPPP/R2R2K1 b - - 3 14
BB	6.15	0.78	b7c6	d7c6	r4rk1/pp1bbp1p/2Bp1p2/2qNp3/4P2N/8/PP2QPPP/R2R2K1 b - - 0 15
BB	7.24	992.69	g8h8	g8g7	r4rk1/pp2Np1p/2bp1p2/2q1p3/4P2N/8/PP2QPPP/R2R2K1 b - - 0 16
BB	0.24	0.66	f8g7	d7b6	r1b1kb1r/pp1n1p2/2p1pqpp/8/2BP4/2N1PN2/PP2QPPP/R3K2R b KQkq - 1 10
BB	0.82	0.56	f8g7	b6c4	r1b1kb1r/pp3p2/1np1pqpp/4N3/2BP4/2N1P3/PP2QPPP/R3K2R b KQkq - 3 11
BB	1.23	0.92	f6d8	a7a5	r1b1kb1r/pp3p2/2p1pqpp/4N3/2QP4/2N1P3/PP3PPP/R3K2R b KQkq - 0 12
BB	1.55	0.76	f6d8	h6h5	r1b1kb1r/1p3p2/2p1pqpp/p3N3/2QP3P/2N1P3/PP3PP1/R3K2R b KQkq - 0 13
BB	1.64	0.97	f6d8	a8a6	r1b1kb1r/1p3p2/2p1pqp1/p3N2p/2QP3P/P1N1P3/1P3PP1/R3K2R b KQkq - 0 14
BB	2.47	1.12	f6g7	f6d8	2b1kb1r/1p3p2/r1p1pqp1/p3N2p/2QPN2P/P3P3/1P3PP1/R3K2R b KQk - 2 15
BB	3.55	1.00	d8d5	b7b5	2bqkb1r/1p3p2/r1p1p1p1/p3N1Np/2QP3P/P3P3/1P3PP1/R3K2R b KQk - 4 16
BB	4.54	0.54	d8d5	d8d5	2bqkb1r/5p2/r1p1p1p1/pp2N1Np/3P3P/P3P3/1P2QPP1/R3K2R b KQk - 1 17
BB	4.68	0.94	d5g2	h8g8	2b1kb1r/5N2/r1p1p1p1/pp1qN2p/3P3P/P3P3/1P2QPP1/R3K2R b KQk - 0 18
BB	5.59	1.47	d5b3	d5d4	2b1kbr1/5N2/r1p1p1p1/pp1qN2p/3PP2P/P7/1P2QPP1/R3K2R b KQ - 0 19
BB	6.95	2.84	d4b6	d4c5	2b1kbr1/5N2/r1p1p1p1/pp2N2p/3qP2P/P7/1P2QPP1/3RK2R b K - 1 20
BB	-1.28	1.53	c6c5	h7h5	3rkb1r/pp3ppp/nqp5/5pN1/3PpB2/4P3/PPP2PPP/1R1QK2R b Kk - 1 12
BB	-0.09	3.69	f7f6	h8h6	3rkb1r/pp3pp1/nqp5/5pNp/3PpB2/4P3/PPP2PPP/1R1Q1RK1 b k - 1 13
BB	1.79	1.39	c6c5	h5h4	3rkb2/pp3pp1/nqp4r/5pNp/3PpB2/2P1P3/PP3PPP/1R1Q1RK1 b - - 0 14
BB	2.14	1.16	h6h8	h6e6	3rkb2/pp3pp1/nqp4r/5p2/3PpB1p/2P1P2N/PP3PPP/1R1Q1RK1 b - - 1 15
BB	2.26	1.08	h6h8	h6e6	3rkb2/pp3pp1/nqp4r/5p2/3PpB1p/2P1P2N/PP3PPP/1R1Q1RK1 b - - 5 17
BB	-0.29	0.90	c6a5	c6d4	r1bqk2r/p2p1ppp/1pn1pn2/2p5/1bPP1B2/PQN2N2/1P2PPPP/R3KB1R b KQkq - 0 7
BB	0.60	4.32	c5d4	f6d5	r1bqk2r/p2p1ppp/1p2pn2/2p5/1bPN1B2/PQN5/1P2PPPP/R3KB1R b KQkq - 0 8
BB	4.75	1.19	b4c3	d8f6	r1bqk2r/p2p1ppp/1p2p3/2pP4/1b1N1B2/PQN5/1P2PPPP/R3KB1R b KQkq - 0 9
BB	5.80	1.30	f6f4	b4c3	r1b1k2r/p2p1ppp/1p2pq2/1NpP4/1b3B2/PQN5/1P2PPPP/R3KB1R b KQkq - 2 10
BB	7.04	0.68	f6c3	f6f4	r1b1k2r/p2p1ppp/1p2pq2/1NpP4/5B2/P1Q5/1P2PPPP/R3KB1R b KQkq - 0 11
BB	5.36	0.65	f4f6	f4g4	r1b1k2r/p2p1ppp/1p2p3/1NpP4/5q2/P1Q1P3/1P3PPP/R3KB1R b KQkq - 0 12
BB	5.81	0.58	e8d8	e8e7	r1b1k2r/p1Np1ppp/1p2p3/2pP4/6q1/P1Q1P3/1P3PPP/R3KB1R b KQkq - 2 13
BB	5.45	0.60	e7d6	e7d6	r1b4r/p1Npkppp/1p1Pp3/2p5/6q1/P1Q1P3/1P3PPP/R3KB1R b KQ - 0 14
BB	5.69	0.73	g4f5	g4g5	N6r/pb1p1ppp/1p1kp3/2p5/6q1/P1Q1P2P/1P3PP1/R3KB1R b KQ - 0 16
BB	5.40	0.51	g5d8	g5g4	N6r/pb1p1ppp/1p1kp3/2p3q1/7P/P1Q1P3/1P3PP1/R3KB1R b KQ - 0 17
BB	4.18	1.93	g4g3	b7f3	N6r/pb1p1ppp/1p1kp3/2p5/6qP/P1Q1PP2/1P4P1/R3KB1R b KQ - 0 18
BB	5.99	0.80	g4g3	g4f3	N6r/p2p1ppp/1p1kp3/2p5/6qP/P1Q1PP2/1P6/R3KB1R b KQ - 0 19
WB	1.80	-0.66	e5f3	d2d4	rnbqk1nr/ppp2ppp/3p4/2b1N3/4P3/8/PPPP1PPP/RNBQKB1R w KQkq - 0 4
WB	2.71	-0.74	d1d8	c1e3	rnbqk1nr/p1p2ppp/1p6/2P1p3/4P3/8/PPP2PPP/RNBQKB1R w KQkq - 0 6
WB	3.72	-1.23	d1d8	e3c5	rnbqk1nr/p1p2ppp/8/2p1p3/4P3/4B3/PPP2PPP/RN1QKB1R w KQkq - 0 7
WB	3.27	-0.72	c5a3	d1d5	r1bqk1nr/p1pn1ppp/8/2B1p3/4P3/8/PPP2PPP/RN1QKB1R w KQkq - 1 8
WB	10.13	-1.12	a8d5	a8a7	Q1b3nr/p1pk1ppp/8/4p3/4P3/3P4/PP3PPP/RN2K2R w KQ - 1 12
WB	12.62	-1.62	b1c3	e1g1	3k2nr/1Qp2ppp/8/4p3/4P3/3P4/PP3PPP/RN2K2R w KQ - 1 14
WB	999.82	-988.70	f1c1	b1c3	3k3r/1Qp2ppp/5n2/4p3/4P3/3P4/PP3PPP/RN3RK1 w - - 3 15
WB	999.97	-988.51	c3d5	b7d5	3k3r/1Qp2ppp/8/4p3/4P1n1/2NP4/PP3PPP/R4RK1 w - - 5 16
WB	999.82	-989.38	d5c5	d5c5	7r/2p1kppp/8/3Qp3/4P1n1/2NP4/PP3PPP/R4RK1 w - - 7 17
WB	999.86	-989.12	c3d5	c5c7	7r/2p2ppp/5k2/2Q1p3/4P1n1/2NP4/PP3PPP/R4RK1 w - - 9 18
WB	2.47	-1.80	e4d5	c4b5	r1bqk2r/ppp2ppp/2n2n2/b2pp3/2B1P3/2PP1N2/PP3PPP/RNBQ1RK1 w kq - 0 7
WB	2.47	-1.14	b5c6	e5d7	r2qk2r/pppb1ppp/2n2n2/bB2N3/4p3/2PP4/PP3PPP/RNBQ1RK1 w kq - 1 9
WB	1.14	-0.85	b5c6	b5c4	r3k2r/1ppq1ppp/p1n2n2/bB6/4p3/N1PP4/PP3PPP/R1BQ1RK1 w kq - 0 11
WB	0.20	-3.11	c4b3	d1e2	r3k2r/2pq1ppp/p1n2n2/bp6/2B1p3/N1PP4/PP3PPP/R1BQ1RK1 w kq - 0 12
WB	-2.22	-1.56	a3c4	e2c4	r4rk1/2pq1ppp/p1n2n2/b7/2p1P3/N1P5/PP2QPPP/R1B2RK1 w - - 1 14
WB	-3.30	-1.02	f2f3	f1e1	r3r1k1/2pq1ppp/p1n2n2/b7/2Q1P3/N1P5/PP3PPP/R1B2RK1 w - - 1 15
WB	-3.33	-1.87	f2f3	c1g5	r3r1k1/2p2ppp/p1nq1n2/b7/2Q1P3/N1P5/PP3PPP/R1B1R1K1 w - - 3 16
WB	-5.14	-2.63	g2g3	h2h4	r3r1k1/2p2ppp/p1nq4/b5B1/2Q1P1n1/N1P5/PP3PPP/R3R1K1 w - - 5 17
WB	-8.12	-0.86	c4d5	c4c5	r3r1k1/2p2ppp/p7/b3n1B1/2Q1P1nP/N1P5/PP3PPq/R3RK2 w - - 3 19
WB	-9.11	-2.02	c5d5	c5e3	r3r1k1/2p2ppp/pb6/2Q1n1B1/4P1nP/N1P5/PP3PPq/R3RK2 w - - 5 20
WB	-11.94	-988.01	g5e3	f2e3	r3r1k1/2p2ppp/p7/4n1B1/4P1nP/N1P1b3/PP3PPq/R3RK2 w - - 0 21
BB	0.19	1.31	e7g5	c7a7	1r2k2r/2qnbpp1/2p1p1n1/1p1pP1Np/p2P1P1P/P1NPB1P1/1P2Q3/2R2RK1 b k - 0 16
BB	1.48	0.59	e7g5	e6f5	1r2k2r/q2nbpp1/2p1p1n1/1p1pPPNp/p2P3P/P1NPB1P1/1P2Q3/2R2RK1 b k - 0 17
BB	1.31	0.60	e7g5	b5b4	1r2k2r/q2nbpp1/2p3n1/1p1pPRNp/p2P3P/P1NPB1P1/1P2Q3/2R3K1 b k - 0 18
BB	1.15	1.35	e7g5	a4a3	1r2k2r/q2nbpp1/2p3n1/3pPRNp/pP1P3P/2NPB1P1/1P2Q3/2R3K1 b k - 0 19
BB	2.61	0.83	f7f6	f7e6	1r2k2r/q2nbpp1/2p1P1n1/3p1RNp/1P1P3P/p1NPB1P1/1P2Q3/2R3K1 b k - 0 20
BB	-3.95	8.42	f8b4	e8d8	r1bBkb1r/pppn1ppp/8/3n4/3P4/8/PP2PPPP/R2QKBNR b KQkq - 0 7
BB	3.91	0.71	f8b4	d7f6	r1bk1b1r/pppn1ppp/8/3n4/3P4/5N2/PP2PPPP/R2QKB1R b KQ - 1 8
BB	-2.44	6.09	f6e4	h8e8	r1bk3r/ppp2pp1/5n2/3n3p/1b1P4/8/PP1NPPPP/R2QKB1R b KQ - 3 11
BB	-2.58	4.25	a6b6	a6c6	2bkr3/1pp2pp1/r4n2/pQ1n3p/1b1P4/8/PP1NPPPP/R3KB1R b KQ - 3 14
BB	-2.55	3.95	b4d2	g7g5	2bkr3/1pp2pp1/2r2n2/pQ1n3p/1b1P4/8/PP1NPPPP/R2K1B1R b - - 5 15
BB	-2.74	0.56	b4d2	c8d7	2bkr3/1pp2p2/2r2n2/p2n2pp/Qb1P4/8/PP1NPPPP/R2K1B1R b - - 1 16
BB	-2.47	3.52	a5a4	d8c8	3kr3/1ppb1p2/2r2n2/p2n2pp/1b1P4/1Q6/PP1NPPPP/R2K1B1R b - - 3 17
BB	-4.71	4.38	b4d2	g5g4	2k1r3/1ppb1p2/2r2n2/p2n2pp/1b1P4/6Q1/PP1NPPPP/R2K1B1R b - - 5 18
BB	-1.49	1.53	d5e3	c8b8	2k1r3/1ppb1p2/2r2n2/p2n3p/1b1P2pQ/8/PP1NPPPP/R2K1B1R b - - 1 19
BB	-2.69	1.21	d5e3	c6d6	1k2r3/1ppb1p2/2r2n2/p2n2Qp/1b1P2p1/8/PP1NPPPP/R2K1B1R b - - 3 20
WB	1.70	-1.01	f1c4	g5e3	r1bq1rk1/ppp1b1p1/2np1n1p/6B1/4P2P/2N2N2/PPP2PP1/R2QKB1R w KQ - 0 9
WB	1.41	-0.92	f3g5	a2a4	r2q1rk1/ppp1b1p1/2npbn1p/8/4P2P/2N1BN2/PPP2PP1/R2QKB1R w KQ - 2 10
WB	0.33	-1.52	d1d2	f3d4	r2q1rk1/ppp1b1p1/2npb2p/8/P3P1nP/2N1BN2/1PP2PP1/R2QKB1R w KQ - 1 11
WB	-1.12	-3.19	d4e6	f2e3	r2q1rk1/ppp1b1p1/2npb2p/8/P2NP2P/2N1n3/1PP2PP1/R2QKB1R w KQ - 0 12
WB	-4.33	-1.11	g2g3	e1d2	r2q1rk1/ppp3p1/2npb2p/8/P2NP2b/2N1P3/1PP3P1/R2QKB1R w KQ - 0 13
WB	-2.09	-997.90	d2c1	d2d3	r2q2k1/ppp3p1/2npb2p/8/P2NP2b/2N1P3/1PPK1rP1/R2Q1B1R w - - 2 14
BB	-0.64	3.14	a7a6	g7g5	r1bqkb1r/pp2pppp/8/1Npp4/2P1n3/5N2/PP1P1PPP/R1BQR1K1 b kq - 0 8
BB	0.42	3.18	a7a6	h7h5	r1bqkb1r/pp2pp1p/8/1Npp2p1/2PPn3/5N2/PP3PPP/R1BQR1K1 b kq - 0 9
BB	2.32	1.91	a7a6	c8g4	r1bqkb1r/pp2pp2/8/1Npp2Np/2PPn3/8/PP3PPP/R1BQR1K1 b kq - 0 10
BB	0.35	3.19	a7a6	f8h6	r2qkb1r/pp2pp2/8/1Npp3p/2PPn1b1/5N2/PP3PPP/R1BQR1K1 b kq - 2 11
BB	0.01	3.77	h6c1	a7a5	r2qk2r/pp2pp2/7b/1Npp3p/Q1PPn1b1/5N2/PP3PPP/R1B1R1K1 b kq - 4 12
BB	2.62	1.56	g4f3	d8a8	N2q1k1r/1p2pp2/7b/p1pp3p/Q1PPn1b1/5N2/PP3PPP/R1B1R1K1 b - - 0 14
BB	4.33	0.96	b7b5	c5d4	q4k2/1p2pp2/7r/p1ppN2p/Q1PPn1b1/8/PP3PPP/R3R1K1 b - - 1 16
BB	1.61	3.26	a8b8	f7f5	q4k2/1p2pp2/7r/p2P4/Q2pn1p1/8/PP3PPP/R3R1K1 b - - 0 18
BB	3.22	1.02	a8b8	a8a6	q4k2/1p2p3/7r/p2P1p2/3Qn1p1/8/PP3PPP/R3R1K1 b - - 0 19
BB	3.54	0.99	a6d6	f8f7	5k2/1p2p3/q6r/p2P1p2/3Qn1p1/8/PP3PPP/2R1R1K1 b - - 2 20
BB	0.67	3.43	g8f6	c8e6	r1bqk1nr/1pp1ppb1/p1np2pp/8/P2PP3/5N2/1PP1BPPP/RNBQ1RK1 b kq - 2 7
BB	3.76	0.99	e7e5	e8f8	r2qk1nr/1pp1ppb1/p1bp2pp/8/P3P3/3Q1N2/1PP1BPPP/RNB2RK1 b kq - 1 10
BB	4.18	0.93	b7b5	e7e6	r2q1knr/1pp1ppb1/p1bp2p1/7p/P1N1P3/3Q1N2/1PP1BPPP/R1B2RK1 b - - 1 12
BB	3.90	0.88	h4h3	h8h5	r2q1k1r/1pp1npb1/p1bpp1p1/N7/P1P1P2p/5N2/1PQ1BPPP/R1B2RK1 b - - 1 15
BB	3.83	0.83	h4h3	h8h5	r2q1k1r/1pp1npb1/p1bpp1p1/N7/P1P1P2p/5N2/1PQ1BPPP/R1B2RK1 b - - 5 17
BB	-1.17	4.86	e4f6	f7f5	r2qkb1r/pppb1ppp/2n1p3/1B6/3pnN2/5N2/PPPPQPPP/R1B2RK1 b kq - 3 8
BB	3.64	1.31	e4g5	e4d6	r2qkb1r/pppb2pp/2n1p3/1B3p2/3pnN2/3P1N2/PPP1QPPP/R1B2RK1 b kq - 0 9
BB	3.03	0.84	d8e7	f8e7	r2qkb1r/ppp3pp/2bnQ3/5p2/3p1N2/3P1N2/PPP2PPP/R1B2RK1 b kq - 0 11
BB	3.51	1.20	d8d7	c6d7	r2qk2r/ppp1b1pp/2bnQ3/5p2/3N1N2/3P4/PPP2PPP/R1B2RK1 b kq - 0 12
BB	3.72	1.76	d6f7	h8f8	r2qk2r/pppbb1pp/3n4/3Q1p2/3N1N2/3P4/PPP2PPP/R1B2RK1 b kq - 2 13
BB	5.19	1.50	f8f7	a7a5	r2qkr2/pppbb1pp/3n4/3Q1p2/3N1N2/3P4/PPP2PPP/R1B1R1K1 b q - 4 14
BB	5.37	1.93	f8f7	g7g6	r2qkr2/1ppbb1pp/3n4/p2Q1p2/3N1N1P/3P4/PPP2PP1/R1B1R1K1 b q - 0 15
BB	5.63	1.30	d6c8	a8a6	r2qkr2/1ppbb2p/3n2p1/p2Q1p2/3N1N1P/P2P4/1PP2PP1/R1B1R1K1 b q - 0 16
BB	5.04	1.89	d6e4	a5a4	3qkr2/1ppbb2p/r2n2p1/p2Q1p2/3N1N1P/P2P4/1PP1RPP1/R1B3K1 b - - 2 17
BB	6.11	1.05	d6e4	a6b6	3qkr2/1ppbb2p/r2n2p1/3Q1p2/p2N1N1P/P2P4/1PPBRPP1/R5K1 b - - 1 18
BB	5.49	1.85	d8d7	d6c8	3qkr2/1pp1b2p/1rbnQ1p1/5p2/pB1N1N1P/P2P4/1PP1RPP1/R5K1 b - - 5 20
WB	0.83	-0.66	g1g2	e4e5	2kr2nr/1pp2pp1/p1pb2p1/8/3PP1Pq/5Q1P/PPP2P2/RNB2RK1 w - - 1 12
WB	0.22	-1.50	b1d2	g4f5	2kr2nr/1pp1b1p1/p1p3p1/4Pp2/3P2Pq/2P2Q1P/PP3P2/RNB2RK1 w - f6 0 14
WB	1.54	-1001.53	g4h3	g4g7	1k1r2nr/1pp1b1p1/p1p5/4P3/3P2Q1/2P4q/PP3P2/RNB2RK1 w - - 0 17
BB	0.69	4.68	e7e6	b6b2	r1b1kb1r/pp2pppp/1qn2n2/3pN3/3P4/2N1P3/PP1B1PPP/R2QKB1R b KQkq - 6 8
BB	4.93	0.53	b2a3	b2a3	r1b1kb1r/pp2pppp/2n2n2/3pN3/3P4/2N1P3/Pq1B1PPP/1R1QKB1R b Kkq - 1 9
BB	4.00	1.08	a2a1	a2b2	r1bk1b1r/ppN1pppp/2n2n2/3pN3/3P4/4P3/q2B1PPP/R2QKB1R b K - 3 12
BB	3.85	4.09	b2b1	b2b6	r1bk1b1r/ppN1pppp/2n2n2/3pN3/3P4/4P3/1q1B1PPP/1R1QKB1R b K - 5 13
BB	7.84	0.66	c6e5	b6b1	N1bk1b1r/pp2pppp/1qn2n2/3pN3/3P4/4P3/3B1PPP/1R1QKB1R b K - 0 14
BB	8.26	0.52	b7c6	b7c6	N1bk1b1r/pp2pppp/2N2n2/3p4/3P4/4P3/3B1PPP/1q1QKB1R b K - 0 15
BB	8.63	991.20	e7e6	h7h5	N1bk1b1r/p3pppp/2p2n2/3p4/3P4/4P3/3B1PPP/1Q2KB1R b K - 0 16
BB	0.30	2.50	f8e7	f6e4	rnbqkb1r/pp3ppp/3p1n2/2p1p3/4P3/2P2N2/PP1PBPPP/RNBQ1RK1 b kq - 1 5
BB	2.62	1.05	f7f5	c8e6	r1bqkb1r/pp3ppp/2np4/2p1p3/4Q3/2P2N2/PP1PBPPP/RNB2RK1 b kq - 0 7
BB	3.42	0.53	f7f5	e6d7	r2qkb1r/pp3ppp/2npb3/1Bp1p3/4Q3/2P2N2/PP1P1PPP/RNB2RK1 b kq - 2 8
BB	3.27	1.20	f7f5	h7h5	r2qkb1r/pp1b1ppp/2np4/1Bp1p3/4Q3/N1P2N2/PP1P1PPP/R1B2RK1 b kq - 4 9
BB	3.27	1.51	f7f5	h8h6	r2qkb1r/pp1b1pp1/2np4/1Bp1p2p/4Q3/2P2N2/PPNP1PPP/R1B2RK1 b kq - 1 10
BB	4.60	0.76	h6g6	f7f5	r2qkb2/pp1b1pp1/2np3r/1Bp1p2p/3PQ3/2P2N2/PPN2PPP/R1B2RK1 b q - 0 11
BB	4.32	2.00	e8c8	d7a4	r3kb2/ppqb2p1/3p1r2/2p1np1p/2B2B2/2P2N2/PPN2PPP/R3QRK1 b q - 3 15
BB	6.20	1.89	e8c8	c7c6	r3kb2/ppq3p1/3p1r2/2p1np1p/b1B2B2/1PP2N2/P1N2PPP/R3QRK1 b q - 0 16
BB	7.92	1.06	e8c8	d6e5	r3kb2/pp4p1/2qp1r2/2p1Np1p/b1B2B2/1PP5/P1N2PPP/R3QRK1 b q - 0 17
BB	7.19	1.92	f8d6	f6d6	r4b2/pp1k2p1/2q2r2/2p1Qp1p/b4B2/1PPB4/P1N2PPP/R4RK1 b - - 2 19
BB	8.61	1.50	d7c7	d6e6	r4b2/pp1k2p1/2qr4/2p2Q1p/b4B2/1PPB4/P1N2PPP/R4RK1 b - - 0 20
BB	-0.19	3.81	d8b6	g8f6	rn1qkbnr/pp3ppp/4p3/2ppPbB1/3P4/5N2/PPP1BPPP/RN1QK2R b KQkq - 1 6
BB	2.88	2.46	d5d4	e8d7	r2qk1r1/pp3p1p/2n1pp2/2bp1b2/5B2/2N2N2/PPP1BPPP/R2Q1RK1 b q - 1 11
BB	3.97	1.75	d7e8	d8a5	r2q2r1/pp1k1p1p/2n1pp2/2bp1b2/5B2/2N2N2/PPP1BPPP/R2Q1R1K b - - 3 12
BB	4.57	0.61	a7a6	c5d6	r5r1/pp1k1p1p/2n1pp2/qBbp1b2/5B2/2N2N2/PPP2PPP/R2Q1R1K b - - 5 13
BB	4.15	2.26	a5b4	d6d7	r5r1/pp3p1p/2nkpp2/qB1p1b2/P7/2N2N2/1PP2PPP/R2Q1R1K b - - 0 15
BB	4.35	1.86	a5b5	f5c2	r5r1/pp1k1p1p/2n1pp2/qB1p1b2/P2Q4/2N2N2/1PP2PPP/R4R1K b - - 2 16
BB	6.17	1.15	a5d8	c2g6	r5r1/pp1k1p1p/2n1pQ2/qB1p4/P7/2N2N2/1Pb2PPP/R4R1K b - - 0 17
BB	5.38	1.34	b7c6	b7c6	r5r1/pp1k1p1p/2B1pQb1/q2p4/P7/2N2N2/1P3PPP/R4R1K b - - 0 18
BB	4.67	0.76	a5d8	a8c8	r3k1r1/p4p1p/2p1pQb1/q2pN3/P7/2N5/1P3PPP/R1R4K b - - 3 20
BB	0.42	1.23	f5d3	e8f8	r3r1k1/pp1qnppp/2nb4/3p1b2/3N4/2PB1N1P/PP3PP1/R1BQR1K1 b - - 4 15
BB	1.28	0.93	a8e8	d5d4	r4rk1/pp1q1ppp/2nb4/3p1n2/8/1QPB1N1P/PP3PP1/R1B1R1K1 b - - 1 17
BB	0.63	1.10	f8e7	a7a5	r2qkb1r/ppp2pp1/2n1pn2/3p1bBp/2PP4/P1N1P3/1P3PPP/R2QKBNR b KQkq - 1 11
BB	1.11	0.59	f8e7	f5e6	r2qkb1r/1pp2pp1/2n2n2/p2p1bBp/3P4/P1N1PN2/1P3PPP/R2QKB1R b KQkq - 1 13
BB	1.66	1.66	c6e7	e8d7	r2qk2r/1pp2pp1/2nbbn2/p2p2Bp/3P4/P1NBPN2/1P3PPP/R2Q1RK1 b kq - 5 15
BB	2.66	1.97	d7e8	d8e7	r2q3r/1ppk1pp1/2nbbn2/p2p2Bp/3P4/P1NBPN2/1P3PPP/2RQ1RK1 b - - 7 16
BB	3.60	0.76	e7f8	e6g4	r6r/1ppkqpp1/2nbbn2/p2p2Bp/3P4/P1NBPN2/1P3PPP/2RQR1K1 b - - 9 17
BB	2.99	2.04	d7c8	g4f3	r6r/1ppkqpp1/2nb1n2/p2p2Bp/3P2b1/PQNBPN2/1P3PPP/2R1R1K1 b - - 11 18
BB	3.49	2.18	h8b8	f3g4	r6r/1Qpkqpp1/2nb1n2/p2p2Bp/3P4/P1NBPb2/1P3PPP/2R1R1K1 b - - 0 19
WB	1.13	-0.57	e5c6	g2c6	r2qkb1r/pppb1ppp/2n1pn2/4N3/Q1p5/6P1/PP1PPPBP/RNB1K2R w KQkq - 4 7
WB	10.12	-1.49	c4f7	d8f7	r2Nk2r/p1pb1ppp/8/4p3/2Q5/6P1/PP1PPK2/RNB4R w kq - 0 13
WB	9.30	-1.39	f2e1	f2g2	r4rk1/p1pb1Npp/8/4p3/2Q5/6P1/PP1PPK2/RNB4R w - - 1 14
WB	8.80	-1.75	c4e4	c4c7	r5k1/p1pb1rpp/8/4p3/2Q5/6P1/PP1PP1K1/RNB4R w - - 0 15
WB	7.45	-1.23	c7d7	c7e5	2r3k1/p1Qb1rpp/8/4p3/8/6P1/PP1PP1K1/RNB4R w - - 1 16
WB	7.80	-1.22	e5e6	b1c3	5rk1/p4rpp/2b5/4Q3/4P3/6P1/PP1P2K1/RNB4R w - - 1 18
WB	7.08	-2.95	g2h3	g2g1	5rk1/p5pp/2b5/4Q3/4P3/2N3P1/PP1P1rK1/R1B4R w - - 3 19
WB	8.27	-1.40	e5e6	h1h5	5rk1/p5p1/2b5/4Q2p/4P3/2N3P1/PP1P1r2/R1B3KR w - - 0 20
WB	7.76	-0.65	g1g2	g1g2	5rk1/p5p1/2b5/4Q2R/4P3/2N3P1/PP1P4/R1B2rK1 w - - 1 21
BB	-0.10	0.65	c7c5	d7b6	r1bqkb1r/pppnpppp/5n2/3p2B1/3P4/2N4P/PPP1PPP1/R2QKBNR b KQkq - 0 4
BB	0.47	2.23	e7e6	d8d6	r1bqkb1r/ppp1pppp/1n3n2/3p2B1/3P4/2N1P2P/PPP2PP1/R2QKBNR b KQkq - 0 5
BB	1.17	2.15	d6d8	h7h5	r1b1kb1r/ppp1pppp/1n1q1n2/3p2B1/3P4/2N1PN1P/PPP2PP1/R2QKB1R b KQkq - 2 6
BB	3.22	0.74	d6d8	d6b4	r1b1kb1r/ppp1ppp1/1n1q1n2/1N1p2Bp/3P4/4PN1P/PPP2PP1/R2QKB1R b KQkq - 1 7
BB	0.00	2.70	f6e4	g7g6	r1bk1b1r/pp2ppp1/1n3n2/1N1p2Bp/3P4/2P1PN1P/Pq3PP1/R2QKB1R b KQ - 2 10
BB	1.05	2.42	f6e4	h8h7	r1bk1b1r/pp2pp2/1n3np1/1N1pN1Bp/3P4/2P1P2P/Pq3PP1/R2QKB1R b KQ - 1 11
BB	0.69	1.11	h7h6	h7h5	r2qkb1r/pppb1ppp/2n1pn2/3p2B1/2PP4/4PN2/PPQ2PPP/RN2KB1R b KQkq - 0 6
BB	0.76	0.94	c6b4	d7e6	r2qkb1r/pppb1pp1/2n2n2/3p2Bp/3P4/4PN2/PPQN1PPP/R3KB1R b KQkq - 1 8
BB	1.04	1.39	e8g8	e8d7	1r1qk2r/ppp2pp1/2nbbn2/1B1p2Bp/3P4/1Q2PN2/PP1N1PPP/R4RK1 b k - 7 11
BB	1.89	2.74	d7e7	d8e7	1r1q3r/pppk1pp1/2nbbn2/1B1p2Bp/3P4/1Q2PN2/PP1N1PPP/2R2RK1 b - - 9 12
BB	2.80	1.25	d7c8	e6g4	1r5r/pppkqpp1/2nbbn2/3p2Bp/B2P4/1Q2PN2/PP1N1PPP/2R2RK1 b - - 11 13
BB	2.81	1.82	d7c8	g4f5	1r5r/pppkqpp1/2nb1n2/3p2Bp/B2P2b1/1Q2PN1P/PP1N1PP1/2R2RK1 b - - 0 14
BB	3.06	1.01	f5e6	f5h7	1r5r/pppkqpp1/2nb1n2/3p1bBp/B2P3N/1Q2P2P/PP1N1PP1/2R2RK1 b - - 2 15
BB	1.07	2.25	f6h4	d7e7	1r5r/pppk1ppb/2nb1q2/3Q3p/B2P3N/4P2P/PP1N1PP1/2R2RK1 b - - 0 17
BB	3.16	0.61	c6b4	h7f5	1r5r/ppp1kppb/2nb1q2/3Q3p/B2P4/4PN1P/PP1N1PP1/2R2RK1 b - - 2 18
BB	2.63	3.05	f6e6	f6g6	1r5r/ppp1kpp1/2nb1q2/3Q1b1p/B2PN3/4PN1P/PP3PP1/2R2RK1 b - - 4 19
BB	5.04	4.50	f5e4	d6h2	1r5r/ppp1kpp1/2nb2q1/3Q1b1p/B2PN2N/4P2P/PP3PP1/2R2RK1 b - - 6 20
BB	0.57	4.18	g4d7	d8a5	rn1qkb1r/pp2pppp/2p2n2/3p4/2PP2bN/7P/PP1NPPP1/R1BQKB1R b KQkq - 0 6
BB	4.30	1.43	f6g4	c4c3	rn2kb1r/pp2pppp/2p2n2/q7/2pP2PN/8/PPQNPPP1/R1B1KB1R b KQkq - 1 8
BB	4.91	0.91	b8d7	b8a6	rn2kb1r/pp2pppp/2p5/q7/3P2nN/2P1P3/P1QN1PP1/R1B1KB1R b KQkq - 0 10
BB	5.15	1.57	e7e5	e8c8	r3kb1r/pp2ppp1/n1p5/3q3p/3P2nN/1NP1P3/P1Q1BPP1/1RB1K2R b Kkq - 3 13
BB	6.08	1.59	e6f6	g7g6	2kr1b1r/pp2ppp1/n1p1q3/7p/3PP1nN/1NP5/P1Q1BPP1/1RB2RK1 b - - 2 15
BB	6.16	2.02	b7b5	f8h6	2kr1b1r/pp2pp2/n1p1q1p1/7p/3PP1n1/1NP2N2/P1Q1BPP1/1RB2RK1 b - - 1 16
BB	4.68	2.35	e6a6	b7a6	2kr3r/pp2pp2/B3q1pb/3p3p/4P1n1/1NP2N2/P1Q2PP1/1RB2RK1 b - - 0 18
BB	5.21	1.59	e6d5	d8d5	2kr3r/p3pp2/p3q1pb/3P3p/6n1/1NP2N2/P1Q2PP1/1RB2RK1 b - - 0 19
BB	6.81	2.55	e6d7	e6f6	2k4r/p3pp2/p3q1pb/3r3p/3N2n1/2P2N2/P1Q2PP1/1RB2RK1 b - - 1 20
BB	1.10	0.72	d7d6	h8g8	rnb1kb1r/ppqppp1p/5np1/2pP4/8/2N1PN2/PPP2PPP/R1BQKB1R b KQkq - 2 5
BB	1.54	1.65	d7d6	a7a5	rnb1kbr1/ppqppp1p/5np1/2pP4/8/2NBPN2/PPP2PPP/R1BQK2R b KQq - 4 6
BB	3.04	0.68	e8d8	b7b6	rnb1kbr1/1pqppp1p/5np1/pBpP4/8/2N1PN2/PPP2PPP/R1BQK2R b KQq - 1 7
BB	3.35	0.88	f8g7	b8c6	rnb1kbr1/2qppp1p/1p3np1/pBpP4/8/2N1PN2/PPP2PPP/R1BQ1RK1 b q - 1 8
BB	3.48	0.70	c8g4	a5a4	r1b1kbr1/2q1pp1p/1pp2n2/p1p3p1/8/2NBPN2/PPP2PPP/R1BQR1K1 b q - 1 11
BB	3.06	1.30	b6b5	a8a5	r1b1kbr1/2q1pp1p/1pp2n2/2p3p1/p7/2NBPN2/PPP1QPPP/R1B1R1K1 b q - 1 12
BB	3.73	0.76	g5g4	h7h5	2b1kbr1/2q1pp1p/1pp2n2/r1p3p1/p7/P1NBPN2/1PP1QPPP/R1B1R1K1 b - - 0 13
BB	3.75	2.31	e7e5	g8g6	2b1kbr1/2q1pp2/1pp2n2/r1p4p/p3P1p1/P1NB4/1PPNQPPP/R1B1R1K1 b - - 1 15
BB	5.98	1.68	f6d5	c5c4	2b1kb2/2q1pp2/1pp2nr1/r1p1P2p/p5p1/P1NB4/1PPNQPPP/R1B1R1K1 b - - 0 16
BB	7.67	1.67	f6d5	c8e6	2b1kb2/2q1pp2/1pp2nB1/r3P2p/p1p3p1/P1N5/1PPNQPPP/R1B1R1K1 b - - 0 17
BB	9.35	1.02	e8d8	c7d6	4kb2/2q1pp2/1pp1bPB1/r6p/p1p3p1/P1N5/1PPNQPPP/R1B1R1K1 b - - 0 18
BB	0.43	0.56	f8e7	b8a6	rn1qkb1r/pp3ppp/2p1pn2/5b2/2QP4/2N2NP1/PP2PP1P/R1B1KB1R b KQkq - 0 7
BB	0.04	2.34	d8b6	h7h5	r2qkb1r/pp3ppp/n1p1pn2/5bB1/2QP4/2N2NP1/PP2PP1P/R3KB1R b KQkq - 2 8
BB	1.30	2.72	d8b6	h8h7	r2qkb1r/pp3pp1/n1p1pn2/5bBp/2QP4/2N2NP1/PP2PPBP/R3K2R b KQkq - 1 9
BB	3.47	1.46	f8e7	a6b4	r2qkb2/pp3ppr/n1p1pn2/5bBp/2QP4/2N2NP1/PP2PPBP/R4RK1 b q - 3 10
BB	1.24	3.51	b7b5	a7a5	r2qkb2/pp3ppr/2p1pn2/5bBp/1nQP4/2N2NP1/PP2PPBP/3R1RK1 b q - 5 11
BB	4.44	1.68	f5c2	a8a6	r2qkb2/1p3ppr/2p1pn2/p3NbBp/1nQP4/2N3P1/PP2PPBP/3R1RK1 b q - 1 12
BB	4.36	1.09	f5c2	g7g6	3qkb2/1p3ppr/r1p1pn2/p3NbBp/1nQP4/2N3PP/PP2PPB1/3R1RK1 b - - 0 13
BB	2.63	4.30	e6d5	c6d5	3qkb2/1p3p1r/r1p1pnp1/p2NNbBp/2QP4/P5PP/1P2PPB1/3R1RK1 b - - 0 15
BB	6.44	2.72	a6c6	e8e7	3qkb2/1p3p1r/r3pnp1/pQ1pNbBp/3P4/P5PP/1P2PPB1/3R1RK1 b - - 1 16
BB	9.37	2.46	f6d7	a6c6	3qkb2/5p1r/r3pnp1/pQ1pNbBp/3P4/P5PP/1P2PPB1/3R1RK1 b - - 2 18
BB	15.52	984.33	e8e7	e8e7	3qkb2/5p1r/2Q1pnp1/p2pNbBp/3P4/P5PP/1P2PPB1/3R1RK1 b - - 0 19
BB	9.81	990.06	e7e8	e7e8	3q1b2/1Q2kp1r/4pnp1/p2pNbBp/3P4/P5PP/1P2PPB1/3R1RK1 b - - 2 20
BB	0.14	2.16	e7e5	c8e6	r1bq1rk1/ppp1ppbp/2np1np1/8/3PP3/2P2N2/PP1N1PPP/R1BQKB1R b KQ - 6 7
BB	-0.40	3.59	e6c4	a7a5	r4rk1/pppqppbp/2npbnp1/8/2BPP3/1PP2N2/P2N1PPP/R1BQK2R b KQ - 2 9
BB	0.25	2.87	e6d7	f6g4	r4rk1/1pp1ppbp/2npqnp1/p7/3PP3/1PP2N2/P2NQPPP/R1B1K2R b KQ - 1 11
BB	-4.59	1004.54	e5d3	e5c4	r4rk1/2p1pp1p/2qp2pQ/pp2n3/2P1P3/1P3N1P/P2N1PP1/b1B1K2R b K - 1 17
BB	4.94	995.02	c4e3	e4d3	r4rk1/2p1pp1p/3p2pQ/pp4N1/2n1q3/1P5P/P2N1PP1/b1B2K1R b - - 1 19
BB	-0.43	0.96	c5b6	c5b4	r3k1nr/pp1q1ppp/2n1p3/2bpP3/8/1N6/PPP2PPP/R1BQK1NR b KQkq - 3 8
BB	0.40	0.82	e7d8	e8c8	r3k1nr/pp1qbppp/2n1p3/3pP3/8/1NP2N2/PP3PPP/R1BQK2R b KQkq - 2 10
BB	1.25	0.61	h6f5	d7c7	2kr3r/pp1qbppp/2n1p2n/3pP3/3N4/2P2N2/PP3PPP/R1BQ1RK1 b - - 6 12
BB	0.82	0.57	g7g6	c8d7	2kr3r/p1q1bpp1/2p1p3/3pPn1p/3N4/1QP5/PP3PPP/R1B1R1K1 b - - 1 16
BB	0.81	6.26	d5d4	d8b8	3r3r/p1q1bpp1/2p1k3/3pPp1p/2P5/8/PPQ2PPP/R1B1R1K1 b - - 0 19
BB	7.15	0.67	e6d7	e6d5	1r5r/p1q1bpp1/2p1k3/3PPp1p/8/8/PPQ2PPP/R1B1R1K1 b - - 0 20
BB	0.24	0.68	d7d6	e8g8	r1bqk2r/pp1pbppp/2n2n2/1Bp1p3/4P3/2N2N2/PPPP1PPP/R1BQ1RK1 b kq - 3 6
BB	1.26	3.29	d8c7	d8d6	r2q1rk1/pp2bppp/2p1bn2/2p5/4P3/2N2N2/PPPP1PPP/R1BQ1RK1 b - - 2 9
BB	4.32	1.08	g7g5	a5a4	r4rk1/2q1bppp/1pp1b3/p1p1N3/4NB2/3P4/PPP2PPP/R2Q1RK1 b - - 3 16
BB	5.28	2.07	c7d8	e7d6	r4rk1/2q1bppp/1pp1b1N1/2p5/p3NB2/3P4/PPP2PPP/R2Q1RK1 b - - 1 17
BB	7.17	1.43	c7d6	c7b7	r4rk1/2q2ppp/1ppBb1N1/2p5/p3N3/3P4/PPP2PPP/R2Q1RK1 b - - 0 18
BB	0.00	5.00	d8a5	h7h5	r2qkbnr/p4ppp/B1p1p3/3pP3/8/8/PPP2PPP/RNBQK2R b KQkq - 0 8
BB	4.20	1.03	f7f6	b8b6	1r1qkbnr/p4pp1/B1p1p3/3pP2p/8/2P5/PP3PPP/RNBQ1RK1 b k - 0 10
BB	4.84	0.85	h4h3	h8h6	3qkbnr/p4pp1/1rp1p3/3pP3/7p/2PB4/PP1N1PPP/R1BQ1RK1 b k - 1 12
BB	4.94	0.74	f8e7	d5d4	3qkbn1/p4pp1/1rp1p2r/3pP3/8/2PB2P1/PP1N1P2/R1BQ1RK1 b - - 0 14
BB	5.00	0.70	h6h8	d8d4	3qkbn1/p4pp1/1rp1p2r/4P3/3P4/3B2P1/PP1N1P2/R1BQ1RK1 b - - 0 15
BB	5.60	0.66	d8d5	h6f5	3qkb2/p4pp1/1rp1p2n/4P3/8/3B1NP1/PP3P2/1R1Q1RK1 b - - 1 18
BB	0.26	4.15	d6e5	c8e6	rnbqk2r/ppp1ppbp/3p1np1/4P3/2BP4/5N2/PPP2PPP/RNBQK2R b KQkq - 0 5
BB	4.25	0.59	e7f6	g7f6	rn1qk2r/ppp1ppbp/3pbPp1/8/2BP4/5N2/PPP2PPP/RNBQK2R b KQkq - 0 6
BB	4.29	0.62	c7c5	b8d7	rn1qk2r/ppp1p2p/3ppbp1/8/3P3P/5N2/PPP2PP1/RNBQK2R b KQkq - 0 8
BB	4.16	1.34	c7c5	e8f7	r2qk2r/pppnp2p/3ppbpB/8/3P3P/5N2/PPP2PP1/RN1QK2R b KQkq - 2 9
BB	5.14	0.61	c7c6	d7b6	r2q3r/pppnpk1p/3ppbpB/8/3P3P/2P2N2/PP3PP1/RN1QK2R b KQ - 0 10
BB	4.82	0.91	f7e8	f7g8	r6r/pppqpk1p/1n1pp1pB/6P1/3P4/2P2Q2/PP3PP1/RN2K2R b KQ - 2 13
BB	5.31	0.63	d7b5	d7c6	r5kr/pppqp2p/1n1pp1pB/6P1/3P4/2P2Q2/PP1N1PP1/R3K2R b KQ - 4 14
BB	5.24	1.13	c6b5	a8e8	r5kr/ppp1p2p/1nqpp1pB/6P1/3PN3/2P2Q2/PP3PP1/R3K2R b KQ - 6 15
BB	5.63	0.86	e8b8	c6b5	4r1kr/ppp1p2p/1nqpp1pB/6P1/3PN3/2P2Q2/PP3PP1/2KR3R b - - 8 16
BB	5.68	0.80	b6d5	b6d5	4r1kr/ppp1p2p/1n1pp1pB/1q1P2P1/4N3/2P2Q2/PP3PP1/2KR3R b - - 0 17
BB	0.39	999.60	b5d7	a7a5	4r1kr/ppp4p/3p1QpB/1q1p2P1/8/2P5/PP3PP1/2K4R b - - 0 20
WB	0.35	-0.66	c1g5	f3d4	r1b1k2r/ppp1bppp/2n5/7q/3pN3/5N2/PPP2PPP/R1BQR1K1 w kq - 1 10
WB	0.77	-0.53	a4a5	e4g3	1rb1k2r/p1p1bppp/8/1p6/P2RN3/2P1B3/1P3PPP/3R2K1 w k - 1 18
WB	4.99	-4.54	d4d8	d1f1	1rb2k1r/p1p1bppp/8/1p6/P2R4/2P1B1N1/1P3PPP/3R2K1 w - - 3 19
WB	0.57	-0.54	d4a4	d4d2	1rb2k1r/p1p1bppp/8/8/p2R4/2P1B1N1/1P3PPP/5RK1 w - - 0 20
BB	0.38	0.95	h7g6	f7g6	r2q1rk1/pp1nbppp/2p1pnN1/3p4/3P1B2/3BP3/PPP1NPPP/R2Q1RK1 b - - 0 10
BB	1.89	1.18	b6d8	b6b2	r4r2/pp1nbkpp/1qp1pnp1/2Pp4/3P1B2/3BP3/PP2NPPP/2RQ1RK1 b - - 0 13
BB	0.66	3.87	b4b1	a7a5	r4r2/pp1nbkpp/2p1pnp1/2Pp4/1q1P1B2/3BP3/P1R1NPPP/1Q3RK1 b - - 3 15
BB	3.21	0.57	a3c3	a3c3	r4r2/1R1nbkpp/2p1pnp1/p1Pp4/3P1B2/q1NBP3/P4PPP/1Q3RK1 b - - 0 18
BB	0.13	3.80	c3a3	c3d2	r4r2/1R1nbkpp/2p1pnp1/p1Pp4/3P1B2/2qBP3/P4PPP/1QR3K1 b - - 1 19
BB	-3.84	1.12	e7e5	a7a5	r1b1kb1r/pp2pppp/2n2n2/1Bq5/5B2/2N1P3/PPP2PPP/R2QK2R b KQkq - 1 8
BB	-3.02	1003.01	c8d7	h7h5	r1b1kb1r/1pB1pppp/2n2n2/pBq5/8/2N1P3/PPP2PPP/R2QK2R b KQkq - 1 9
WB	1.89	-0.71	c1b2	d1c2	rn1qkb1r/p3pppp/4b3/3n4/2pP4/2N1PN2/5PPP/R1BQKB1R w KQkq - 2 10
WB	1.57	-3.48	e3e4	f1c4	r2qkb1r/p2npppp/4b3/8/2pP4/2Q1PN2/5PPP/R1B1KB1R w KQkq - 1 12
WB	-1.84	-1.73	f3d2	f3e5	2rqkb1r/p2npppp/4b3/8/2BP4/2Q1PN2/5PPP/R1B1K2R w KQk - 1 13
WB	-3.53	-0.66	c4b5	d4e5	2rqkb1r/p3pppp/4b3/4n3/2BP4/2Q1P3/5PPP/R1B1K2R w KQk - 0 14
WB	-3.57	-0.53	c3b2	c3a1	2rqkb1r/R3pppp/8/3bP3/8/2Q1P3/5PPP/2B1K2R w Kk - 1 16
WB	-3.42	-2.36	h1g1	a1a4	2rqkb1r/R3pppp/8/4P3/8/4P3/5PbP/Q1B1K2R w Kk - 0 17
WB	-5.85	-3.11	a4g4	a7e7	2rqkb1r/R3pppp/2b5/4P3/Q7/4P3/5P1P/2B1K2R w Kk - 2 18
WB	-9.05	-990.84	a4d4	a4c4	2rqk2r/4bppp/2b5/4P3/Q7/4P3/5P1P/2B1K2R w Kk - 0 19
WB	-10.09	-989.82	c4f7	c4d5	2rqk2r/3bbppp/8/4P3/2Q5/4P3/5P1P/2B1K2R w Kk - 2 20
BB	-9.37	0.74	d8c7	b8c6	rn1qkb1r/pp1bpppp/8/7n/1p2P3/8/PBPP1PPP/RN2K1NR b KQkq - 1 6
BB	-11.57	1.04	h5f4	e8g8	r2qk2r/pp1bppbp/2n5/7n/1p2P3/2P5/P2P1PPP/RN2K1NR b KQkq - 0 8
BB	-11.32	0.61	c6b4	g7a1	r2q1rk1/pp1bppbp/2n5/7n/1P2P3/8/P2P1PPP/RN2K1NR b KQ - 0 9
BB	-11.58	0.76	c6e5	d8b6	r2q1rk1/pp1bpp1p/2n5/1P5n/4P3/8/P2P1PPP/bN2K1NR b K - 0 10
BB	-999.96	991.64	c6b5	a2a5	r4rk1/pp2ppnp/2b5/8/4P3/3P3P/q4PP1/b3K1NR b - - 0 15
BB	-999.97	988.46	e5b2	e5h2	r4rk1/pp2ppnp/5b2/4q3/8/3P3P/3K1PbR/6N1 b - - 1 19
WB	0.01	-0.60	e2e4	c1f4	r1bqk2r/pp3ppp/2nbpn2/2pp4/8/2NP1NP1/PPP1PPBP/R1BQ1RK1 w kq - 3 7
WB	1.20	-1001.17	g1h1	a2a4	r1b1k2r/pp3ppp/6q1/2p1P3/3pP3/8/PPPQPPBP/R4RK1 w kq - 1 14
BB	1.01	0.94	c5e7	e8g8	r1b1k2r/1pq2pp1/p1p2n2/2b1p2p/4PP2/2NB3P/PPP3P1/R1B1QR1K b kq - 2 12
BB	1.61	1.28	c5e7	c8e6	r1b2rk1/1pq2pp1/p1p2n2/2b1p2p/4PP1Q/2NB3P/PPP3P1/R1B2R1K b - - 4 13
BB	0.72	3.11	f6d7	c7e5	r4rk1/1pq2pp1/p1p1bn2/2b1P2p/4P2Q/2NB3P/PPP3P1/R1B2R1K b - - 0 14
BB	2.27	3.75	f6h7	c5d6	r4rk1/1p3pp1/p1p1bn2/2b3Qp/3qPB2/2NB3P/PPP3P1/R4R1K b - - 3 16
BB	4.66	1.29	d6e7	f6h7	r4rk1/1p3pp1/p1pbbn2/4P1Qp/3q1B2/2NB3P/PPP3P1/R4R1K b - - 0 17
BB	5.89	6.14	g8h7	g8h8	r4rk1/1p3ppB/p1pbb3/4P1Qp/3q1B2/2N4P/PPP3P1/R4R1K b - - 0 18
BB	8.04	991.94	f7f5	d6b4	r4r1k/1p3pp1/p1pbb3/4P1Qp/3qBB2/2N4P/PPP3P1/R4R1K b - - 2 19
BB	-0.50	0.58	a7a6	d8c7	r1bqkb1r/pp1n1ppp/4pn2/1Bpp4/3P4/2N1PN2/PPP2PPP/R1BQ1RK1 b kq - 3 6
BB	-2.48	2.39	f8c5	f7f5	3rkb1r/1p3ppp/p1b1p3/4N3/2P5/4P2P/P3N1P1/R4RK1 b k - 2 18
BB	-1.64	1.45	f8c5	h7h5	3rkb1r/6pp/p1p1p3/5p2/2P5/4P2P/P3N1P1/3R1RK1 b k - 1 20
BB	-0.39	3.44	d4f3	e8g8	r1bqk2r/pp2bppp/3p4/2pPp3/2Bn4/2PP1N2/PP3PPP/R1BQ1RK1 b kq - 0 9
BB	2.72	1.28	c5d4	e5d4	r1bq1rk1/pp2bppp/3p4/2pPp3/2BP4/3P1N2/PP3PPP/R1BQ1RK1 b - - 0 10
BB	3.47	0.55	g7g5	d8c7	r2q1rk1/pp1bbppp/3p4/2pP4/P1Bp1B2/3P1N2/1P3PPP/R2Q1RK1 b - - 2 12
BB	3.66	0.91	c5b4	e7f6	r4rk1/ppqbbppp/3p4/2pP4/PPBp1B2/3P1N2/5PPP/R2Q1RK1 b - - 0 13
BB	3.93	0.68	g8f8	d8d5	r2q1Bk1/pp3ppp/5b2/1b1P4/Pp1p4/3P1N2/5PPP/2RQ1RK1 b - - 0 17
BB	4.21	1.12	b5c6	a7a5	r5k1/pp3ppp/5b2/1b1q4/PB1p4/3P1N2/5PPP/2RQ1RK1 b - - 0 18
BB	4.08	1.47	b5d7	a8a5	r5k1/1p3ppp/5b2/Bb1q4/P2p4/3P1N2/5PPP/2RQ1RK1 b - - 0 19
WB	0.51	-0.51	b5d7	b1b3	r1b1kb1r/1p1n1ppp/p3p3/1B1pP3/3B1P2/q1N5/P1PQ2PP/1R2K2R w Kkq - 0 13
WB	0.00	-2.46	f2b6	e1g1	r1bqkb1r/1p1n1ppp/p3p3/3pP3/B4P2/1RN5/P1PQ1BPP/4K2R w Kkq - 6 16
WB	-1.80	-0.87	f4f5	f1e1	2bqkb1r/3n1ppp/4p3/1B1pP3/5P2/1R6/r1PQ1BPP/5RK1 w k - 0 19
WB	-2.05	-1.59	f4f5	b5f1	2bqkb1r/3n1p1p/4p1p1/1B1pP3/5P2/1R6/r1PQ1BPP/4R1K1 w k - 0 20
WB	-2.39	-1.61	b3c3	f1d3	2b1kb1r/2qn1p1p/4p1p1/3pP3/5P2/1R6/r1PQ1BPP/4RBK1 w k - 2 21
WB	2.11	-1.06	d1g4	g1h3	r1bqk2r/ppp1bppp/2n1p3/4P3/2BPp3/4B3/PPP2PPP/R2QK1NR w KQkq - 4 8
WB	2.27	-1.67	h3f4	d1h5	r1bqk2r/ppp1b1pp/2n1pp2/4P3/2BPp3/4B2N/PPP2PPP/R2QK2R w KQkq - 0 9
WB	0.59	-0.59	d4e5	c4e6	r1bqk2r/ppp1b2p/2n1p1p1/4p3/2BPp1Q1/4B2N/PPP2PPP/R3K2R w KQkq - 0 11
WB	0.54	-4.65	e3d4	e6c8	r1bqk2r/ppp1b2p/4B1p1/4p3/3np1Q1/4B2N/PPP2PPP/R3K2R w KQkq - 0 12
WB	-3.98	-996.01	e1f1	e1e2	r1Bqk2r/ppp1b2p/6p1/4p3/4p1Q1/4B2N/PPn2PPP/R3K2R w KQkq - 0 13
BB	-0.04	1.60	b7b6	b8c6	rnbqkb1r/1p3ppp/4pn2/2Pp4/1P6/4PN2/P4PPP/RNBQKB1R b KQkq - 0 7
BB	-0.79	3.04	c6b4	d8c7	r1bqkb1r/1p3ppp/2n1pn2/2Pp4/1P6/P3PN2/5PPP/RNBQKB1R b KQkq - 0 8
BB	2.09	0.61	f8e7	h7h5	r1b1kb1r/1pq2ppp/2n1pn2/2Pp4/1P6/P3PN2/1B3PPP/RN1QKB1R b KQkq - 2 9
BB	2.33	0.71	c8d7	h8h6	r1b1kb1r/1pq2pp1/2n1pn2/1BPp3p/1P6/P3PN2/1B3PPP/RN1QK2R b KQkq - 1 10
BB	2.60	0.71	f8e7	h6g6	r1b1kb2/1pq2pp1/2n1pn1r/1BPp3p/1P6/P3PN1P/1B3PP1/RN1QK2R b KQq - 0 11
BB	3.04	1.55	f8e7	b7b6	r1b1kb2/1pq2pp1/2n1pnr1/1BPp3p/1P6/P3PN1P/1B3PP1/RN1Q1RK1 b q - 2 12
BB	2.70	1.00	c8d7	c8b7	r1b1kb2/2q2pp1/1pn1pnr1/1BPp3p/1P1N4/P3P2P/1B3PP1/RN1Q1RK1 b q - 1 13
BB	3.01	1.65	a8c8	e8d7	r3kb2/1b3pp1/1qn1pnr1/1B1p3p/1P1N4/P3P2P/1BQ2PP1/RN3RK1 b q - 1 15
BB	2.75	0.53	b7c6	b7c6	r4b2/1b1k1pp1/1qB1pnr1/3p3p/1P1N4/P3P2P/1BQ2PP1/RN3RK1 b - - 0 16
BB	2.73	0.81	d5d4	f8d6	r4b2/1k3pp1/4pnr1/3p3p/1P6/P1N1P2P/1B3PP1/R1R3K1 b - - 3 20
BB	0.36	0.64	f8b4	h7h5	r2qkb1r/1p3ppp/1np1p1b1/p7/P2PP3/2NBBP2/1P4PP/R2QK2R b KQkq - 3 14
BB	0.92	1.41	f8d6	h8h5	r2qkb1r/1p3pp1/1np1p1b1/p7/P2PP2p/1QNBBP1P/1P4P1/R3K2R b KQkq - 0 16
BB	1.35	0.57	d8c7	a8c8	r2qkb2/1p3pp1/1np1p1b1/p6r/P2PP2p/1QNBBP1P/1P2K1P1/R6R b q - 2 17
BB	1.20	0.59	b6d5	d8c7	2rqkb2/1p3pp1/1np1p1b1/p6r/P2PP2p/1QNBBP1P/1P3KP1/R6R b - - 4 18
BB	0.47	0.95	b6d5	c8d8	2r1kb2/1pq2pp1/1np1p1b1/p6r/P2PPP1p/1QNBB2P/1P3KP1/R6R b - - 0 19
BB	-1.50	1.54	c8f5	d6f8	r1b1k1nr/1pp3pp/p1pb1p2/5N2/4P3/2N5/PPP2PPP/R1B1K2R b KQkq - 2 9
BB	-0.15	1.18	c8f5	g8h6	r1b1kbnr/1pp3pp/p1p2p2/5N2/4P3/2N1B3/PPP2PPP/R3K2R b KQkq - 4 10
BB	0.75	0.79	c8f5	h8g8	r1b1kb1r/1pp4p/p1p2p1p/5N2/4P3/2N5/PPP2PPP/3RK2R b Kkq - 1 12
BB	-0.17	1.78	d8d2	d8d7	3rkbr1/1pp4p/p1p1bp1p/5N2/4P3/2N5/PPPR1PPP/3R2K1 b - - 7 15
BB	1.20	0.56	d7f5	d7e6	4kbr1/1ppb3p/p1p2p1p/5N2/4P3/8/PPP1NPPP/3R2K1 b - - 1 17
BB	1.22	0.66	e6f5	e8f7	4kbr1/1pp4p/p1p1bp1p/5N2/P3P3/8/1PP1NPPP/3R2K1 b - - 0 18
BB	1.85	2.26	e6f5	g8g5	3R1br1/1pp2k1p/p1p1bp1p/5N2/P3P3/8/1PP1NPPP/6K1 b - - 2 19
BB	4.14	0.75	f8d6	e6c4	3R1b2/1pp2k1p/p1p1bp1p/5Nr1/P2NP3/8/1PP2PPP/6K1 b - - 4 20
BB	0.17	0.51	a7a6	c8e6	r1bqkb1r/ppp1pppp/2np1n2/1B6/8/2N1PN2/PPPP1PPP/R1BQK2R b KQkq - 4 4
BB	0.49	0.93	e6d7	h7h5	r2qkb1r/ppp1pppp/2npbn2/1B6/8/2N1PN2/PPPP1PPP/R1BQ1RK1 b kq - 6 5
BB	0.84	0.73	e6d7	a7a5	r2qkb1r/ppp1ppp1/2npbn2/1B5p/8/2NPPN2/PPP2PPP/R1BQ1RK1 b kq - 0 6
BB	1.16	1.47	e6d7	e8d7	r2qkb1r/1pp1ppp1/2npbn2/pB5p/8/2NPPN2/PPPB1PPP/R2Q1RK1 b kq - 1 7
BB	2.42	1.61	d7c8	h5h4	r2q1b1r/1ppkppp1/2npbn2/pB5p/3P4/2N1PN2/PPPB1PPP/R2Q1RK1 b - - 0 8
BB	2.11	0.52	h4h3	h8h5	r2q1b1r/1ppkppp1/2npbn2/pB6/3P3p/P1N1PN2/1PPB1PPP/R2Q1RK1 b - - 0 9
BB	1.54	0.76	h4h3	g7g6	r2q1b2/1ppkppp1/2npbn2/pB5r/3P3p/P1N1PN2/1PPB1PPP/1R1Q1RK1 b - - 2 10
BB	0.94	0.51	e6f5	f8h6	r2q1b2/2pkpp2/2ppbnp1/p6r/3P3p/P1N1PN1P/1PPB1PP1/1R1Q1RK1 b - - 0 12
BB	0.67	0.65	d8g8	d8h8	r2q4/2pkpp2/2ppbnpb/p6r/3P3p/PPN1PN1P/2PB1PP1/1R1Q1RK1 b - - 0 13
BB	1.17	0.67	h6d2	a8b8	r6q/2pkpp2/2ppbnpb/p6r/3PP2p/PPN2N1P/2PB1PP1/1R1Q1RK1 b - - 0 14
BB	1.26	0.80	g6g5	a8b8	r6q/2pkpp2/2ppbnpb/p6r/3PP2p/PPN2N1P/1RPB1PP1/3QR1K1 b - - 4 16
BB	1.00	1.19	h6d2	b8b4	1r5q/2pkpp2/2ppbnpb/p6r/P2PP2p/1PN2N1P/1RPB1PP1/3QR1K1 b - - 0 17
BB	0.14	1.05	g6g5	b4b8	7q/2pkpp2/2ppbnpb/p6r/Pr1PP2p/1PN2N1P/1RPB1PPK/3QR3 b - - 2 18
BB	1.07	1.20	h6d2	b8b4	1r5q/2pkpp2/2ppbnpb/p6r/P2PP2p/1PN2N1P/1RPB1PP1/3QR1K1 b - - 4 19
BB	0.15	1.11	g6g5	b4b8	7q/2pkpp2/2ppbnpb/p6r/Pr1PP2p/1PN2N1P/1RPB1PPK/3QR3 b - - 6 20
WB	1.22	-0.55	e4f6	d2d3	rnbq1rk1/ppp1bppp/5n2/3P4/4N3/5N2/PPPPQPPP/R1B1KB1R w KQ - 1 7
WB	0.86	-1.11	c1g5	c1e3	rnbqr1k1/ppp1bppp/5n2/3P4/4N3/3P1N2/PPP1QPPP/R1B1KB1R w KQ - 1 8
WB	-0.20	-2.08	e1c1	e3d4	rnbqr1k1/ppp1bppp/8/3n4/4N3/3PBN2/PPP1QPPP/R3KB1R w KQ - 0 9
WB	-2.07	-2.61	d4e3	d4c5	r1bqr1k1/ppp1bppp/2n5/3n4/3BN3/3P1N2/PPP1QPPP/R3KB1R w KQ - 2 10
WB	-4.51	-1.71	e1c1	e2d1	r1bqr1k1/ppp2ppp/2n5/2bn4/4N3/3P1N2/PPP1QPPP/R3KB1R w KQ - 0 11
WB	-6.14	-0.97	f1e2	f3d2	r1bqr1k1/ppp3pp/2n5/2bn1p2/4N3/3P1N2/PPP2PPP/R2QKB1R w KQ - 0 12
WB	-7.16	-0.84	d1e2	g2g3	r1b1r1k1/ppp3pp/2n5/2bn4/4P2q/8/PPPN1PPP/R2QKB1R w KQ - 1 14
WB	-7.86	-0.78	d1e2	d1f3	r1b1r1k1/ppp3pp/2n2q2/2bn4/4P3/6P1/PPPN1P1P/R2QKB1R w KQ - 1 15
WB	-7.58	-0.65	d2f3	d2f3	r1b1r1k1/ppp3pp/2n5/2bn4/4P3/5qP1/PPPN1P1P/R3KB1R w KQ - 0 16
WB	-8.17	-0.58	e1d2	f1e2	r1b3k1/ppp3pp/2n5/2bn4/4r3/5NP1/PPP2P1P/R3KB1R w KQ - 0 17
WB	-8.68	-1.85	e1d2	a1d1	r5k1/ppp3pp/2n5/2bn4/4r1b1/5NP1/PPP1BP1P/R3K2R w KQ - 2 18
WB	-10.89	-0.54	h2h3	d1c1	r5k1/ppp3pp/2n5/2bn4/8/5bP1/PPP1rP1P/3R1RK1 w - - 0 20
WB	-11.55	-988.39	h2h3	a2a4	4r1k1/ppp3pp/2n5/2bn4/8/5bP1/PPP1rP1P/2R2RK1 w - - 2 21
WB	-0.72	-1.01	e1g1	d2d4	r2qkbnr/pp3ppp/2n1p3/2ppP3/5Pb1/5N2/PPPPB1PP/RNBQK2R w KQkq - 0 6
WB	-1.55	-0.69	e1g1	d4c5	r2qkb1r/pp2nppp/2n1p3/2ppP3/3P1Pb1/5N2/PPP1B1PP/RNBQK2R w KQkq - 1 7
WB	-2.44	-1.64	d1d3	h1f1	r2qk2r/pp3ppp/2n1p3/2bpPn2/5Pb1/2N2N2/PPP1B1PP/R1BQK2R w KQkq - 0 9
WB	-2.24	-2.04	f3g5	a2a4	r2q1rk1/pp3ppp/2n1p3/2bpPn2/5Pb1/2N2N2/PPP1B1PP/R1BQKR2 w Q - 2 10
WB	-4.15	-1.00	e2f3	f1f3	r2q1rk1/pp3ppp/2n1p3/2bpPn2/P4P2/2N2b2/1PP1B1PP/R1BQKR2 w Q - 0 11
WB	-5.16	-1.83	e2d3	d1d3	r4rk1/pp3ppp/2n1p3/2bpPn2/P4P2/2N2RP1/1PP1B2q/R1BQK3 w Q - 0 13
WB	-4.71	-2.35	g3g4	c3d5	r4rk1/1p3ppp/p1n1p3/2bpPn2/P4P2/2NQ1RP1/1PP1B2q/R1B1K3 w Q - 0 14
WB	-4.61	-1.33	f3f1	e2f1	r4rk1/1p3ppp/p1n1p3/2bNPn2/P4P2/3Q1RP1/1PP1B3/R1B1K2q w Q - 1 15
WB	-4.73	-3.98	c2c3	d3d5	r4rk1/1p3ppp/p1n5/2bpPn2/P4P2/3Q1RP1/1PP5/R1B1KB1q w Q - 0 16
WB	-6.48	-993.43	d5e4	f3b3	r4rk1/1p3ppp/p1n5/2bQPn2/P4P2/5RP1/1PP5/R1B1KBq1 w Q - 1 17
WB	5.46	-4.24	c1h6	g1f3	r1bqkb1r/ppppp1pp/n4p1n/8/3PP3/2N5/PPP2PPP/R1BQKBNR w KQkq - 3 4
WB	2.95	-1.49	c1h6	c1e3	r1bqkb1r/ppp1p1pp/n2p1p1n/8/3PP3/2N2N2/PPP2PPP/R1BQKB1R w KQkq - 0 5
WB	5.57	-3.91	e3h6	d4d5	r2qkb1r/pppbp1pp/n2p1p1n/8/3PP3/2N1BN2/PPP2PPP/R2QKB1R w KQkq - 2 6
WB	3.75	-2.08	e3h6	a2a4	r2qkb1r/pppb2pp/n2ppp1n/3P4/4P3/2N1BN2/PPP2PPP/R2QKB1R w KQkq - 0 7
WB	4.07	-1.87	e3h6	h2h4	r2q1b1r/pppbk1pp/n2ppp1n/3P4/P3P3/2N1BN2/1PP2PPP/R2QKB1R w KQ - 1 8
WB	5.99	-0.85	f1a6	f3d4	r2q1b1r/ppp1k2p/n1bpPppn/8/P3P2P/2N1BN2/1PP2PP1/R2QKB1R w KQ - 1 10
WB	7.06	-2.58	f1b5	d1d5	r4b1r/ppp1k2p/n1qpPppn/8/P3P2P/2N1B3/1PP2PP1/R2QKB1R w KQ - 0 12
WB	6.91	-1.28	d5b3	a1d1	rn3b1r/ppp1k2p/2qpPppn/3Q4/P3P2P/2N1B3/1PP2PP1/R3KB1R w KQ - 2 13
WB	7.64	-1.26	c3d5	a4a5	rn3b1r/1pp1k3/p1qpPppn/8/P3P3/1QN1B3/1PP2PP1/3RKB1R w K - 0 17
WB	7.84	-1.89	h1h8	h1h3	rn3b1r/1pp1kn2/p1qpPpp1/P7/4P3/1QN1B3/1PP2PP1/3RKB1R w K - 1 18
WB	7.67	-1.61	c3d5	e6f7	r4b1r/1ppnkn2/p1qpPpp1/P7/4P3/1QN1B2R/1PP2PP1/3RKB2 w - - 3 19
WB	7.16	-1.03	c3d5	h3h4	1r3b2/1ppnkP2/p1qp1pp1/P7/4P3/1QN1B2P/1PP2P2/3RKB2 w - - 1 21
WB	4.57	-2.34	e3a7	a2a4	r1bqkbnr/np1ppp2/p1p3pp/3P4/4P3/2N1BN2/PPP2PPP/R2QKB1R w KQkq - 0 7
WB	3.66	-2.51	d5c6	h2h4	r1bqkbnr/np2pp2/p1pp2pp/3P4/P3P3/2N1BN2/1PP2PPP/R2QKB1R w KQkq - 0 8
WB	0.88	-1.16	c3d5	a1a3	r1bqkb1r/1p2pp2/p1np1npp/8/P3P2P/2N1BN2/1PP2PP1/R2QKB1R w KQkq - 0 10
WB	0.18	-0.79	f1d3	f3d4	r1bqk2r/1p3pb1/p1nppnpp/8/P3P2P/1RN1BN2/1PP2PP1/3QKB1R w Kkq - 2 12
WB	2.24	-1.23	d4c6	f1a6	1r1qk2r/1R1b1pb1/p1nppnpp/8/P2NP2P/2N1B3/1PP2PP1/3QKB1R w Kk - 1 14
WB	2.09	-1.60	b7b8	b7b3	1r1q1rk1/1R1b1pb1/B1nppnpp/8/P2NP2P/2N1B3/1PP2PP1/3QK2R w K - 1 15
WB	1.88	-1.02	e1g1	e4d5	1r1q1rk1/3b1pb1/B1n1pnpp/3p4/P2NP2P/1RN1B3/1PP2PP1/3QK2R w K - 0 16
WB	0.87	-0.86	c3d5	d4c6	1r1q1rk1/3b1pb1/B1n1p1pp/3n4/P2N3P/1RN1B3/1PP2PP1/3QK2R w K - 0 17
WB	1.71	-1.51	a6c4	a6b5	3q1rk1/5pb1/B3p1pp/3b4/P6P/1P2B3/1P3PP1/3QK2R w K - 0 20
WB	0.46	-2.55	f2f3	b3b4	q4rk1/5pb1/4p1pp/1B1b4/P6P/1P2B3/1P3PP1/3QK2R w K - 2 21
WB	4.55	-0.93	d2d4	g1f3	rnbqk2r/pppp1pp1/5n1p/4p3/1NP5/8/PP1PPPPP/R1BQKBNR w KQkq - 0 5
WB	3.75	-2.68	f3g1	f3e5	rnbqk2r/pppp1pp1/5n1p/8/1NP1p3/5N2/PP1PPPPP/R1BQKB1R w KQkq - 0 6
WB	2.10	-2.32	f2f3	d1a4	rnbq1rk1/pppp1pp1/5n1p/4N3/1NP1p3/8/PP1PPPPP/R1BQKB1R w KQ - 2 7
WB	-0.14	-1.46	a4c2	a4b5	rnbq1rk1/ppp2pp1/7p/4P3/QNP1p1n1/8/PP2PPPP/R1B1KB1R w KQ - 1 10
WB	-0.84	-1.09	b4c2	h2h3	r1bqr1k1/pp1n1pp1/2p4p/4P3/1NPQp1n1/8/PP2PPPP/R1B1KB1R w KQ - 4 13
WB	-1.70	-3.23	b4c2	d4e4	r1bqr1k1/pp1n1pp1/2p4p/4n3/1NPQp3/7P/PP2PPP1/R1B1KB1R w KQ - 0 14
WB	-4.37	-4.24	e2e3	c2a4	r1bqr1k1/1p3pp1/2p2n1p/p3n3/1NP5/7P/PPQ1PPP1/R1B1KB1R w KQ - 0 16
WB	-5.14	-994.79	c1e3	b4c2	r2qr1k1/1p3pp1/2p2n1p/p3nb2/QNP5/7P/PP2PPP1/R1B1KB1R w KQ - 2 17
WB	0.28	-1.08	e3e4	d1f3	rnbqkb1r/1p1ppppp/2p2n2/p7/8/2N1P1P1/PPPP1P1P/R1BQKBNR w KQkq - 2 4
WB	-0.70	-0.69	d2d4	g1h3	rnbqkb1r/1p2pppp/2p2n2/p2p4/8/2N1PQP1/PPPP1P1P/R1B1KBNR w KQkq - 0 5
WB	-1.29	-1.01	d2d3	a2a4	rnbqkb1r/1p3ppp/2p2n2/p2pp3/8/2N1PQPN/PPPP1P1P/R1B1KB1R w KQkq - 0 6
WB	-1.64	-2.56	f3e2	h3f4	rnbqk2r/1p3ppp/2pb1n2/p2pp3/P7/2N1PQPN/1PPP1P1P/R1B1KB1R w KQkq - 1 7
WB	-3.44	-1.23	f2f3	c3a2	rn1qk2r/1p3ppp/2pb1n2/p3p3/P2p1Nb1/2N1P1P1/1PPP1PQP/R1B1KB1R w KQkq - 0 9
WB	-4.07	-2.18	h1g1	g2g7	rn1qk2r/1p3ppp/2pbbn2/p7/P2p1P2/4P3/NPPP1PQP/R1B1KB1R w KQkq - 1 11
WB	-4.14	-1.35	g7h6	h1g1	rn1q3r/1p1k1pQp/2pbbn2/p7/P2p1P2/4P3/NPPP1P1P/R1B1KB1R w KQ - 1 12
WB	-5.48	-0.89	b2b3	g1g5	rn1q2n1/1p1k1p1p/2pbb3/p7/P2p1P2/4P3/NPPP1P1P/R1B1KBR1 w Q - 0 14
WB	-5.59	-0.52	b2b3	b2b4	rn3qn1/1p1k1p1p/2pbb3/p5R1/P2p1P2/4P3/NPPP1P1P/R1B1KB2 w Q - 2 15
WB	-5.48	-0.64	b4b5	b4a5	r4qn1/1p1k1p1p/n1pbb3/p5R1/PP1p1P2/4P3/N1PP1P1P/R1B1KB2 w Q - 1 16
WB	-5.33	-1.99	a1b1	e3d4	r4qn1/1p1k1p1p/2p1b3/P7/Pn1p1P2/4P1R1/2PP1P1P/R1B1KB2 w Q - 0 19
WB	-6.57	-0.96	e1d1	f1e2	r4qn1/1p1k1p1p/2p5/P4b2/Pn1P1P2/6R1/2PP1P1P/R1B1KB2 w Q - 1 20
WB	-7.50	-1.12	e1f1	e1d1	r4qn1/1p1k1p1p/2p5/P4b2/P2P1P2/6R1/2nPBP1P/R1B1K3 w Q - 0 21
WB	1.78	-0.87	g2g4	f3g5	rn2kb1r/p1pp2pp/1p6/5q2/2PQb3/P4N2/1P2PPPP/R1B1KB1R w KQkq - 2 10
WB	0.97	-0.74	d4f4	b2b4	rn2kb1r/pbpp2pp/1p6/5qN1/2PQ4/P7/1P2PPPP/R1B1KB1R w KQkq - 4 11
WB	0.21	-1.39	d4f4	d4c3	r3kb1r/pbpp2pp/1pn5/5qN1/1PPQ4/P7/4PPPP/R1B1KB1R w KQkq - 1 12
WB	-1.38	-2.24	a1a2	c1e3	r3kr2/pbppb1Qp/1pn5/5qN1/1PP5/P7/4PPPP/R1B1KB1R w KQq - 1 14
WB	-3.31	-1.03	e3d2	h2h4	r3k3/pbpp4/1pn5/5rN1/1PP5/P3B3/4PPPP/b3KB1R w Kq - 0 17
WB	-3.66	-0.55	g4f5	g4f5	r3k3/1bpp4/1pn5/5rN1/1pP3PP/P3B3/4PP2/b3KB1R w Kq - 0 19
WB	-3.92	-0.56	e3d2	e3d2	r3k3/1bpp4/1pn5/5PN1/1pP4P/P1b1B3/4PP2/4KB1R w Kq - 1 20
WB	-4.50	-995.49	e2e4	f1g2	4k3/1bpp4/1pn5/5PN1/1pP4P/r1b5/3BPP2/4KB1R w K - 0 21
BB	-0.36	0.60	c5d4	b8c6	rnbqk2r/pp1p1ppp/4pn2/2p5/1bPP1B2/2N2N2/PP2PPPP/R2QKB1R b KQkq - 1 5
BB	0.24	0.76	b4c3	c6d4	r1bqk2r/pp1p1ppp/2n1pn2/2pP4/1bP2B2/2N2N2/PP2PPPP/R2QKB1R b KQkq - 0 6
BB	0.77	0.82	e6d5	d7d6	r1bqr1k1/pp1p1ppp/4pn2/2pP4/1bPn1B2/2NBP3/PP1N1PPP/R2QK2R b KQ - 2 9
BB	0.57	1.97	b7b5	g4e2	r2qr1k1/pp3ppp/3p1n2/2pp4/1bPP1Bb1/3B4/PP1NNPPP/R2Q1K1R b - - 3 12
BB	2.43	0.53	a8c8	d8b6	r2qr1k1/pp3ppp/3p1n2/3p4/1bPp1B1P/8/PP1NBPP1/R2Q1K1R b - - 0 14
BB	1.47	1.25	f6e4	a4a3	r3r1k1/1p3ppp/1q1p1n2/3p4/pbPp1B1P/7R/PP1NBPP1/R2Q1K2 b - - 1 17
BB	2.66	0.96	b4c3	a8a3	r3r1k1/1p3ppp/1q1p1n2/3p4/1bPp1B1P/P6R/P2NBPP1/R2Q1K2 b - - 0 18
BB	3.56	0.71	b6a6	a3b4	4r1k1/1p3ppp/1q1p1n2/3p4/2Pp1B1P/b7/P2NBPP1/1R1Q1K2 b - - 1 20
BB	0.15	0.65	c6e7	f5e4	r4rk1/pp3pbp/2nq2p1/1BRp1b2/3P4/1Q2BN2/PP3PPP/5RK1 b - - 9 14
BB	0.57	0.98	f7f6	c8b8	2r2rk1/p2b1pbp/2pq2p1/2Rp4/3P4/2Q1BN2/PP3PPP/2R3K1 b - - 7 19
BB	1.40	0.63	f8c8	b8b6	1r3rk1/p2b1pbp/2pq2p1/2RpN3/3P4/2Q1B3/PP3PPP/2R3K1 b - - 9 20
WB	1.10	-0.50	f1d3	h2h4	rnb1k2r/pp3ppp/2p1pn2/q2p4/1bPP4/2N1PN2/PP1B1PPP/R2QKB1R w KQkq - 5 7
WB	2.01	-1.85	c3e4	c4d5	rnb1k2r/pp3ppp/2p1p3/q2p4/1bPPn2P/2N1PN2/PP1B1PP1/R2QKB1R w KQkq - 1 8
WB	0.66	-1.42	b2c3	d2c3	rnb1k2r/pp3ppp/2p1p3/q2P4/1b1P3P/2n1PN2/PP1B1PP1/R2QKB1R w KQkq - 0 9
WB	0.40	-0.66	d5e6	d5d6	rnb2rk1/pp3ppp/2p1p3/3P4/3P3P/2q1P3/P2N1PP1/R2QKB1R w KQ - 2 12
WB	0.54	-1.55	f1d3	h1h3	rnb2rk1/pp3ppp/2pPp3/q7/3P3P/4P3/P2N1PP1/R2QKB1R w KQ - 1 13
WB	0.92	-1.25	h3g3	a2a4	rnbr2k1/pp3ppp/2pPp3/q7/3P3P/4P2R/P2N1PP1/R2QKB2 w Q - 3 14
WB	-0.11	-3.21	h3g3	d4e5	rnbr2k1/pp3ppp/2pP4/q3p3/P2P3P/4P2R/3N1PP1/R2QKB2 w Q - 0 15
WB	-3.16	-0.94	f2f4	g2h3	rn1r2k1/pp3ppp/2pP4/q3P3/P6P/4P2b/3N1PP1/R2QKB2 w Q - 0 16
WB	-3.97	-0.84	d1b1	d2c4	rn1r2k1/pp3ppp/2pP4/4q3/P6P/4P2P/3N1P2/R2QKB2 w Q - 0 17
WB	-4.57	-0.59	a1c1	a1b1	rn4k1/pp3ppp/2pr4/8/P6P/2q1P2P/3N1P2/R2QKB2 w Q - 0 19
WB	-5.13	-1.96	d1c1	b1b7	r5k1/pp1n1ppp/2pr4/8/P6P/2q1P2P/3N1P2/1R1QKB2 w - - 2 20
WB	-5.50	-4.00	f1e2	h4h5	r5k1/pR3ppp/2pr4/4n3/P6P/2q1P2P/3N1P2/3QKB2 w - - 1 21
BB	-0.47	3.95	e6d5	f6d5	rn1qkb1r/pp3ppp/2p1pn2/3PNb2/3P4/8/PP1NPPPP/R1BQKB1R b KQkq - 0 6
BB	0.95	0.86	d8e7	e8g8	rn1qk2r/pp4pp/2p1P3/3n4/1b1pN3/8/PP1B1PPP/R2QKB1R b KQkq - 3 11
BB	2.00	4.73	b4d5	b8a6	rn1q1rk1/pp4pp/2p1P3/8/1nBpN3/8/PP3PPP/R2QK2R b KQ - 1 13
BB	-0.33	0.65	f8f7	f8e8	r4rk1/pp2P1pp/n1p5/3q4/3pN3/8/PP3PPP/R2Q1RK1 b - - 0 16
BB	0.09	4.78	a6c5	e8e7	r3r1k1/pp2P1pp/n1p5/3q4/3pN3/8/PP3PPP/R2QR1K1 b - - 2 17
BB	4.91	0.61	g7f6	g7f6	r5k1/pp2r1pp/n1p2N2/3q4/3p4/8/PP3PPP/R2QR1K1 b - - 1 18
BB	5.44	1.36	d4d3	a8b8	r5k1/pp2R2p/n1p2p2/3q4/3p4/8/PP3PPP/R2Q2K1 b - - 0 19
BB	6.37	993.62	d5g5	g8h8	1r4k1/pp2R2p/n1p2p2/3q4/3p2Q1/8/PP3PPP/R5K1 b - - 2 20
BB	-2.19	8.38	d8f6	f8f7	r1bq1rk1/ppp2Np1/3p3p/3P1n1Q/2B1R3/8/PP3PPP/4R1K1 b - - 0 16
BB	6.39	993.60	c7c6	a7a5	r1b2k2/ppp3p1/3p3p/1B1P1n1Q/8/8/PP3PPP/6K1 b - - 1 20
WB	2.68	-2.25	d1a4	b1c3	r1bqkb1r/pppppppp/5n2/2P5/2n5/P4N2/1P2PPPP/RNBQKB1R w KQkq - 1 7
WB	1.31	-1.68	d1a4	b2b4	r1bqkb1r/pppp1ppp/5n2/2P1p3/2n5/P1N2N2/1P2PPPP/R1BQKB1R w KQkq - 0 8
WB	5.90	-0.85	c1g5	f3e5	r1bqk2r/pppp1ppp/8/n1P1p3/4N3/P4N2/5PPP/R1BQKB1R w KQkq - 1 12
WB	5.60	-1.31	f1e2	d1d4	r1bq1rk1/pppp1ppp/8/n1P1N3/4N3/P7/5PPP/R1BQKB1R w KQ - 1 13
WB	5.21	-2.66	f1c4	c3a1	r1bq1rk1/pppp1ppp/8/2P1N3/4N3/P1Q5/5PPP/n1B1KB1R w K - 0 15
WB	4.02	-2.34	a1d4	a1c3	r1b2rk1/ppppqppp/8/2P1N3/4N3/P7/5PPP/Q1B1KB1R w K - 1 16
WB	6.89	-4.09	f1c4	e4g3	r1b1r1k1/pppp1ppp/4q3/2P1N3/4NP2/P1Q5/6PP/2B1KB1R w K - 1 18
WB	6.92	-2.43	f1c4	h2h4	r1b1r1k1/pppp1ppp/8/2PqN3/5P2/P1Q3N1/6PP/2B1KB1R w K - 3 19
WB	5.57	-1.00	e1f2	a3a4	r1b3k1/pppp1ppp/4r3/2PqN3/5P1P/P1Q3N1/6P1/2B1KB1R w K - 1 20
WB	5.59	-0.67	e1f2	a4a5	r1b3k1/pp1p1ppp/2p1r3/2PqN3/P4P1P/2Q3N1/6P1/2B1KB1R w K - 0 21
BB	-0.28	0.68	e7e6	b8c6	rnbqkb1r/1pp1pppp/p4n2/3pN3/3P4/2N5/PPP1PPPP/R1BQKB1R b KQkq - 1 4
BB	-0.43	0.72	c6c5	c8g4	r1bqkb1r/2p1pppp/p1p2n2/3p4/3P4/2N1B3/PPP1PPPP/R2QKB1R b KQkq - 1 6
BB	-1.18	0.78	d8b8	f6e4	r2qkb1r/2p2pp1/p1p1pn2/3p1b1p/3P4/2N1B2P/PPPQPPP1/3RKB1R b Kkq - 2 10
BB	-0.47	1.04	f5e4	d5e4	r2qkb1r/2p2pp1/p1p1p3/3p1b1p/3PN3/4B2P/PPPQPPP1/3RKB1R b Kkq - 0 11
BB	-0.98	1.83	a8b8	g7g6	r2qkb1r/2p2pp1/p1p1p3/Q4b1p/3Pp3/4B2P/PPP1PPP1/3RKB1R b Kkq - 1 12
BB	-0.79	0.87	f7f6	f8b4	r2qkb1r/2p2p2/p1p1p1p1/4Qb1p/3Pp3/4B2P/PPP1PPP1/3RKB1R b Kkq - 1 13
BB	-0.68	4.66	f7f6	b4c3	r2qk2r/2p2p2/p1p1p1p1/4Qb1p/1b1Pp3/2P1B2P/PP2PPP1/3RKB1R b Kkq - 0 14
BB	3.87	1.25	f7f6	e8g8	r2qk2r/2p2p2/p1p1p1p1/4Qb1p/3Pp3/2P1B2P/P3PPP1/3RKB1R b Kkq - 0 15
BB	4.08	0.98	f7f6	d8d6	r2q1rk1/2p2p2/p1p1p1p1/4Qb1p/2PPp3/4B2P/P3PPP1/3RKB1R b K - 0 16
BB	0.00	3.85	f7f6	b4b1	r4rk1/2p2p2/p1p1p1p1/4Qb1p/1qPPpB2/7P/P2RPPP1/4KB1R b K - 4 18
BB	3.70	0.69	b1a2	b1b4	r4rk1/2p2p2/p1p1p1p1/4Qb1p/2PPpB2/7P/P3PPP1/1q1RKB1R b K - 6 19
BB	-0.37	0.58	e6c4	d8d7	r2q1rk1/pp2bppp/2npbn2/4p1N1/2B1P3/2N1B2P/PP2QPP1/R2R2K1 b - - 2 12
BB	0.03	3.40	g8h8	d6d5	r4rk1/pp1qb1pp/2nppn2/4p3/2B1P3/P1N1B2P/1P2QPP1/R2R2K1 b - - 0 14
BB	3.34	2.02	c6d4	d7c7	r4rk1/pp1qb1pp/2n1pn2/3Pp3/2B5/P1N1B2P/1P2QPP1/R2R2K1 b - - 0 15
BB	5.36	1.04	a8d8	g8f7	r4rk1/ppq1b1pp/4pn2/1B2p3/8/P1N1B2P/1P2QPP1/2RR2K1 b - - 3 18
BB	6.33	0.83	c7a5	c7a5	r4r2/ppq1bkpp/4pn2/1B2p3/4N3/P3B2P/1P2QPP1/2RR2K1 b - - 5 19
BB	-6.52	1.07	c6d4	e8e6	3rr1k1/ppp2ppp/2n5/8/4Bp2/3PbR2/PPP3PP/4RK2 b - - 7 17
BB	-6.73	0.80	f6f3	f6d6	3r2k1/ppp2ppp/2n2r2/8/4B3/3P1R2/PPP3PP/5K2 b - - 2 20
WB	0.49	-0.63	g1f3	b1c3	r1bqkb1r/ppp1pppp/n4n2/3p4/3P4/6P1/PPP1PPBP/RNBQK1NR w KQkq - 0 4
WB	0.20	-0.62	g1f3	d1d3	r1bqkb1r/ppp1pp1p/n4np1/3p4/3P4/2N3P1/PPP1PPBP/R1BQK1NR w KQkq - 0 5
WB	-0.26	-1.27	c1f4	h2h4	r1bqkb1r/pp2pp1p/n1p2np1/3p4/3P4/2NQ2P1/PPP1PPBP/R1B1K1NR w KQkq - 0 6
WB	-1.36	-0.82	c3e4	g2e4	r2qkb1r/pp2pp1p/n1p3p1/3p1b2/3Pn2P/2NQ2P1/PPP2PB1/R1B1K1NR w KQkq - 0 8
WB	-1.72	-1.14	c1d2	g1e2	2kr1b1r/pp2pp1p/n1p3p1/3q1b2/3PN2P/3Q1PP1/PPP5/R1B1K1NR w KQ - 1 11
WB	-1.23	-2.05	e1g1	d4e5	2k2b1r/pp1r1p1p/n1p3p1/3qpbB1/3PN2P/3Q1PP1/PPP1N3/R3K2R w KQ - 2 13
WB	-2.16	-1.99	d3c4	g5f6	2k2b1r/pp1r1p1p/n1p3p1/4qbB1/4N2P/3Q1PP1/PPP1N3/R3K2R w KQ - 0 14
WB	0.12	-3.52	d3e3	f6d4	2k4r/pp1r1p1p/n1p2Bp1/q4b2/1b2N2P/3Q1PP1/PPP1NK2/R6R w - - 4 16
WB	-1.93	-1.65	d3e3	a2a4	2k4r/pp1r1p1p/n1p3p1/q1b2b2/3BN2P/3Q1PP1/PPP1NK2/R6R w - - 6 17
WB	-1.70	-3.95	c2c3	d3d2	2kr4/pp1r1p1p/n1p3p1/q1b2b2/P2BN2P/3Q1PP1/1PP1NK2/R6R w - - 1 18
BB	-0.10	0.55	f8e7	b7b6	rnbqkb1r/ppp2ppp/4pn2/3p4/4P3/3P1N2/PPPN1PPP/R1BQKB1R b KQkq - 3 4
BB	0.22	0.67	f6d7	e8f8	rnbqk2r/p1p1bppp/1p2pn2/3p4/Q3P3/2PP1N2/PP1N1PPP/R1B1KB1R b KQkq - 2 6
BB	-0.31	0.76	c8d7	a7a5	rnbq1k1r/p1p1bppp/1p2pn2/3p4/Q3P3/1NPP1N2/PP3PPP/R1B1KB1R b KQ - 4 7
BB	-0.72	4.72	c8d7	f6e4	rnbq1k1r/2p1bppp/1p2pn2/p2p2B1/Q3P3/1NPP1N2/PP3PPP/R3KB1R b KQ - 1 8
BB	4.19	1.07	h8e8	c8a6	rnbq3r/2p1kppp/1p2p3/p2p4/Q3P3/1NP2N2/PP3PPP/R3KB1R b KQ - 0 10
BB	4.52	0.87	a6f1	d8d5	rn1q3r/2p1kppp/bp2p3/p2P4/Q7/1NP2N2/PP3PPP/R3KB1R b KQ - 0 11
BB	4.51	1.47	a6f1	d5c6	rn5r/2p1kppp/bp2p3/p2q4/Q7/1NP2N2/PP3PPP/3RKB1R b K - 1 12
BB	5.96	993.96	a8a6	b8a6	rn5r/1qp1k1pp/Bp2pp2/p3N3/7Q/1NP5/PP3PPP/3RK2R b K - 0 15
BB	5.78	994.21	f8e8	h7g6	r4k1r/1qpR2pp/np2ppN1/p7/7Q/1NP5/PP3PPP/4K2R b K - 3 17
WB	3.14	-2.57	f3e5	e1g1	r1bqkb1r/p4p1p/1pnp1np1/2p1p3/2P5/2NPBNP1/PP2PPBP/R2QK2R w KQkq - 0 8
WB	1.00	-0.64	e3g5	d1b3	1rbqkb1r/p4p1p/1pnp1np1/2p1p3/2P5/2NPBNP1/PP2PPBP/R2Q1RK1 w k - 2 9
WB	0.68	-0.52	b3b5	g5d2	1r1qkb1r/7p/1pnpbpp1/p1pNp1B1/P1P3n1/1Q1P1NP1/1P2PPBP/R4RK1 w k - 0 13
WB	0.70	-1.39	h2h3	d2e3	1r1qk2r/7p/1pnpbppb/p1pNp3/P1P3n1/1Q1P1NP1/1P1BPPBP/R4RK1 w k - 2 14
WB	0.89	-0.76	e2e4	b3c3	1r1q1rk1/8/1p1p1pp1/p1pPp2p/PnN3n1/1Q1P2P1/1P2PPBP/R4RK1 w - - 2 19
WB	1.19	-1.02	f2f4	g2f3	1r1q1rk1/8/1p1p1ppn/p1pPp2p/PnN5/2QP2P1/1P2PPBP/R4RK1 w - - 4 20
BB	0.35	0.60	f8d6	b8a6	rnbqkb1r/pp3ppp/2p1pn2/3p4/2PP1B2/4PN2/PP3PPP/RN1QKB1R b KQkq - 0 5
BB	0.85	0.90	f8e7	c8d7	r1bqkb1r/pp3ppp/n1p1pn2/3p4/2PP1B2/2N1PN2/PP3PPP/R2QKB1R b KQkq - 2 6
BB	1.00	1.33	f8e7	h7h5	r2qkb1r/p2b1ppp/p1p1p3/8/3P1P2/2N2N2/PP3PPP/R2Q1RK1 b kq - 0 10
BB	1.71	0.69	f8e7	a6a5	r2qkb1r/p2b1pp1/p1p1p3/7p/3P1P2/2N2N2/PP2QPPP/R4RK1 b kq - 1 11
BB	2.26	0.89	f8e7	a8b8	r2qkb1r/p2b1pp1/2p1p3/p3N2p/3P1P2/2N5/PP2QPPP/R4RK1 b kq - 1 12
BB	2.26	1.77	f8b4	b8b4	1r1qkb2/p2b1pp1/2p1p2r/p3N2p/3P1P2/2N5/PP2QPPP/3RR1K1 b - - 5 14
BB	2.34	4.33	f8e7	c6c5	3qkb2/p2b1pp1/2p1p2r/p3N2p/1r1P1P2/2N5/PPQ2PPP/3RR1K1 b - - 7 15
BB	6.58	2.70	f8c5	b4b7	3qkb2/p2b1pp1/4p2r/p1P1N2p/1r3P2/2N5/PPQ2PPP/3RR1K1 b - - 0 16
BB	9.43	1.22	f7f6	d7c6	3qkb2/pr1b1pp1/2P1p2r/p3N2p/5P2/2N5/PPQ2PPP/3RR1K1 b - - 0 17
BB	10.35	1.93	e8d8	e8d8	3Rkb2/pr3pp1/2b1p2r/p3N2p/5P2/2N5/PPQ2PPP/4R1K1 b - - 0 18
BB	11.84	988.09	d8e8	d8c8	3k1b2/pr3pp1/2N1p2r/p6p/5P2/2N5/PPQ2PPP/4R1K1 b - - 0 19
BB	-1.68	0.77	b4d2	b8c6	rnbqk1nr/pppp1ppp/8/8/1b6/4pN2/PPPBQPPP/RN2KB1R b KQkq - 3 5
BB	-1.45	0.74	d8e7	d7d5	r1bqk1nr/pppp1ppp/2n5/8/1b6/4PN2/PPPBQ1PP/RN2KB1R b KQkq - 0 6
BB	-1.17	0.93	d5e4	c8e6	r1bqk1nr/ppp2ppp/2n5/3p4/1b2P3/5N2/PPPBQ1PP/RN2KB1R b KQkq - 0 7
BB	-0.48	3.50	d8e7	g8f6	r2qk1nr/ppp2ppp/4b3/3p4/1n2P3/2N2N2/PPP1Q1PP/R3KB1R b KQkq - 1 9
BB	0.23	5.17	d5b4	e8d7	r2qk2r/pQp2ppp/2n1b3/3n4/8/2N2N2/PPP3PP/R3KB1R b KQkq - 0 12
BB	4.75	0.98	a8b8	e6d5	r2q3r/pQpk1ppp/2n1b3/3N4/8/5N2/PPP3PP/R3KB1R b KQ - 0 13
BB	5.55	3.32	d7e7	d7e6	r2q3r/pQpk1ppp/2n5/3b4/8/5N2/PPP3PP/2KR1B1R b - - 1 14
BB	5.75	2.59	e6f6	d8d6	r2q3r/p1p2ppp/Q1n1k3/3b4/8/5N2/PPP3PP/2KR1B1R b - - 3 15
BB	4.54	3.73	d6f4	b4a2	r6r/p1p2ppp/3qk3/1Q1b4/1nB5/5N2/PPP3PP/2KR3R b - - 7 17
BB	6.55	4.53	a2c3	a2b4	r6r/p1p2ppp/3qk3/1Q1b4/2B5/5N2/nPP3PP/1K1R3R b - - 1 18
BB	11.50	988.36	e6f6	b4d5	r6r/p1p2ppp/3qk3/1Q1B4/1n6/5N2/1PP3PP/1K1R3R b - - 0 19
BB	6.96	993.02	e6f6	d5e3	r6r/p1p2ppp/3qk3/1Q1n4/8/5N2/1PP3PP/1K1RR3 b - - 1 20
WB	0.34	-1.35	c4a4	b2b3	2kr1b1r/pppq1ppp/2n1pn2/8/2Q5/2N1P3/PP1P1PPP/R1B1KB1R w KQ - 2 9
WB	-1.24	-0.80	f4c4	h2h4	2kr1b1r/1pp2ppp/p3pn2/8/5Q2/1PNqP3/P2P1PPP/1RB1K2R w K - 0 13
WB	-1.05	-4.53	f4c4	f4e5	2kr1b1r/1pp2pp1/p3pn2/7p/5Q1P/1PNqP3/P2P1PP1/1RB1K2R w K - 0 14
WB	-3.14	-2.22	e1f1	e1g1	2kr3r/1pp2pp1/p2bpnq1/7p/3Q3P/1PN1P3/P2P1PP1/1RB1K2R w K - 4 16
WB	-4.48	-995.34	g2g3	c1b2	2k4r/1pp2pp1/p3pq2/7p/3P2nP/1PN5/P2P1PP1/1RB2RK1 w - - 3 20
BB	-0.24	0.62	d7d5	b8c6	rnbqkbnr/pppp1ppp/4p3/8/3P4/7N/PPP1PPPP/RNBQKB1R b KQkq - 1 2
BB	-0.24	1.14	d7d5	h7h5	r1bqkbnr/pppp1ppp/2n1p3/6N1/3P4/8/PPP1PPPP/RNBQKB1R b KQkq - 3 3
BB	-1.58	1.21	e6e5	f6e4	r2qkb1r/pppb1pp1/2n1pn2/3p2Np/3P4/8/PPP1PPPP/RNBQKB1R b KQkq - 5 7
BB	-1.18	0.54	d8e7	e6e5	r2qkb1r/pppb1pp1/2n1p3/7p/3Pp3/8/PPP1PPPP/RNBQKBR1 b Qkq - 1 9
BB	-2.61	1.26	d8e7	c6e5	r2qkb1r/pppb1pp1/2n5/4P2p/4p3/8/PPP1PPPP/RNBQKBR1 b Qkq - 0 10
BB	-2.14	2.50	d8f6	e5g6	r2qkb1r/pppb1pp1/8/4n2p/3Qp3/8/PPP1PPPP/RNB1KBR1 b Qkq - 1 11
BB	-0.29	1.58	a8b8	a7a5	r2qkb1r/pQp2pp1/4b1n1/7p/8/8/PPP1PPPP/RNB1KBR1 b Qkq - 0 13
BB	-0.24	1.62	f8e7	d7e6	r2qkb1r/1Qpb1pp1/6n1/p6p/8/8/PPP1PPPP/RNB1KBR1 b Qkq - 3 15
BB	-10.46	4.76	c8g4	d3c1	r1bqkb1r/ppp2ppp/8/8/4p3/1BPn4/PP1PKPPP/R1BQ3R b kq - 2 9
BB	-5.83	1.03	f8c5	c8e6	r1bqkb1r/ppp2ppp/8/8/4p3/1BP5/PP1PKPPP/R1Q4R b kq - 0 10
BB	-5.49	1.21	f8c5	h7h5	r2qkb1r/ppp2ppp/4b3/8/4p3/1BP5/PP1PKPPP/R1Q1R3 b kq - 2 11
BB	-5.82	0.90	f8c5	h8h6	2k2b1r/ppp2pp1/4b3/7p/4R3/1BP5/PP1r1PPP/R5K1 b - - 0 16
BB	-5.53	1.08	d2b2	c8b8	2k2b2/ppp2pp1/4b2r/7p/4R3/1BP5/PP1r1PPP/4R1K1 b - - 2 17
BB	-8.59	1008.58	h6e6	d2b2	1k3b2/ppp3p1/4R2r/7p/8/2P5/PP1r1PPP/4R1K1 b - - 0 19
WB	0.34	-0.57	b2b3	a2a4	rnbq1rk1/p3bppp/1pp1pn2/3p4/2PP4/5NP1/PPQ1PPBP/RNB2RK1 w - - 0 8
WB	0.48	-0.93	a1a3	b2a3	r1bq1rk1/p2n1pp1/1pp1pn1p/3p4/P1PP1B2/b4NP1/1PQ1PPBP/R4RK1 w - - 0 11
WB	4.10	-0.72	a1d1	g2c6	r1bqr1k1/p4pp1/1pp1p2p/4P2n/P1Pp4/P3B1P1/2Q1PPBP/R4RK1 w - - 0 15
WB	5.26	-1.78	c2d2	a8e4	B1b1r1k1/p4pp1/1p2p2p/4P2n/P1P5/P3p1P1/2QqPP1P/R4RK1 w - - 1 17
WB	5.40	-6.37	c2d2	f2e3	2b1r1k1/p5p1/1p2p2p/4Pp1n/P1P1B3/P3p1P1/2QqPP1P/R4RK1 w - f6 0 18
WB	-0.51	-1.49	a1d1	c2b2	2b1r1k1/p5p1/1p2p2p/4P2n/P1P1p3/P3q1P1/2Q1P1KP/R4R2 w - - 0 20
WB	-1.50	-1.59	a4a5	b2c2	4r1k1/p2b2p1/1p2p2p/4P2n/P1P1p3/P3q1P1/1Q2P1KP/R4R2 w - - 2 21
WB	-0.10	-3.57	e2e4	c1e3	r2qk2r/ppp2pp1/2nbbn1p/3pp3/8/P1NP1NP1/1PP1PPBP/R1BQ1RK1 w kq - 1 8
WB	-3.24	-0.87	b2b4	d1d2	r2q1rk1/ppp2pp1/2nbbn1p/4p3/8/P1BP1NP1/1PP1PPBP/R2Q1RK1 w - - 1 11
WB	-4.03	-2.28	b2c3	d2c3	r2q1rk1/ppp2pp1/2nbb2p/4p3/P7/2nP1NP1/1PPQPPBP/R4RK1 w - - 0 13
WB	-5.82	-0.58	c3c6	f3e5	r2q1rk1/ppp2pp1/2n1b2p/4p3/Pb6/2QP1NP1/1PP1PPBP/R4RK1 w - - 1 14
WB	-6.02	-0.89	f2f4	g2c6	1r1q1rk1/p1p2pp1/2p1b2p/8/P7/2PP2P1/2P1PPBP/R4RK1 w - - 1 17
WB	-6.54	-0.71	f3d5	g1g2	1r3rk1/p1p3p1/3q3p/3b1p2/P7/2PP1BP1/2P1PP1P/R4RK1 w - - 2 20
WB	0.61	-0.52	f1g2	a2a3	r1bqk2r/pppp1ppp/2n1pn2/8/1b1PP3/2N3P1/PPP2P1P/R1BQKBNR w KQkq - 3 5
WB	0.19	-2.36	d1g4	d1f3	r1bqk2r/pppp1ppp/2n1p3/8/3Pn3/P1P3P1/2P2P1P/R1BQKBNR w KQkq - 0 7
WB	-1.72	-0.97	f1g2	a1b1	r1bqk2r/ppp2ppp/2n5/3pp3/3Pn3/P1P2QP1/2P1NP1P/R1B1KB1R w KQkq - 0 9
WB	-2.56	-0.88	f1g2	h2h4	r1bq1rk1/ppp2ppp/2n5/3pp3/3Pn3/P1P2QP1/2P1NP1P/1RB1KB1R w K - 2 10
WB	-2.75	-0.87	f1g2	g3g4	r1b2rk1/ppp1qppp/2n5/3pp3/3Pn2P/P1P2QP1/2P1NP2/1RB1KB1R w K - 1 11
WB	-3.12	-0.62	d4e2	c1e3	r1b2rk1/ppp1qppp/8/3p4/3N2PP/P1n2Q2/2P2P2/1RB1KB1R w K - 1 14
WB	-3.16	-3.10	f1d3	d4f5	r1b2rk1/ppp2ppp/8/3Q4/3N2PP/q3B3/2P2P2/1n2KB1R w K - 0 16
WB	-5.56	-0.90	c2c3	c2c3	r1b2rk1/ppp2ppp/8/3Q1N2/1q4PP/4B3/2P2P2/1n2KB1R w K - 2 17
WB	-6.54	-2.38	d5d2	d5f3	r1b2rk1/ppp2ppp/8/3Q1N2/1q4PP/2n1B3/5P2/4KB1R w K - 0 18
WB	-7.08	-992.89	f1d3	h4h5	r1br2k1/ppp2ppp/8/5N2/1q4PP/2n1BQ2/5P2/4KB1R w K - 2 19
BB	0.07	1.40	d5e4	h7h5	r2qkb1r/ppp2ppp/2n1bn2/3p4/3pP3/3B1N2/PPPN1PPP/R1BQR1K1 b kq - 5 7
BB	1.09	0.87	c6e5	d5e4	r2qkb1r/ppp2pp1/2n1bn2/3p2Np/3pP3/3B4/PPPN1PPP/R1BQR1K1 b kq - 1 8
BB	-0.65	1000.64	f8e7	e6g4	r2qkb1r/ppp2pp1/2n1b3/6Np/3pN3/8/PPP2PPP/R1BQR1K1 b kq - 0 10
WB	0.59	-1.13	a2a4	d2b3	rnbqkbnr/1p3ppp/p2pp3/2pP4/4P3/8/PPPN1PPP/R1BQKBNR w KQkq - 0 5
WB	-0.45	-0.74	d5e6	d1f3	rnbqkb1r/1p3ppp/p2ppn2/2pP4/4P3/1N6/PPP2PPP/R1BQKBNR w KQkq - 2 6
WB	-1.30	-0.69	f3g3	f3d3	rn1qk2r/1p2bppp/p2p1n2/2pP4/6b1/1N3Q1N/PPP2PPP/R1B1KB1R w KQkq - 1 9
WB	-1.56	-0.66	d3d2	d3d1	r2qk2r/1p2bppp/p2p1n2/2pPn3/6b1/1N1Q3N/PPP1BPPP/R1B1K2R w KQkq - 5 11
WB	-1.59	-0.64	e1g1	d1d3	r2qk2r/1p2bppp/p2p1nn1/2pP4/8/1N5P/PPP1BP1P/R1BQK2R w KQkq - 1 13
WB	-2.11	-1.95	d3f3	g1g4	r1q1r1k1/1p2bppp/p2p1nn1/2pP4/P7/1N1Q3P/1PP1BP1P/R1B1K1R1 w Q - 1 16
WB	-3.89	-0.52	d3g3	d3d1	r1q1r1k1/1p2bppp/p2p1n2/2pPn3/P5R1/1N1Q3P/1PP1BP1P/R1B1K3 w Q - 3 17
WB	-4.34	-1.68	h2h3	g4h5	r1q1r1k1/1p2bpp1/p2p4/2pPn2p/P5P1/1N6/1PP1BP1P/R1BQK3 w Q - 0 19
WB	-5.51	-994.40	e2c4	e3c1	r1q1r1k1/1p3pp1/p2p4/2pP3P/P1n4b/1N2B3/1PP1BP1P/R2QK3 w Q - 3 21
BB	0.20	0.62	d5c4	c8d7	r1bqkb1r/1pp2ppp/p1n1pn2/3p4/2PP4/3BPN2/PP3PPP/RNBQ1RK1 b kq - 3 6
BB	0.41	1.05	d5c4	h7h5	r2qkb1r/1ppb1ppp/p1n1pn2/3p4/2PP4/3BPN1P/PP3PP1/RNBQ1RK1 b kq - 0 7
BB	1.41	0.92	f8b4	h5h4	r2qkb1r/1ppb1pp1/p1n1pn2/3p3p/2PP4/2NBPN1P/PP3PP1/R1BQ1RK1 b kq - 1 8
BB	1.36	0.58	f8b4	h8h5	r2qkb1r/1ppb1pp1/p1n1pn2/3p4/2PP3p/1PNBPN1P/P4PP1/R1BQ1RK1 b kq - 0 9
BB	1.67	0.80	f8b4	d5c4	r2qkb2/1ppb1pp1/p1n1pn2/3p3r/2PP3p/1PNBPN1P/PB3PP1/R2Q1RK1 b q - 2 10
BB	1.68	0.98	d8e7	e6e5	r2qkb2/1ppb1pp1/p1n1pn2/7r/2BP3p/1PN1PN1P/PB3PP1/R2Q1RK1 b q - 0 11
BB	0.83	1.13	e5e4	d7e6	r2qkb2/1ppb1pp1/p1n2n2/4p2r/2BP3p/1PN1PN1P/PB1Q1PP1/R4RK1 b q - 1 12
BB	1.50	1.99	d8d6	c6d4	r2qkb2/1pp3p1/p1n1pn2/7r/3P3p/1PN2N1P/PB2QPP1/R4RK1 b q - 0 15
BB	-1.94	1.38	d4d2	f8b4	2kr1b2/1pp3p1/p3pn2/4r3/3q3p/1PN4P/PBQ2PP1/R4RK1 b - - 5 19
WB	0.16	-1.23	h2h3	a2a4	r2qk2r/ppp2pp1/2np1n1p/2b1p3/2B1P1b1/2NP1N2/PPPB1PPP/R2Q1RK1 w kq - 2 8
WB	-0.66	-2.11	b2b4	f1e1	r2qk2r/ppp2pp1/3p1n1p/1Nb1p3/P1B1P3/3P1P1b/1PPB1P1P/R2Q1RK1 w kq - 1 11
WB	-2.97	-0.52	d3d4	a4a5	r2qk2r/1pp2pp1/p2p3p/2b1p2n/P1B1P3/2NP1P1b/1PPB1P1P/R2QR1K1 w kq - 2 13
WB	-3.47	-3.03	g1h1	d1e2	r3k2r/1pp2pp1/p2p3p/P1b1p2n/2B1P2q/2NP1P1b/1PPB1P1P/R2QR1K1 w kq - 1 14
WB	-3.89	-996.09	e3f4	e2d2	r4rk1/1pp2pp1/p2p3p/P1b1p3/2B1Pn1q/2NPBP1b/1PP1QP1P/R3R1K1 w - - 5 16
WB	0.55	-0.58	e1g1	d4e5	rnbq1rk1/ppp2pbp/3p1np1/4p3/2PPP3/2N2N2/PP2BPPP/R1BQK2R w KQ - 0 7
WB	3.75	-1.18	h2h3	d1d6	r1b2rk1/ppP2p1p/n5p1/6B1/2P1q1n1/2P2N2/P3BPPP/R2QK2R w KQ - 1 12
WB	3.80	-3.80	e1g1	f3d4	r1b1r1k1/ppP2p1p/n2Q2p1/6B1/2P1q1n1/2P2N2/P3BPPP/R3K2R w KQ - 3 13
WB	0.00	-4.57	e1c1	e1d2	r1b1r1k1/ppP2p1p/n2Q2p1/6B1/2PN2n1/2P5/P3BPqP/R3K2R w KQ - 0 14
WB	2.86	-6.56	a1f1	h2h4	r1b1r1k1/ppP2p1p/n2Q2p1/6B1/2PN2n1/2P5/P2KBq1P/R6R w - - 0 15
WB	3.26	-8.05	a1f1	a2a4	r3r1k1/ppP2p1p/n2Q2p1/5bB1/2PN2nP/2P5/P2KBq2/R6R w - - 1 16
WB	1.31	-6.05	a1f1	a4a5	r3r1k1/ppP2p2/n2Q2p1/5bBp/P1PN2nP/2P5/3KBq2/R6R w - - 0 17
WB	0.00	-1.85	d6d5	f1g1	2r1r1k1/ppP2p2/n2Q2p1/P4bBp/2PN2nP/2P5/3KB1q1/R4R2 w - - 3 19
WB	1.12	-1.12	a1f1	g1f1	2r1r1k1/ppP2p2/n2Q2p1/P4bBp/2PN2nP/2P5/3KBq2/R5R1 w - - 5 20
BB	0.78	3.20	e7e5	c8e6	r1bqk1nr/ppp1ppbp/2np2p1/8/3PP3/2N1BP2/PPP3PP/R2QKBNR b KQkq - 2 5
BB	3.69	1.09	e6d5	g7h6	r2qk1nr/ppp1ppbp/2npb1p1/3P4/4P3/2N1BP2/PPP3PP/R2QKBNR b KQkq - 0 6
BB	-2.25	2.19	c7c6	g8g7	r2q1rk1/pppbpp1p/3p1npb/1B1P4/2Q1P3/2N2P2/PPP1N1PP/R3K2R b KQ - 6 11
BB	-0.08	0.73	f6d7	d8d7	r2q1r2/pppBppkp/3p1npb/3P4/2Q1P3/2N2P2/PPP1N1PP/R3K2R b KQ - 0 12
BB	-0.66	1.03	a7a5	b7b6	r4r2/pppqppkp/3p1npb/3P4/1Q2P3/2N2P2/PPP1N1PP/R3K2R b KQ - 1 13
BB	-0.36	1.02	g7g8	a7a5	r4r2/p1pqppkp/1p1p1npb/3P4/3QP3/2N2P2/PPP1N1PP/R3K2R b KQ - 1 14
BB	-0.97	2.64	b6b5	f8h8	r4r2/2pqppkp/1p1p1npb/p2P4/3QP3/P1N2P2/1PP1N1PP/R3K2R b KQ - 0 15
BB	0.00	0.67	h8c8	a5a4	r6r/2pqppkp/1p1p1npb/p2P4/3QP3/P1N2P2/1PP1N1PP/R4RK1 b - - 2 16
BB	0.23	0.88	e7e5	b6b5	r6r/2pqppkp/1p1p1npb/3P4/p2QP3/P1N2P2/1PP1N1PP/4RRK1 b - - 1 17
BB	-1.54	1.45	c6d5	c8h8	r1r5/3qppkp/2pp1npb/1p1P4/p2QP3/P1N2P2/1PP1N1PP/1R3RK1 b - - 3 20
WB	0.39	-0.94	d2d4	d1a4	r2q1rk1/ppp2ppp/2np1n2/2b1pb2/2P5/2N1PNP1/PP1P1PBP/R1BQ1RK1 w - - 1 8
WB	0.29	-2.43	c3d5	f3d4	r2q1rk1/ppp2ppp/2np4/2b1pb2/Q1P1n3/2N1PNP1/PP1P1PBP/R1B2RK1 w - - 3 9
WB	-0.58	-0.95	c3e4	g2e4	r2q1rk1/ppp2ppp/2np4/2b2b2/Q1Ppn3/2N1P1P1/PP1P1PBP/R1B2RK1 w - - 0 10
WB	1.33	-1.00	c2b1	f5h7	r4rk1/ppp2ppp/3p1q2/2b2B2/1nP5/2p1P1P1/PPQP1P1P/R1B2RK1 w - - 3 13
WB	0.38	-1.73	c2c3	c2e4	r4r1k/ppp2ppB/3p1q2/2b5/1nP5/2p1P1P1/PPQP1P1P/R1B2RK1 w - - 1 14
WB	-1.36	-2.66	d2d4	e4h4	r4r1k/ppp2p1B/3p1qp1/2b5/1nP1Q3/2p1P1P1/PP1P1P1P/R1B2RK1 w - - 0 15
WB	-3.60	-0.53	f2f4	c1b2	r4r2/ppp2p1k/2np2p1/2b5/2P4P/2P1P3/P2P1P1P/R1B2RK1 w - - 1 18
WB	2.27	-2.04	c4f7	d1d3	r2qk1nr/1pp1ppbp/p1np2p1/8/2BPP1b1/2N2N2/PPP2PPP/R1BQ1RK1 w kq - 4 7
WB	0.58	-1.10	f3g5	c1g5	r2qk2r/1pp1ppbp/p1np1np1/8/2BPP1b1/2NQ1N2/PPP2PPP/R1B2RK1 w kq - 6 8
WB	-0.27	-1.47	f3f4	h2h4	r2q1rk1/1pp1ppbp/p1np1np1/6B1/2BPP3/2NQ1P2/PPP2P1P/R4RK1 w - - 1 10
WB	-0.57	-0.55	d3d2	a2a4	r2qr1k1/1pp1ppbp/p1np1np1/6B1/2BPP2P/2NQ1P2/PPP2P2/R4RK1 w - - 1 11
WB	-0.61	-3.11	g1g2	c4d5	r2qr1k1/1pp2pbp/p1nppnp1/6B1/P1BPP2P/2NQ1P2/1PP2P2/R4RK1 w - - 0 12
WB	-3.62	-1.43	c3d5	e4d5	r2qr1k1/1pp2pbp/p1np1np1/3p2B1/P2PP2P/2NQ1P2/1PP2P2/R4RK1 w - - 0 13
WB	-4.84	-0.61	g5f6	d3c4	r2qr1k1/1pp1npbp/p2p1np1/3P2B1/P2P3P/2NQ1P2/1PP2P2/R4RK1 w - - 1 14
WB	-5.06	-0.79	c3e4	g1g2	r2qr1k1/1pp2pbp/p2p1np1/3P1nB1/P1QP3P/2N2P2/1PP2P2/R4RK1 w - - 3 15
WB	-4.56	-0.72	g5f6	g5f4	r2q2k1/1pp1rpb1/p2p1npp/3P1nB1/P1QP3P/2N2P2/1PP2PK1/R6R w - - 0 17
WB	-5.11	-4.00	f4d2	c3e2	r2q2k1/1pp1rpb1/p2p2pp/3P1n1n/P1QP1B1P/2N2P2/1PP2PK1/R6R w - - 2 18
WB	-9.15	-0.67	f4h6	c4e2	r2q2k1/1pp2pb1/p2p2pp/3P1n1n/P1QP1B1P/5P2/1PP1rPK1/R6R w - - 0 19
WB	-9.30	-1.75	f1e2	f1e2	r2q2k1/1pp2pb1/p2p2pp/3P1n2/P2P3P/5P2/1PP1nP2/R4K1R w - - 0 21
BB	-1.76	1.29	e4d3	d8d4	r1bqkb1r/ppp2ppp/2n2n2/4p1N1/4p3/3P4/PPP1BPPP/RNBQ1RK1 b kq - 1 6
BB	-5.83	1.67	f8a3	a1a2	r1b1kb1r/ppp2ppp/2n2n2/4p1N1/4p3/NP1P4/P1P1BPPP/q1BQ1RK1 b kq - 1 8
BB	-7.09	0.93	a3c1	e8g8	r1b1k2r/ppp2ppp/2n2n2/1B2p1N1/4P3/bP6/q1P2PPP/2BQ1RK1 b kq - 1 10
BB	-4.12	0.60	d8d1	f6e4	r1bqkb1r/ppp2ppp/5n2/4n3/4P3/8/PPP1BPPP/RNBQ1RK1 b kq - 0 7
BB	-6.16	1.22	g5e6	e5g6	r1bk1b1r/ppp2ppp/8/4n1n1/8/2N5/PPP1BPPP/R4RK1 b - - 1 10
BB	-10.84	0.66	d8d7	g5e4	r1bkr3/5ppp/pp1p2n1/6n1/8/8/PPP2PPP/3R2K1 b - - 1 16
BB	-999.95	988.57	g6f4	c7c3	2bkr3/2r2ppp/pp1n2n1/8/1P6/2P2P2/P5PP/6K1 b - - 0 20
WB	0.53	-0.87	e2e4	f3e5	r1bqkb1r/ppp1nppp/5n2/3Pp3/2p5/P1N2N2/1P2PPPP/R1BQKB1R w KQkq - 1 7
WB	1.51	-1.07	e2e4	d5c6	r1bqkb1r/pp2nppp/2p2n2/3PN3/2p5/P1N5/1P2PPPP/R1BQKB1R w KQkq - 0 8
WB	1.38	-1.79	d1d8	e5c4	r1bqkb1r/pp3ppp/2n2n2/4N3/2p5/P1N5/1P2PPPP/R1BQKB1R w KQkq - 0 9
WB	1.50	-0.51	c1g5	c1e3	r2qkb1r/pp3ppp/2n2n2/5b2/2N5/P1N5/1P2PPPP/R1BQKB1R w KQkq - 1 10
WB	4.09	-2.64	c3b5	g2g3	r3kb1r/ppq2ppp/2n2n2/5b2/2N5/P1N1B3/1P2PPPP/R2QKB1R w KQkq - 3 11
WB	2.24	-0.55	f1g2	h2h4	r3kb1r/pp1q1ppp/2n2n2/5b2/2N5/P1N1B1P1/1P2PP1P/R2QKB1R w KQkq - 1 12
WB	1.96	-0.52	d1d7	f1g2	r3k2r/pp1qbppp/2n2n2/5b2/2N4P/P1N1B1P1/1P2PP2/R2QKB1R w KQkq - 1 13
WB	2.13	-1.33	e1g1	g2f3	3rk2r/pp1qbppp/2n2n2/5b2/2N4P/P1N1B1P1/1P2PPB1/R2QK2R w KQk - 3 14
WB	3.29	-1.72	g3g4	c3e4	3rk2r/pp2bppp/2n1q3/5b2/2N1n2P/PQN1BBP1/1P2PP2/R3K2R w KQk - 7 16
WB	3.44	-1.15	f1e1	g1g2	3rk2r/pp2bpp1/2n1q2p/8/2N4P/PQ2BPP1/1P3P2/R4RK1 w k - 0 19
WB	3.56	-1.59	a1e1	h4g5	3rk2r/pp2bp2/2n1q2p/6p1/2N4P/PQ2BPP1/1P3PK1/R4R2 w k - 0 20
BB	-0.42	0.60	c8f5	d8d6	r1bqkb1r/ppp1pppp/2n2n2/3p4/5P2/2P1PN2/PP1P2PP/RNBQKB1R b KQkq - 0 4
BB	-0.31	0.65	a7a6	g7g6	r1b1kb1r/ppp1ppp1/2nq1n2/P2p3p/5P2/2P1PN2/1P1P2PP/RNBQKB1R b KQkq - 0 6
BB	-0.28	1.22	a7a6	c8f5	r1b1kb1r/ppp1pp2/2nq1np1/PB1p3p/5P2/2P1PN2/1P1P2PP/RNBQK2R b KQkq - 1 7
BB	0.89	3.61	a8b8	e8c8	r3kb1r/ppp1pp2/P1nq1np1/1B1p1b1p/5P2/2P1PN2/1P1P2PP/RNBQK2R b KQkq - 0 8
BB	1.70	2.95	b7b6	f8h6	2kr1b1r/ppp1pp2/P1nq1np1/1B1p1b1p/5P2/2P1PN2/1P1P2PP/RNBQ1RK1 b - - 2 9
BB	1.24	2.40	c8b8	c8b7	2kr3r/pPp1pp2/3q1npb/1B1pnb1p/5P2/2P1P3/1P1P2PP/RNBQ1RK1 b - - 0 11
BB	3.41	996.52	d6b6	d6e5	3r3r/pkp1pp2/3q1npb/1B1pPb1p/8/2P1P3/1P1P2PP/RNBQ1RK1 b - - 0 12
BB	0.80	999.18	e5d6	d8b8	k2r3r/p1p1pp2/B4npb/3pqb1p/Q7/2P1P3/1P1P2PP/RNB2RK1 b - - 3 14
WB	2.53	-0.92	a2a4	b1c3	r1bqkb1r/3pn1pp/p1p2p2/1p6/3QP3/1B6/PPP2PPP/RNB2RK1 w kq - 0 10
WB	2.08	-4.23	a2a4	a1b1	1rbqkb1r/3p2pp/p1p2pn1/1p6/3QP3/1BN1B3/PPP2PPP/R4RK1 w k - 4 12
WB	5.96	-0.52	d4b6	d4b6	1rb1kb1r/3p2pp/pqp2pn1/1p6/3QP3/1BN1B3/PPP2PPP/1R3RK1 w k - 6 13
WB	6.17	-1.06	f2f4	f1d1	2b1k2r/3p2pp/p1pb1p2/1p2n3/4P3/1BN1B3/PPP2PPP/1R3RK1 w k - 3 16
WB	5.84	-0.52	a2a4	h4h5	2b2r2/3pk1pp/p1pb1p2/1p2n3/4P2P/1BN1B3/PPP2PP1/1R1R2K1 w - - 1 18
WB	6.20	-0.70	b3c4	e3d4	2b2r2/3pk1pp/p1pb1p2/1p5P/2n1P3/1BN1B3/PPP2PP1/1R1R2K1 w - - 1 19
WB	5.95	-0.83	b3c4	d4c5	2b2r2/3pk1pp/p1p2p2/1p2b2P/2nBP3/1BN5/PPP2PP1/1R1R2K1 w - - 3 20
WB	7.81	-2.29	d1d6	c5d4	2b2r2/3pk1pp/p1pb1p2/1pB4P/2n1P3/1BN5/PPP2PP1/1R1R2K1 w - - 5 21
WB	0.73	-0.79	d4d3	c1e3	rnb1kbnr/ppp2ppp/3p1q2/8/3Q4/6P1/PPP1PPBP/RNB1K1NR w KQkq - 1 5
WB	0.62	-0.89	e4a4	b1d2	r1b1kbnr/ppp1qppp/2np4/8/4Q3/4B1P1/PPP1PPBP/RN2K1NR w KQkq - 5 7
WB	-0.01	-5.37	e4a4	h2h4	r1b1kb1r/ppp1qppp/2np1n2/8/4Q3/4B1P1/PPPNPPBP/R3K1NR w KQkq - 7 8
WB	-4.70	-0.54	c2c3	e1c1	r1b1kb1r/ppp2ppp/2np1q2/8/4B2P/4B1P1/PPPNPP2/R3K1NR w KQkq - 1 10
WB	4.73	-7.75	b3a5	a2a3	r3kb1r/ppp2ppp/3pb3/q7/1n2B2P/1N2BNP1/PPP1PP2/1K1R3R w kq - 9 14
WB	4.83	-3.64	e4c6	b3a5	r3kb1r/ppp2ppp/2npb3/q7/4B2P/PN2BNP1/1PP1PP2/1K1R3R w kq - 1 15
WB	1.64	-1.00	e3d4	e4h7	r3k2r/ppp1bppp/3pb3/n5N1/4B2P/P3B1P1/1PP1PP2/1K1R3R w kq - 2 17
WB	5.50	-2.02	g5e6	h7g6	r3k2r/ppp1b1pB/3pbp2/n5N1/7P/P3B1P1/1PP1PP2/1K1R3R w kq - 0 18
WB	6.18	-1.64	f7a2	b2b4	r4k1r/ppp1bBp1/3p1p2/n5N1/7P/P3B1P1/1PP1PP2/1K1R3R w - - 1 20
BB	-0.54	1.19	a7a5	h7h5	r2qkb1r/pp3ppp/2n1bn2/3pp3/8/1B1PBN1P/PPP2PP1/RN1Q1RK1 b kq - 2 9
BB	0.30	0.87	f8d6	d5d4	r2qkb1r/pp3pp1/2n1bn2/3pp2p/B7/3PBN1P/PPP2PP1/RN1Q1RK1 b kq - 1 10
BB	1.11	1.62	f8d6	e5e4	r2qkb1r/pp3pp1/2n1bn2/4p1Bp/B2p4/3P1N1P/PPP2PP1/RN1Q1RK1 b kq - 1 11
BB	2.52	1.85	d8b6	a8c8	r2qkb1r/pp3pp1/2n1bn2/6Bp/B2pP3/5N1P/PPP2PP1/RN1Q1RK1 b kq - 0 12
BB	4.31	0.69	d8a5	b7b5	2rqkb1r/pp3pp1/2n1bn2/4P1Bp/B2p4/5N1P/PPP2PP1/RN1Q1RK1 b k - 0 13
BB	4.60	0.78	f8c5	d8d5	2rqkb1r/p4pp1/2n1bn2/1B2P1Bp/3p4/5N1P/PPP2PP1/RN1Q1RK1 b k - 0 14
BB	4.78	0.74	c8c6	d5c6	2r1kb1r/p4pp1/2B1bn2/3qP1Bp/3p4/5N1P/PPP2PP1/RN1Q1RK1 b k - 0 15
BB	5.35	994.54	c2d1	c2b2	2r1kb1r/p4pp1/4bP2/6Bp/3N4/7P/PPq2PP1/RN1Q1RK1 b k - 0 17
WB	-0.18	-1.37	d1e2	g2g4	r2qk2r/1pp1bppp/p1p2n2/4p2b/4P3/2N2N1P/PPPP1PP1/R1BQ1RK1 w kq - 1 9
WB	-1.52	-0.58	g1g2	d2d3	r2qk2r/1pp1bppp/p1p5/4p3/4P1b1/2N2N2/PPPP1P2/R1BQ1RK1 w kq - 0 11
WB	-1.93	-2.46	g1h1	c1e3	r2q1rk1/1pp1bppp/p1p5/4p3/4P1b1/2NP1N2/PPP2P2/R1BQ1RK1 w - - 1 12
WB	-4.17	-0.94	c3e4	d3e4	r2q1rk1/1pp1b1pp/p1p5/4p3/4p1b1/2NPBN2/PPP2PK1/R2Q1R2 w - - 0 14
WB	-4.63	-6.40	f1d1	f3d4	r4rk1/1pp1b1pp/p1p5/4p3/4P1b1/2N1BN2/PPP2PK1/R2q1R2 w - - 0 15
WB	-7.77	-0.71	g2g3	g2g1	r4rk1/1pp1b1pp/p1p5/4p3/3NP3/2N1Bb2/PPP2PK1/R2q1R2 w - - 2 16
WB	-7.63	-0.99	f1a1	f1a1	r4rk1/1pp1b1pp/p1p5/4p3/3NP3/2N1Bb2/PPP2P2/q4RK1 w - - 0 17
WB	-7.08	-0.76	d4e5	d4e3	r4rk1/1pp1b1pp/p7/2p5/3BP3/2N2b2/PPP2P2/R5K1 w - - 0 19
WB	3.89	-3.88	d3e2	d3e4	r1bq1rk1/p1p2ppp/2p5/8/3Pp3/3B4/PPP2PPK/R1BQ1R2 w - - 0 11
WB	4.71	-0.63	f2f3	d1d3	r4rk1/p1p2ppp/2p5/8/3PB1bq/8/PPP2PP1/R1BQ1RK1 w - - 3 13
WB	4.90	-0.65	d3g3	c1e3	3r1rk1/p1p2ppp/2B1b3/8/3P3q/3Q4/PPP2PP1/R1B2RK1 w - - 1 15
WB	5.84	-1.65	e3c5	e3a7	5rk1/p1p2ppp/2Brb3/3P4/6q1/3QB3/PPP2PP1/R4RK1 w - - 1 17
WB	5.83	-1.22	a7c5	a7e3	2r3k1/B1p2ppp/2Brb3/3P4/6q1/3Q4/PPP2PP1/R4RK1 w - - 1 18
WB	5.76	-0.95	d5e6	a2a4	2r3k1/2p2ppp/2Brb3/3P4/7q/3QB3/PPP2PP1/R4RK1 w - - 3 19
WB	5.78	-2.10	d5e6	c2c4	3r2k1/2p2ppp/2Brb3/3P4/P6q/3QB3/1PP2PP1/R4RK1 w - - 1 20
WB	5.37	-1.69	f2f3	a4a5	3r2k1/2p2ppp/2Br4/3P4/P1P3bq/3QB3/1P3PP1/R4RK1 w - - 1 21
WB	0.73	-0.93	c2c3	b1c3	r2qkbnr/1pp1p1pp/p1n2p2/3pPb2/3P1P2/5N2/PPP3PP/RNBQKB1R w KQkq - 0 6
WB	1.13	-1.03	c3a4	a2a4	r3kbnr/1p2p1pp/pqp2p2/3pPb2/3P1P2/2NP1N2/PP4PP/R1BQ1RK1 w kq - 2 10
WB	0.88	-1.83	c3a2	d1c2	r3k1nr/1p4pp/1qp1pp2/p2pPb2/Pb1P1P2/1RNP1N2/1P4PP/2BQ1RK1 w kq - 2 13
WB	0.59	-2.66	c3b5	e5f6	r3k1nr/1p4pp/1q2pp2/p1ppPb2/Pb1P1P2/1RNP1N2/1PQ3PP/2B2RK1 w kq - 0 14
WB	-1.76	-2.38	c2e2	c1e3	r3k2r/1p4pp/1q2pn2/p1pp1b2/Pb1P1P2/1RNP1N2/1PQ3PP/2B2RK1 w kq - 0 15
WB	-4.22	-0.67	c3b5	b3b4	r3k2r/1p4pp/1q2pn2/p2p1b2/PbpP1P2/1RNPBN2/1PQ3PP/5RK1 w kq - 0 16
WB	-5.24	-0.66	c3e4	f3e5	r3k2r/1p4pp/4pn2/q2p1b2/1ppP1P2/2NPBN2/1PQ3PP/5RK1 w kq - 0 18
WB	-5.69	-1.07	b2c3	c2c3	r3k2r/1p4pp/4pn2/q2pNb2/2pP1P2/2pPB3/1PQ3PP/5RK1 w kq - 0 19
WB	1.10	-1.05	e3e4	a1b1	r1bq1rk1/p2p1ppp/1pn1pn2/2p5/2PP4/2PBPN2/P4PPP/R1BQ1RK1 w - - 0 9
WB	0.57	-1.08	e3e4	f3e5	r2q1rk1/p2p1ppp/bpn1pn2/2p5/2PP4/2PBPN2/P4PPP/1RBQ1RK1 w - - 2 10
WB	1.07	-1.18	d1c2	f1f2	r2q1rk1/p1np1ppp/bp2p3/2p1P3/2P2P2/2PBP3/P5PP/1RBQ1RK1 w - - 1 13
WB	1.00	-0.76	d1c2	a2a4	1r1q1rk1/p1np1ppp/bp2p3/2p1P3/2P2P2/2PBP3/P4RPP/1RBQ2K1 w - - 3 14
WB	0.26	-0.62	f2d2	d6d7	1r1qnrk1/p4ppp/bp1Pp3/2p5/P1P2P2/2PBP3/5RPP/1RBQ2K1 w - - 1 16
WB	4.67	-7.63	d3h7	b1b5	1r2nrk1/p2q1ppp/bp2p3/2p5/P1P2P2/2PBP3/5RPP/1RBQ2K1 w - - 0 17
WB	-2.59	-2.06	d1c2	c1b2	1r3rk1/p2q1ppp/bp1np3/1Rp5/P1P2P2/2PBP3/5RPP/2BQ2K1 w - - 2 18
WB	-4.11	-0.62	c4b5	c4b5	1r3rk1/p2q1ppp/1p1np3/1bp5/P1P2P2/2PBP3/1B3RPP/3Q2K1 w - - 0 19
WB	-2.39	-0.70	d1e2	b2c1	1r3rk1/p2q1ppp/1p2p3/1Pp2n2/P4P2/2PBP3/1B3RPP/3Q2K1 w - - 1 20
BB	-5.94	9.08	e4e5	g8f6	r1b1k1nr/ppp2ppp/2n1p3/8/1b2q3/2N2P2/PPPK2PP/R1BQ1B1R b kq - 0 8
BB	0.79	1.45	c8b7	e5h2	r1b1k2r/p1p2ppp/2p1p3/4b3/8/B3K3/P1P3PP/3QR3 b kq - 1 15
BB	-0.78	0.68	c6c5	h7h5	1rb1k2r/p1p2ppp/2p1p3/8/4K3/B7/P1P1R1Pb/3Q4 b k - 3 17
BB	-0.08	1000.07	c6c5	b8b6	1rb1k2r/p1p2pp1/2p1p3/7p/4K3/B7/P1PR2Pb/3Q4 b k - 1 18
BB	-1.21	0.88	b6b2	c5d4	rnb1kb1r/pp2pppp/1q3n2/2pp4/3P1B2/2P1PN2/PP3PPP/RN1QKB1R b KQkq - 0 5
BB	-0.93	5.70	c8f5	b2c3	rnb1kb1r/pp2pppp/5n2/3p4/3P1B2/2P2N2/Pq1N1PPP/R2QKB1R b KQkq - 1 7
BB	4.49	3.27	c3c1	c3a3	rnb1kb1r/pp2pppp/5n2/3p4/3P1B2/2q2N2/P2N1PPP/2RQKB1R b Kkq - 1 8
BB	6.09	0.85	e7e6	b8c6	rn3b1r/pp1kpppp/5n2/3p4/3P1B2/q4N2/P1RN1PPP/3QKB1R b K - 2 10
BB	5.76	1.03	d7d8	e7e6	r4b1r/pp1kpppp/2n2n2/1B1p4/3P1B2/q4N2/P1RN1PPP/3QK2R b K - 4 11
BB	5.86	0.75	d7d6	a3d6	r6r/pp1k1ppp/2nBpn2/1B1p4/3P4/q4N2/P1RN1PPP/3Q1RK1 b - - 0 13
BB	4.26	2.07	d7e7	d6f4	r6r/pp1k1ppp/2nqpn2/1B1p4/3P4/5N2/P1RN1PPP/4QRK1 b - - 1 14
BB	3.91	0.53	h8c8	h7h5	1r5r/p3kppp/2B1pn2/3p4/3P1q2/5N2/P1R2PPP/4QRK1 b - - 2 18
BB	-1.60	5.62	h8c8	h5h4	1r5r/p3kpp1/2B1pn2/3pQ2p/3P4/5qP1/P1R2P1P/5RK1 b - - 1 20
BB	-0.75	0.73	f6d5	b8c6	rnbqkb1r/ppp3pp/3p1n2/3N1p2/2PPp3/8/PP1NPPPP/R1BQKB1R b KQkq - 3 6
BB	0.02	3.10	g7g6	c8e6	r1bqkb1r/ppp3pp/2np1n2/3N1p2/2PPp3/4P3/PP1N1PPP/R1BQKB1R b KQkq - 0 7
BB	-1.24	2.65	f7e6	e5d3	r2qkb1r/ppp2bpp/3pNn2/3Pnp2/2P1p3/4P3/PP1N1PPP/R1BQKB1R b KQkq - 2 10
BB	1.24	3.07	f7e6	d8d7	r2qkb1r/ppp2bpp/3pNn2/3P1p2/2P1p3/3BP3/PP1N1PPP/R1BQK2R b KQkq - 0 11
BB	4.16	0.54	h7h5	f8e7	r4k1r/pppq1bpp/3p1n2/3P1p2/2P1p3/4P3/PP1NBPPP/R1BQK2R b KQ - 1 13
BB	4.46	0.75	h7h5	d7a4	r6r/pppqkbpp/3p1n2/3P1p2/2P1p3/1N2P3/PP2BPPP/R1BQK2R b KQ - 3 14
BB	4.93	1.17	a4d7	a4a5	r6r/ppp1kbpp/3p1n2/3P1p2/q1PNp3/4P3/PP2BPPP/R1BQK2R b KQ - 5 15
BB	-0.43	1.09	e4d6	c5f2	r1bq1rk1/2pp1ppp/p1n5/1pbNp3/4n3/1B3N2/PPPP1PPP/R1B1QRK1 b - - 1 9
BB	0.52	2.57	c6a5	a8b8	r1bq1rk1/2pp1ppp/p1n5/1p1Np3/8/1B3N2/PPPP1QPP/R1B3K1 b - - 0 11
BB	2.47	1.88	h7h6	d7d6	1rbq1rk1/2pp1ppp/p1n5/1p1Np3/8/1B1P1N2/PPP2QPP/R1B3K1 b - - 0 12
BB	2.76	2.70	g8h8	c8b7	1rb2rk1/2pq1ppp/p1np4/1p1Np1B1/8/1B1P1N2/PPP2QPP/4R1K1 b - - 3 14
BB	2.03	5.99	d7f5	a6a5	1r3rk1/1bpq1ppp/p1np4/1p1Np3/7B/1B1P1N2/PPP2QPP/4R1K1 b - - 5 15
BB	8.00	991.97	g8h8	g7f6	1r3rk1/1bpq1ppp/2np1N2/pp2p3/7B/1B1P1N2/PPP2QPP/4R1K1 b - - 1 16
WB	1.22	-0.90	f2f3	f1e2	r2qkb1r/pp3ppp/2np1n2/1N2p3/2P1P1b1/2N5/PP3PPP/R1BQKB1R w KQkq - 3 8
WB	0.33	-0.98	d1e2	e1e2	r2qkb1r/pp3ppp/2np1n2/1N2p3/2P1P3/2N5/PP2bPPP/R1BQK2R w KQkq - 0 9
WB	2.33	-1.69	c3d5	c1e3	r3kb1r/pp2qppp/2np1n2/1N2p3/2P1P3/2N5/PP2KPPP/R1BQ3R w kq - 1 10
WB	5.85	-0.51	a4b3	a8b6	N2q1b1r/1p1k1pp1/p1np3p/3Np3/Q1P1P1n1/4B3/PP2KPPP/R6R w - - 0 15
WB	6.14	-0.94	d5b4	e3d2	3qkb1r/1p3pp1/pNnp3p/3Np3/Q1P1P1n1/4B3/PP2KPPP/R6R w - - 2 16
WB	5.66	-6.82	f2f3	a4b3	3qkb1r/1p3pp1/pNnp4/3Np2p/Q1P1P1n1/8/PP1BKPPP/R6R w - - 0 17
WB	-1.08	-2.54	e2f1	e2d3	3qkb1r/1p3pp1/pN1p4/3Np2p/2PnP1n1/1Q6/PP1BKPPP/R6R w - - 2 18
WB	-3.61	-0.86	d3c3	d3e3	3qkb1r/1p3pp1/pN1p4/3Np2p/2PnP3/1Q1K4/PP1B1nPP/R6R w - - 0 19
WB	-2.29	-1.02	d2e1	g2g3	4kb1r/1p3pp1/pN1p4/3Np2p/2P1P2q/1P2K3/1P1B1nPP/R6R w - - 1 21
WB	0.55	-1.07	b2b4	d1a4	rnbqk1nr/ppp2ppp/3p4/2bNp3/2P5/5N2/PP1PPPPP/R1BQKB1R w KQkq - 0 5
WB	0.70	-1.14	b2b4	d2d3	r1bqk1nr/ppp2ppp/2np4/2bNp3/Q1P5/5N2/PP1PPPPP/R1B1KB1R w KQkq - 2 6
WB	0.91	-1.01	b2b4	c1d2	r1bqk1nr/ppp2pp1/2np3p/2bNp3/Q1P5/3P1N2/PP2PPPP/R1B1KB1R w KQkq - 0 7
WB	-0.10	-5.31	a4c2	a1d1	r2qk1nr/pppb1pp1/2np3p/2bNp3/Q1P5/3P1N2/PP1BPPPP/R3KB1R w KQkq - 2 8
WB	-0.79	-4.53	a4c2	h2h4	r2qk1nr/1ppb1pp1/2np3p/p1bNp3/Q1P5/3P1N2/PP1BPPPP/3RKB1R w Kkq - 0 9
WB	-1.43	-4.21	d5f6	e2e4	r2qk2r/1ppb1pp1/2np1n1p/p1bNp3/Q1P4P/3P1N2/PP1BPPP1/3RKB1R w Kkq - 1 10
WB	-5.42	-0.63	a4a5	d5f6	r2qk2r/1ppb1pp1/3p1n1p/p1bNp3/Q1PnP2P/3P1N2/PP1B1PP1/3RKB1R w Kkq - 1 11
WB	-5.67	-1.07	a4d7	a4a5	r3k2r/1ppb1pp1/3p1q1p/p1b1p3/Q1PnP2P/3P1N2/PP1B1PP1/3RKB1R w Kkq - 0 12
WB	-3.75	-996.22	f1e2	c7b7	r4rk1/1pQ2pp1/3p1q1p/2b1p3/2P1P1bP/3P1P2/PP1B1P2/3RKB1R w K - 1 15
WB	-5.23	-2.49	h1h2	h1g1	r4rk1/1Q3pp1/3p1q1p/2b1p3/2P1P2P/3P1b2/PP1B1P2/3RKB1R w K - 0 16
WB	-5.11	-0.84	g1g3	g1g3	r4rk1/1Q3pp1/3p3p/2b1p3/2P1P2q/3P1b2/PP1B1P2/3RKBR1 w - - 0 17
WB	-4.03	-2.16	d1b1	d1a1	r4rk1/1Q3pp1/3p3p/2b1p3/2P1P1bq/3P2R1/PP1B1P2/3RKB2 w - - 2 18
WB	-4.42	-0.85	b7c6	b7b5	5rk1/rQ3pp1/3p3p/2b1p3/2P1P1bq/3P2R1/PP1B1P2/R3KB2 w - - 4 19
WB	-2.49	-2.67	d2e3	a2a4	5rk1/r4pp1/3p3p/1Q2p3/2PbP1bq/3P2R1/PP1B1P2/R3KB2 w - - 6 20
WB	-5.31	-994.57	b5d5	a1c1	5rk1/r5p1/3p3p/1Q2pp2/P1PbP1bq/3P2R1/1P1B1P2/R3KB2 w - - 0 21
BB	-0.46	0.84	e6e5	h7h5	r1b1kb1r/ppp2ppp/2n1pn2/3q4/3P4/5N2/PP2PPPP/RNBQKB1R b KQkq - 1 6
BB	-0.90	0.80	e6e5	a8b8	r1b1kb1r/ppp2pp1/2n1pn2/3q3p/3P4/5N2/PP2PPPP/RNBQKBR1 b Qkq - 1 7
BB	-1.63	0.85	d5f5	h5h4	1rb1kb1r/p1p2pp1/2n1pn2/1p1q3p/3P4/5N2/PP2PPPP/RNBQKBR1 b Qk - 1 9
BB	-1.80	0.95	d5f5	h8h5	1rb1kb1r/p1p2pp1/2n1pn2/1p1q4/3P3p/5N2/PP2PPPP/RNBQKB1R b Qk - 1 10
BB	-1.72	0.93	d5f5	f8d6	1rb1kb2/p1p2pp1/2n1pn2/1p1q3r/3P3p/5N2/PP2PPPP/RNBQKBR1 b Q - 3 11
BB	-2.51	2.38	d5f5	e8d7	1rb1k3/p1p2pp1/2nbpn2/1p1q3r/3P3p/5N2/PP2PPPP/RNBQKB1R b Q - 5 12
BB	-1.48	1.09	d5f5	c8b7	1rb5/p1pk1pp1/2nbpn2/1p1q3r/3P3p/5N2/PP2PPPP/RNBQKBR1 b Q - 7 13
BB	-4.05	1.30	c6b4	h5h8	1r6/pbpk1pp1/2nbpn2/1p3q1r/3P3p/8/PP2PPPP/RNBQKBNR b Q - 11 15
BB	-3.36	1.70	e6e5	a7a5	1r5r/pbpk1pp1/2nbpn2/1p3q2/3P3p/7N/PP2PPPP/RNBQKB1R b Q - 13 16
BB	-3.80	2.11	c6b4	f6d5	1r5r/1bpk1pp1/2nbpn2/pp3qN1/3P3p/8/PP2PPPP/RNBQKB1R b Q - 1 17
BB	-4.91	3.20	d6b4	d5f6	1r5r/1bpk1pp1/2nbp3/pp1n1q2/3P3p/7N/PP2PPPP/RNBQKB1R b Q - 3 18
BB	-3.87	2.14	c6b4	f6d5	1r5r/1bpk1pp1/2nbpn2/pp3qN1/3P3p/8/PP2PPPP/RNBQKB1R b Q - 5 19
BB	-1.79	0.95	g7g5	g8f6	r2qkbnr/1b1p1ppp/p1n1p3/1pp5/4P3/2NB1N2/PPPP1PPP/R1B1QRK1 b kq - 5 7
BB	-0.99	1.43	f6g8	f6d5	r2qkb1r/1b1p1ppp/p1n1pn2/1pp1P3/8/2NB1N2/PPPP1PPP/R1B1QRK1 b kq - 0 8
BB	0.00	0.53	c6b4	h7h5	r2qkb1r/1b1p1ppp/p1n5/1pppP3/8/3BQN2/PPPP1PPP/R1B2RK1 b kq - 1 10
BB	-0.97	2.73	g7g6	h8h6	r2qkb1r/1b1p1pp1/p1n5/1pppPB1p/8/4QN2/PPPP1PPP/R1B2RK1 b kq - 1 11
BB	-2.11	3.88	g7g6	c6d4	r2qkb2/1b1p1pp1/p1n4r/1pppPB1p/8/1Q3N2/PPPP1PPP/R1B2RK1 b q - 3 12
BB	1.19	0.51	h6c6	d8b6	r2qkb2/1b1p1pp1/p6r/1p1pPB1p/3p4/3Q4/PPPP1PPP/R1B2RK1 b q - 1 14
BB	0.66	1.22	h6c6	d4c3	r3kb2/1b1p1pp1/pq5r/1p1pPB1p/3p4/2PQ4/PP1P1PPP/R1B2RK1 b q - 0 15
BB	-3.58	0.72	h6g6	h6e6	r4b2/1b1k1pp1/pq5r/1p1pP2p/8/2PQ4/PP3PPP/R1B2RK1 b - - 0 17
BB	-4.10	9.93	f8e7	d7d6	r4b2/1b1k1Qp1/pq6/1p1pr2p/8/2P5/PP3PPP/R1B2RK1 b - - 0 19
BB	5.81	4.01	d6c6	g7g6	r4b2/1b3Qp1/pq1k4/1p1pr2p/5B2/2P5/PP3PPP/R4RK1 b - - 2 20
WB	1.68	-0.93	c2c4	b1c3	r2qkb1r/ppp1pppp/2n1b3/3p4/3Pn3/5NP1/PPP1PPBP/RNBQ1RK1 w kq - 7 6
WB	2.14	-0.81	a1b1	d1d3	r3kb1r/ppp1pppp/2nqb3/3p4/3P4/2P2NP1/P1P1PPBP/R1BQ1RK1 w kq - 1 8
WB	1.98	-0.76	a1b1	c1f4	3rkb1r/ppp1pppp/2nqb3/3p4/3P4/2PQ1NP1/P1P1PPBP/R1B2RK1 w k - 3 9
WB	1.37	-0.98	f3g5	f3e5	3rkb1r/pppqpppp/2n1b3/3p4/3P1B2/2PQ1NP1/P1P1PPBP/R4RK1 w k - 5 10
WB	1.65	-1.11	f1d1	e5f6	3rkb1r/pppqp1pp/4b3/3pPp2/5B2/2PQ2P1/P1P1PPBP/R4RK1 w k f6 0 12
WB	1.14	-2.29	f4d6	g2d5	3rk2r/pppq2pp/3bbp2/3p4/P4B2/2PQ2P1/2P1PPBP/R4RK1 w k - 1 14
WB	-1.07	-2.39	d5e6	d5b7	3rk2r/pppq2pp/4bp2/3B4/P4b2/2PQ2P1/2P1PP1P/R4RK1 w k - 0 15
WB	-2.88	-1.52	d3a6	d3d7	3rk2r/pBpq2pp/4bp2/4b3/P7/2PQ2P1/2P1PP1P/R4RK1 w k - 1 16
WB	-3.97	-0.57	f1b1	b7g2	3rk2r/pBp3pp/5p2/4b3/P7/R1P3Pb/2P1PP1P/5RK1 w k - 2 18
BB	-4.58	1.43	c6e5	h7h5	r1b1kb1r/pp2pppp/2n2n2/2P1B3/3P4/5N2/Pq2PPPP/R2QKB1R b KQkq - 1 9
BB	-4.40	1.21	b2b4	b2c1	r1b1kb1r/pp2ppp1/2n2n2/2P1B2p/3P4/5N2/Pq2PPPP/R1Q1KB1R b KQkq - 1 10
BB	-3.63	0.89	f6d5	f6g4	r1b1kb1r/pp2ppp1/5n2/2P1P2p/8/5N2/P3PPPP/2R1KB1R b Kkq - 0 12
BB	-4.10	3.82	f7f6	h6f5	2r1kb1r/pp1b1pp1/4p2n/2P1P2p/4P3/1N1B3P/P4PP1/2R1K2R b Kk - 1 17
WB	0.76	-0.71	c2c4	c1f4	rn1qkbnr/ppp1pppp/8/3pNb2/3P4/8/PPP1PPPP/RNBQKB1R w KQkq - 3 4
WB	0.46	-0.66	a2a3	h2h4	rn1qk2r/ppp2ppp/4pn2/3pNb2/1b1P1B2/2N1P3/PPP2PPP/R2QKB1R w KQkq - 1 7
WB	-0.11	-1.68	g2g4	f1b5	rn1qk2r/ppp2ppp/4p3/3pNb2/1b1PnB1P/2N1P3/PPP2PP1/R2QKB1R w KQkq - 1 8
WB	-1.73	-0.56	b5d3	b5f1	rn1qk2r/pp3ppp/2p1p3/1B1pNb2/1b1PnB1P/2N1P3/PPP2PP1/R2QK2R w KQkq - 0 9
WB	-1.74	-2.00	d1d2	b2c3	rn1qk2r/pp3ppp/2p1p3/3pNb2/1b1P1B1P/2n1P3/PPP2PP1/R2QKB1R w KQkq - 0 10
WB	-3.13	-0.52	g2g4	d1a1	rn1qk2r/pp3ppp/2p1p3/3pNb2/3P1B1P/4P3/P1P1KPP1/b2Q1B1R w kq - 0 12
WB	-2.14	-0.77	h4g5	f4g3	rn1qk2r/pp5p/2p1pp2/3p1bp1/3P1B1P/3NP3/P1P1KPP1/Q4B1R w kq - 0 14
WB	-2.19	-0.78	h4g5	e2d2	r2qk2r/pp1n3p/2p1pp2/3p1bp1/3P3P/3NP1B1/P1P1KPP1/Q4B1R w kq - 2 15
WB	-2.26	-0.71	h4g5	f1e2	r2q1rk1/pp1n3p/2p1pp2/3p1bp1/3P3P/3NP1B1/P1PK1PP1/Q4B1R w - - 4 16
WB	-1.99	-2.25	d4e5	d3e5	r2q1rk1/pp1n3p/2p2p2/3ppbp1/3P3P/3NP1B1/P1PKBPP1/Q6R w - - 0 17
WB	-4.15	-1.42	f2f3	h4g5	r2q1rk1/pp5p/2p5/2npPbp1/7P/4P1B1/P1PKBPP1/Q6R w - - 1 19
BB	-0.17	1.45	e7e5	c8e6	rnbqkb1r/pp2pppp/2p2n2/8/P1pPP2N/2N5/1P3PPP/R1BQKB1R b KQkq - 0 7
BB	1.39	0.97	g7g6	h5h4	r2qkb1r/pp2ppp1/n1p1bn2/7p/P1pPP3/2N2N2/1P2BPPP/R1BQ1RK1 b kq - 1 10
BB	2.01	1.10	d8d7	g7g6	r2qkb1r/pp2ppp1/n1p1bn2/6N1/P1pPP2p/2N5/1P2BPPP/R1BQ1RK1 b kq - 1 11
BB	1.87	1.82	a6c7	a8c8	r2qkb1r/pp2pp2/n1p1bnp1/6N1/P1pPP2p/2N4P/1P2BPP1/R1BQ1RK1 b kq - 0 12
BB	3.74	0.74	a6c7	e8f7	2rqkb1r/pp2p3/n1p1pnp1/8/P1BPP2p/2N4P/1P3PP1/R1BQ1RK1 b k - 0 14
BB	3.00	1.24	f8h6	d8d4	2rq1b1r/pp2pk2/n1p1pnp1/8/P1BPP2p/2N4P/1P2QPP1/R1B2RK1 b - - 2 15
BB	3.88	1.23	d4e5	d4b6	2r2b1r/pp2pk2/n1p1pnp1/8/P1BqP2p/2N4P/1P2QPP1/R1BR2K1 b - - 1 16
BB	0.00	5.52	c5e6	f7e6	2r2b1r/pp2pk2/2p1Bnp1/P1n5/1q2P2p/2N1B2P/1P2QPP1/R2R2K1 b - - 0 19
WB	3.72	-2.15	e4f6	c4d5	r1bqkb1r/ppp2pp1/2n2n1p/3p4/2PPN3/2N3P1/PP2PP1P/R1BQKB1R w KQkq - 0 8
WB	1.67	-4.34	e2e3	d1d3	r1bqkb1r/ppp2pp1/2n4p/3n4/3PN3/2N3P1/PP2PP1P/R1BQKB1R w KQkq - 0 9
WB	1.91	-1.94	f1g2	a2a4	r1bqk2r/ppp2pp1/2n4p/3n4/1b1PN3/2NQ2P1/PP2PP1P/R1B1KB1R w KQkq - 2 10
WB	0.82	-1.54	f1g2	h2h4	r1bq1rk1/ppp2pp1/2n4p/3n4/Pb1PN3/2NQ2P1/1P2PP1P/R1B1KB1R w KQ - 1 11
WB	0.11	-5.23	f1g2	e4c5	r1bqr1k1/ppp2pp1/2n4p/3n4/Pb1PN2P/2NQ2P1/1P2PP2/R1B1KB1R w KQ - 1 12
WB	-0.19	-4.11	f1g2	a4a5	r2qr1k1/ppp2pp1/2n1b2p/2Pn4/P6P/2NQ2P1/1P2PP2/R1B1KB1R w KQ - 1 14
WB	0.00	-4.82	f1g2	a1a4	r2qr1k1/1pp2pp1/p1n1b2p/P1Pn4/7P/2NQ2P1/1P2PP2/R1B1KB1R w KQ - 0 15
WB	3.94	-1.06	c3e4	a4e4	r2qr1k1/1pp2pp1/p6p/P1Pn1b2/R6P/2N2PP1/1PQ2P2/2B1KB1R w K - 1 18
WB	0.04	-0.61	g1f3	d2b3	r1bqkbnr/ppp2ppp/2n1p3/3p4/4P3/3P4/PPPN1PPP/R1BQKBNR w KQkq - 2 4
WB	-0.53	-0.97	e4d5	d1f3	r1bqkb1r/ppp2ppp/2n1pn2/3p4/4P3/1N1P4/PPP2PPP/R1BQKBNR w KQkq - 4 5
WB	2.41	-3.15	f2f4	g3g7	r1bqk2r/ppp2ppp/3bpn2/3pn3/4P3/1N1P2Q1/PPP2PPP/R1B1KBNR w KQkq - 8 7
WB	-0.53	-1.89	d3e4	g1h3	r1bqk1r1/ppp2p1p/3bpn1Q/4n3/4p3/1N1P4/PPP2PPP/R1B1KBNR w KQq - 0 9
WB	-0.12	-2.45	h6d2	e1d2	r1bqk1r1/ppp2p1p/4pn1Q/4n3/4p3/1N1P3N/PPPb1PPP/R3KB1R w KQq - 0 11
WB	-2.26	-4.34	h6f4	h6e3	r1bqk3/ppp2p1p/4pnrQ/4n3/4p3/1N1P3N/PPPK1PPP/R4B1R w q - 1 12
WB	-6.29	-0.83	d2c1	d2c3	r1bqk3/ppp2p1p/4pnr1/8/2n1p3/1N1PQ2N/PPPK1PPP/R4B1R w q - 3 13
WB	-6.68	-0.54	c3d2	c3d2	r1b1k3/ppp2p1p/3qp1r1/3n4/3Pp3/1NK1P2N/PPP3PP/R4B1R w q - 1 16
WB	-5.93	-1.15	h3f2	f1b5	r1b1k3/p1p2p1p/1p1qp1r1/3n4/3Pp3/1N2P2N/PPPK2PP/R4B1R w q - 0 17
WB	-6.67	-1.43	a1f1	g2g3	r1b2k2/p1p2p1p/1p1qp1r1/1B1n4/3Pp3/1N2P2N/PPPK2PP/R6R w - - 2 18
WB	-8.30	-1.27	a1d1	h3f4	r1b2k2/p1p2p1p/1p2p1r1/1q1n4/3Pp3/1NP1P1PN/PP1K3P/R6R w - - 0 20
WB	-8.87	-991.09	e3f4	g3f4	r1b2k2/p1p2p1p/1p2p1r1/1q6/3Ppn2/1NP1P1P1/PP1K3P/R6R w - - 0 21
WB	0.80	-0.53	c2c4	b1c3	rn1qkbnr/pppbp1pp/8/3p1p2/3P4/5NP1/PPP1PP1P/RNBQKB1R w KQkq - 0 4
WB	0.27	-0.74	f1g2	d1d3	rn1qkbnr/pppb2pp/4p3/3p1p2/3P4/2N2NP1/PPP1PP1P/R1BQKB1R w KQkq - 0 5
WB	-1.02	-0.63	h2h3	a2a4	rn1qk2r/pppbb1pp/4pn2/3p1p2/3P4/2NQ1NP1/PPP1PP1P/R1B1KBR1 w Qkq - 4 7
WB	-1.50	-0.60	c1f4	a4a5	rn1q1rk1/pppbb1pp/4pn2/3p1p2/P2P4/2NQ1NP1/1PP1PP1P/R1B1KBR1 w Q - 1 8
WB	-2.32	-1.28	e2e3	f4e3	r2q1rk1/1p1b2pp/p1n1pn2/P1bp1p2/5B1P/2NQ1NP1/1PP1PP2/R3KBR1 w Q - 1 12
WB	-3.12	-1.24	f3d2	d3e3	r4rk1/1p1bq1pp/pBn1pn2/P2p1p2/1b5P/2NQ1NP1/1PP1PP2/R3KBR1 w Q - 5 14
WB	-3.43	-2.06	f1g2	e3d3	2r2rk1/1p1bq1pp/pBn1pn2/P2p1p2/1b5P/2N1QNP1/1PP1PP2/R3KBR1 w Q - 7 15
WB	-4.77	-1.38	f3g5	d3c4	2r2rk1/1p1bq1pp/pBn2n2/P3pp2/1b1p3P/2NQ1NP1/1PP1PP2/2KR1BR1 w - - 0 17
WB	-6.13	-1.79	c4e6	c4d3	2r2rk1/1p2q1pp/pBn1bn2/P3pp2/1bQp3P/2N2NP1/1PP1PP2/2KR1BR1 w - - 2 18
WB	-6.49	-1.90	c3e4	c3d5	2r2rk1/1p2q1pp/pBn1bn2/P4p2/1b1pp2P/2NQ1NP1/1PP1PP2/2KR1BR1 w - - 0 19
WB	-8.03	-1.53	c2c4	d3c4	2r2rk1/1p2q1pp/pBn1b3/P2n1p2/1b1pp2P/3Q1NP1/1PP1PP2/2KR1BR1 w - - 0 20
WB	-9.61	-2.71	a5b6	c4d4	2r2rk1/1p2q1pp/pnn1b3/P4p2/1bQpp2P/5NP1/1PP1PP2/2KR1BR1 w - - 0 21
BB	-0.14	0.64	g8f6	b8a6	rnbqk1nr/pp1pppbp/6p1/2p5/3P1B2/4PN2/PPP2PPP/RN1QKB1R b KQkq - 0 4
BB	0.54	0.82	g8f6	h7h5	r3k1nr/pb1pppbp/pq4p1/2p5/2PP1B2/1P2PN2/P4PPP/RN1Q1RK1 b kq - 0 8
BB	1.23	2.57	b6a5	e8c8	r3k1nr/pb1pppb1/pq4p1/2p4p/2PP1B2/1PN1PN2/P4PPP/R2Q1RK1 b kq - 1 9
BB	3.54	0.61	b6f6	b6e6	2kr2nr/pb1pppb1/pq4p1/2p4p/N1PP1B2/1P2PN2/P4PPP/R2Q1RK1 b - - 3 10
BB	4.05	0.76	b6b7	c8b7	2kr2nr/pN1pppb1/pq4p1/7p/2PP1B2/1P2PN2/P4PPP/R2Q1RK1 b - - 0 12
BB	3.60	1.32	b7a8	g8h6	3r2nr/pk1pppb1/pq4p1/7p/2PP1B2/1P2PN2/P2Q1PPP/R4RK1 b - - 1 13
BB	3.60	0.80	b6e6	b6f6	3r3r/pk1ppp2/pq4pb/4N2p/2PP4/1P2P3/P2Q1PPP/R4RK1 b - - 1 15
BB	4.19	1.79	f6e6	b7c7	3r3r/pk1ppp2/p4qpb/2P1N2p/3P4/1P2P3/P2Q1PPP/R4RK1 b - - 0 16
BB	3.85	0.98	h5h4	d8c8	3r3r/pk1ppp2/p4qpb/Q1P4p/2NP4/1P2P3/P4PPP/R4RK1 b - - 4 18
BB	4.31	1.63	f6c6	c8c6	2r4r/pk1ppp2/p4qpb/Q1P5/2NP3p/1P2P2P/P4PP1/R2R2K1 b - - 0 20
WB	4.65	-3.25	e4e5	c1f4	r1b1kb1r/ppp1nppp/2n1pq2/3p4/3PP3/2N2NP1/PPP2P1P/R1BQKB1R w KQkq - 0 6
WB	1.63	-2.63	f1d3	f3g5	r1b1kb1r/ppp1nppp/2n1p3/5q2/3PNB2/5NP1/PPP2P1P/R2QKB1R w KQkq - 1 8
WB	1.95	-0.80	f1d3	f4c7	r1b1kb1r/ppp1nppp/2n1p3/5qN1/3PNB2/2P3P1/PP3P1P/R2QKB1R w KQkq - 1 10
WB	5.12	-2.70	f1d3	e4c5	r1b2b1r/pp1k1ppp/2n1p3/3n1qN1/3PNB2/2P3P1/PP3P1P/R2QKB1R w KQ - 3 12
WB	7.15	-1.38	f1h3	d1d5	r1b4r/pp1k1ppp/2n5/2PnpqN1/5B2/2P3P1/PP3P1P/R2QKB1R w KQ - 0 14
WB	6.24	-2.52	e1c1	d5e4	r1b1k2r/pp3ppp/2n5/2PQpqN1/5B2/2P3P1/PP3P1P/R3KB1R w KQ - 1 15
WB	4.27	-1.06	e4d6	a1d1	r1b2k1r/pp3ppp/2n5/2P5/4NP2/2P5/PP3P1P/R3KB1R w KQ - 1 18
WB	4.12	-1.44	e4d6	e4g3	r4k1r/pp3ppp/2n5/2P2b2/4NP2/2P5/PP3P1P/3RKB1R w K - 3 19
WB	5.17	-2.55	f4f5	a2a4	4rk1r/pp3ppp/2n3b1/2P5/5P2/2P3N1/PP2BP1P/3RK2R w K - 7 21
BB	-1.38	0.67	f7f5	b8a6	rnb2rk1/1pb1qppp/2p5/p7/3PN3/P1N1B1P1/1P3P1P/R2QK2R b KQ - 4 14
BB	-3.00	2.02	f7f5	c8e6	r1b2rk1/1pb1qppp/n1p5/p7/3PN3/P1N1BQP1/1P3P1P/R3K2R b KQ - 6 15
BB	-1.83	1.63	f7f5	g8h8	r4rk1/1pb1qppp/n1p1b3/p7/3PN3/P1N1BQP1/1P3P1P/2KR3R b - - 8 16
BB	-0.22	4.31	c6d5	e6d7	r4r1k/1pb1qppp/n1p1b3/p2P4/4N3/P1N1BQP1/1P3P1P/2KR3R b - - 0 17
BB	3.93	0.71	c7d6	e7e5	r4r1k/1pbbqppp/n1pP4/p7/4N3/P1N1BQP1/1P3P1P/2KR3R b - - 0 18
BB	4.33	1.92	e5c7	e5c7	r4r1k/1pPb1ppp/n1p5/p3q3/4N3/P1N1BQP1/1P3P1P/2KR3R b - - 0 19
BB	3.46	2.69	f7f6	h8g8	r4r1k/1pqb1ppp/n1p5/p5N1/8/P1N1BQP1/1P3P1P/2KR3R b - - 1 20
WB	1.64	-0.85	c2c4	b1c3	r2qkb1r/ppp1pppp/2n1b3/3p4/3Pn3/5NP1/PPP1PPBP/RNBQ1RK1 w kq - 3 6
WB	2.12	-0.71	a1b1	d1d3	r3kb1r/ppp1pppp/2nqb3/3p4/3P4/2P2NP1/P1P1PPBP/R1BQ1RK1 w kq - 1 8
WB	2.05	-0.82	a1b1	c1f4	3rkb1r/ppp1pppp/2nqb3/3p4/3P4/2PQ1NP1/P1P1PPBP/R1B2RK1 w k - 3 9
WB	1.31	-0.98	f3g5	f3e5	3rkb1r/pppqpppp/2n1b3/3p4/3P1B2/2PQ1NP1/P1P1PPBP/R4RK1 w k - 5 10
WB	1.60	-1.05	f1d1	e5f6	3rkb1r/pppqp1pp/4b3/3pPp2/5B2/2PQ2P1/P1P1PPBP/R4RK1 w k f6 0 12
WB	1.18	-2.28	f4d6	g2d5	3rk2r/pppq2pp/3bbp2/3p4/P4B2/2PQ2P1/2P1PPBP/R4RK1 w k - 1 14
WB	-0.98	-2.49	d5e6	d5b7	3rk2r/pppq2pp/4bp2/3B4/P4b2/2PQ2P1/2P1PP1P/R4RK1 w k - 0 15
WB	-2.95	-1.47	d3a6	d3d7	3rk2r/pBpq2pp/4bp2/4b3/P7/2PQ2P1/2P1PP1P/R4RK1 w k - 1 16
WB	-3.94	-0.58	f1b1	b7g2	3rk2r/pBp3pp/5p2/4b3/P7/R1P3Pb/2P1PP1P/5RK1 w k - 2 18
WB	5.54	-1.09	c3b5	c1e3	r3kb1r/ppp2ppp/2nq1n2/4p3/3P4/2N2N2/PPP1BPPP/R1BQK2R w KQkq - 0 9
WB	4.79	-7.39	f3d4	d1d4	r3kb1r/ppp2ppp/2nq1n2/8/3p4/2N1BN2/PPP1BPPP/R2QK2R w KQkq - 0 10
WB	2.47	-4.89	c3e4	a2a4	r3kb1r/ppp2ppp/4q3/8/3Bn3/2N2N2/PPP1BPPP/R4RK1 w kq - 3 13
WB	-2.43	-2.36	d3e2	g1h1	r3kb1r/ppp2ppp/4q3/8/P2B4/3B1N2/1PP1nPPP/R4RK1 w kq - 2 15
WB	-2.72	-0.56	a1e1	d3b5	r3kb1r/ppp2ppp/8/4q3/P2N4/3B4/1PP2PPP/R4R1K w kq - 1 17
WB	-3.21	-2.32	a1e1	c2c3	r3kb1r/pp3ppp/2p5/1B2q3/P2N4/8/1PP2PPP/R4R1K w kq - 0 18
WB	-5.04	-0.83	b5e2	a1e1	2kr1b1r/pp2qppp/2p5/1B6/P2N1P2/2P5/1P4PP/R4R1K w - - 1 20
BB	-1.89	2.16	d5e4	d8d6	r1bqkb1r/ppp1n1pp/2n2p2/1B1pp3/Q3P3/N1P2N2/PP1P1PPP/R1B1K2R b KQkq - 3 6
BB	-1.36	2.76	d6c6	e7c6	r1b1kb1r/ppp1n1pp/2Bq1p2/3pp3/Q3P3/N1P2N2/PP1P1PPP/R1B1K2R b KQkq - 0 7
BB	1.39	0.63	d6e7	d6d8	r1b1kb1r/ppp3pp/2nq1p2/1N1pp3/Q3P3/2P2N2/PP1P1PPP/R1B1K2R b KQkq - 1 8
BB	1.87	5.24	c8d7	d8d5	r1bqkb1r/ppp3pp/2n2p2/1N1Pp3/Q7/2P2N2/PP1P1PPP/R1B1K2R b KQkq - 0 9
BB	6.86	0.54	e8f7	e8d8	r1b1kb1r/ppN3pp/2n2p2/3qp3/Q7/2P2N2/PP1P1PPP/R1B1K2R b KQkq - 0 10
BB	7.04	0.75	c8e6	h7h5	r1bk1b1r/pp4pp/2n2p2/3Np3/Q7/2P2N2/PP1P1PPP/R1B1K2R b KQ - 0 11
BB	7.10	0.74	h5h4	d8c7	r1bk1b1r/pp4p1/2n2p2/4p2p/Q7/2P1NN2/PP1P1PPP/R1B1K2R b KQ - 1 12
BB	6.45	0.66	a8d8	f8e7	r4b1r/ppkb2p1/2n2p2/4p2p/2Q5/2P1NN2/PP1PKPPP/R1B4R b - - 5 14
BB	5.94	2.09	e5e4	g7g5	r6r/ppkbbQp1/2n2p2/4p2p/8/2P1NN2/PP1PKPPP/R1B4R b - - 7 15
BB	7.95	2.24	c7c8	c7d6	r6r/ppkbbQ2/2n2p2/3Np1pp/8/2P2N2/PP1PKPPP/R1B4R b - - 1 16
BB	7.10	2.61	a8f8	c6e7	r6r/pp1bNQ2/2nk1p2/4p1pp/8/2P2N2/PP1PKPPP/R1B4R b - - 0 17
BB	8.56	2.32	a8e8	a7a5	r6r/ppkbQ3/8/4p1pp/8/2P2N2/PP1PKPPP/R1B4R b - - 0 19
BB	10.09	0.51	a8d8	a8d8	r6r/1pkbQ3/8/p3N1pp/8/2P5/PP1PKPPP/R1B4R b - - 0 20
WB	0.26	-0.81	d2d4	b1c3	r1bqkbnr/1pp1pppp/2n5/p2p4/8/4PNP1/PPPP1P1P/RNBQKB1R w KQkq - 2 4
WB	-0.41	-0.63	f1b5	d2d4	r1bqkbnr/1pp2ppp/2n5/p2pp3/8/2N1PNP1/PPPP1P1P/R1BQKB1R w KQkq - 0 5
WB	0.21	-0.98	f1e2	f1b5	r2qkbnr/1pp2ppp/8/p2pn3/6b1/2N1PNP1/PPP2P1P/R1BQKB1R w KQkq - 0 7
WB	-0.11	-0.86	e1g1	e3e4	r2qkb1r/1p3ppp/2p2n2/p2p4/8/2N1PQP1/PPP2P1P/R1B1K2R w KQkq - 1 11
WB	2.79	-2.75	f4e3	a2a4	2rq2k1/1p3ppp/2p2b2/p4Q2/5B2/2P3P1/PP2rP1P/1R3RK1 w - - 5 19
WB	2.43	-1.23	f4e3	f1d1	2rq2k1/1p3pp1/2p2b1p/p4Q2/P4B2/2P3P1/1P2rP1P/1R3RK1 w - - 0 20
WB	1.43	-1.67	f4e3	f5a5	2r1q1k1/1p3pp1/2p2b1p/p4Q2/P4B2/2P3P1/1P2rP1P/1R1R2K1 w - - 2 21
WB	0.55	-0.88	e4e5	d1a4	r1bqk2r/ppp2ppp/2n2n2/8/2BpP3/5N2/PP1N1PPP/R2Q1RK1 w kq - 3 9
WB	0.57	-0.61	f3e5	f1e1	r1bqk2r/1pp2ppp/p1n2n2/8/Q1BpP3/5N2/PP1N1PPP/R4RK1 w kq - 0 10
WB	1.13	-1.85	f3e5	a2a3	r2qk2r/1pp2ppp/p1n2n2/8/Q1BpP1b1/5N2/PP1N1PPP/R3R1K1 w kq - 2 11
WB	-0.31	-1.67	c4f7	c4b5	r2qk2r/2p2ppp/p1n2n2/1p6/Q1BpP1b1/P4N2/1P1N1PPP/R3R1K1 w kq - 0 12
WB	-1.92	-1.20	a1c1	a3a4	r2qk2r/2pb1ppp/2n2n2/1Q6/3pP3/P4N2/1P1N1PPP/R3R1K1 w kq - 1 14
WB	-2.82	-0.53	b5c5	e4e5	1r1qk2r/2pb1ppp/2n2n2/1Q6/P2pP3/5N2/1P1N1PPP/R3R1K1 w k - 1 15
WB	-3.22	-0.76	e5f6	a4b5	3qk2r/2pb1ppp/2n2n2/1r2P3/P2p4/5N2/1P1N1PPP/R3R1K1 w k - 0 16
WB	-3.49	-0.55	h2h3	e5e6	3qk2r/2p2ppp/2b5/4P3/3p2n1/5N2/1P1N1PPP/R3R1K1 w k - 0 18
WB	-2.33	-1.58	h2h3	e6f7	3q3r/2p1kppp/2b1P3/8/3p2n1/5N2/1P1N1PPP/R3R1K1 w - - 1 19
WB	-3.56	-0.89	h2h3	b2b4	3q3r/2p2kpp/2b5/8/3p2n1/5N2/1P1N1PPP/R3R1K1 w - - 0 20
WB	-3.17	-1.96	h2h3	a1a5	3q3r/2p2kpp/2b5/8/1P4n1/3p1N2/3N1PPP/R3R1K1 w - - 0 21
WB	1.48	-1001.47	e2e3	f2f4	rnbqk2r/pppp1p1p/8/2b1P1p1/2P3n1/8/PP1BPPPP/RN1QKBNR w KQkq - 2 6
WB	0.60	-0.85	f1b5	f3d4	r2qkb1r/ppp1pppp/2n5/3p1b2/4n3/1PN1PN2/PBPP1PPP/R2QKB1R w KQkq - 5 6
WB	0.76	-0.66	g2g3	h2h4	r3kb1r/ppp1qppp/2n5/1N1p1p2/P3n3/1P2P3/1BPP1PPP/R2QKB1R w KQkq - 3 10
WB	0.35	-0.93	d2d3	b2d4	r3kb1r/ppp1qppp/8/1N1pnp2/P3n2P/1P2P3/1BPP1PP1/R2QKB1R w KQkq - 1 11
WB	0.00	-1.00	c3e4	h1h3	3rkb1r/1pp1qppp/p7/3pnp2/P2Bn2P/1PN1P3/2PP1PP1/R2QKB1R w KQk - 2 13
WB	3.21	-3.99	f2f4	a4a5	3rkb1r/1pp2ppp/p4q2/3pnp2/P2Bn2P/1PN1P2R/2PP1PP1/R2QKB2 w Qk - 4 14
WB	2.84	-3.62	f2f4	h4h5	3rk2r/1pp1bppp/p4q2/P2pnp2/3Bn2P/1PN1P2R/2PP1PP1/R2QKB2 w Qk - 1 15
WB	3.07	-4.88	f2f4	g2g3	3rk2r/1pp2ppp/p4q2/P2pnp1P/1b1Bn3/1PN1P2R/2PP1PP1/R2QKB2 w Qk - 1 16
WB	1.29	-5.30	f2f4	h3h4	3r1rk1/1pp2ppp/p4q2/P2pnp1P/1b1Bn3/1PN1P1PR/2PP1P2/R2QKB2 w Q - 1 17
WB	-0.39	-2.74	a1a4	h4f4	3r1r1k/1pp2ppp/p4q2/P2pnp1P/1b1Bn2R/1PN1P1P1/2PP1P2/R2QKB2 w Q - 3 18
WB	-0.07	-1.09	f1g2	a1a4	3r1rk1/1pp2ppp/p4q2/P2pnp1P/1b1BnR2/1PN1P1P1/2PP1P2/R2QKB2 w Q - 5 19
WB	-0.51	-2.41	d4c3	d2c3	3r1rk1/1pp2ppp/p4q2/P2pnp1P/R2BnR2/1Pb1P1P1/2PP1P2/3QKB2 w - - 0 20
WB	0.09	-1.69	g3g4	a4b4	3r1r1k/1pp2ppp/p4q2/P2pnp1P/R2BnR2/1PP1P1P1/2P2P2/3QKB2 w - - 1 21
BB	-0.31	1.08	e5d4	d8d7	r2qrbk1/1bp2pp1/p1np1n1p/1p2p3/3PP3/2P2N1P/PPB2PP1/R1BQRNK1 b - - 1 13
BB	0.62	1.18	a8d8	d6d5	r3rbk1/1bpq1pp1/p1np1n1p/1p2p3/3PP3/2P2NNP/PPB2PP1/R1BQR1K1 b - - 3 14
BB	0.69	1.16	d5e4	c6e5	r3rbk1/1bpq1pp1/p1n2n1p/1p1pP3/4P3/2P2NNP/PPB2PP1/R1BQR1K1 b - - 0 15
BB	1.69	1.15	e5e7	e5e8	r4bk1/1bpq1pp1/p4n1p/1p1pr3/4PB2/2P3NP/PPB2PP1/R2QR1K1 b - - 1 17
BB	2.43	0.63	f6h7	f6h7	r3rbk1/1bpq1pp1/p4n1p/1p1pP3/5B2/2P3NP/PPB2PP1/R2QR1K1 b - - 0 18
BB	1.58	4.11	g7g6	h7g5	r3rbk1/1bpq1ppn/p6p/1p1pP3/5B2/2PQ2NP/PPB2PP1/R3R1K1 b - - 2 19
BB	5.77	994.22	g7g6	h6g5	r3rbk1/1bpq1pp1/p6p/1p1pP1B1/8/2PQ2NP/PPB2PP1/R3R1K1 b - - 0 20
WB	1.24	-0.81	a2a3	e2e3	rnbqk2r/ppp2ppp/3p4/4P3/1bP5/5N2/PP1NPPPP/R2QKB1R w KQkq - 0 7
WB	0.44	-2.22	a2a3	f1d3	rnbq1rk1/ppp2ppp/8/4N3/1bP5/4P3/PP1N1PPP/R2QKB1R w KQ - 1 9
WB	-1.68	-2.02	d1b3	d1h5	r1b2rk1/ppp2ppp/2nq4/4N3/1bP2P2/3BP3/PP1N2PP/R2QK2R w KQ - 1 11
WB	-3.68	-0.81	a2a3	e5c6	r1br2k1/ppp2p1p/2nq2p1/4N3/1bP2P2/3BP3/PP1NQ1PP/R3K2R w KQ - 2 13
WB	-4.75	-0.82	e2f2	e2g4	r2r2k1/p1p2p1p/2pq2p1/8/1bP2Pb1/P2BP3/1P1NQ1PP/R3K2R w KQ - 1 15
WB	-6.64	-1.12	f2g3	e3e2	r2r2k1/p1p2p1p/2p3p1/8/2P2P2/P3Q3/1Pq2KPP/R6R w - - 1 19
WB	-7.79	-1.05	h1e1	e2d2	r5k1/p1p2p1p/2p3p1/8/2P2P2/P7/1PqrQKPP/R6R w - - 3 20
WB	-8.92	-990.91	f2f3	f2g3	r5k1/p1p2p1p/2p3p1/8/2P2P2/P7/1P1q1KPP/R6R w - - 0 21
WB	0.90	-1000.89	d3f1	b1d2	r4rk1/5ppp/p1pb4/1p1n4/3P4/1BPQBbPq/PP3P1P/RN2R1K1 w - - 5 17
WB	0.20	-0.56	c2c4	f1g2	rnbqkbnr/pppp1ppp/8/4p3/8/6P1/PPPPPP1P/RNBQKBNR w KQkq - 0 2
WB	0.25	-0.56	c2c4	d2d3	r1bqkbnr/pppp1ppp/2n5/4p3/8/6P1/PPPPPPBP/RNBQK1NR w KQkq - 2 3
WB	0.57	-3.43	c3d5	c1e3	r2qkb1r/ppp1n1pp/2n2p2/3ppb2/8/2NP1NP1/PPP1PPBP/R1BQ1RK1 w kq - 4 7
WB	-2.74	-1.68	e3d4	g3g4	r2qkb1r/ppp1n1pp/2n2p2/4pb2/3p4/2NPBNP1/PPP1PPBP/R2Q1RK1 w kq - 0 8
WB	-4.40	-0.58	c3e4	h2h3	r2qkb1r/ppp1n1pp/2n2p2/4p3/3p2b1/2NPBN2/PPP1PPBP/R2Q1RK1 w kq - 0 9
WB	-4.13	-0.63	b2b4	e3d2	r2qkb1r/ppp1n1pp/2n2p2/4pb2/3p4/2NPBN1P/PPP1PPB1/R2Q1RK1 w kq - 1 10
WB	-3.94	-2.47	d1c1	d1d3	r2qkb1r/ppp1n1pp/2n2p2/8/4b3/2B2N1P/PPP1PPB1/R2Q1RK1 w kq - 0 13
WB	-6.33	-0.70	e2d3	c2d3	r2qkb1r/ppp1n1pp/2n2p2/8/8/2Bb1N1P/PPP1PPB1/R4RK1 w kq - 0 14
WB	-6.38	-0.74	e2e4	a2a4	r1q1kb1r/ppp1n1pp/2n2p2/8/8/2BP1N1P/PP2PPB1/R4RK1 w kq - 1 15
WB	-7.05	-18.22	d5g2	d2g5	r3kb1r/ppp4p/2n5/3B2p1/P7/3P3q/1P1BPP2/R4RK1 w kq - 0 19
WB	-9.60	-990.38	f2f4	b2b3	r3kb1r/ppp4p/2n5/6q1/P7/3P4/1P2PPB1/R4RK1 w kq - 0 21
WB	2.05	-0.79	f3d4	a1d1	r2qkb1r/p1pnppp1/1p1p1n1p/3P4/2P1P1b1/1QN1BN2/PP3PPP/R3KB1R w KQkq - 0 9
WB	3.01	-1.64	f3f4	b3b5	r2qkb1r/p1p1ppp1/1p1p1n1p/3Pn3/2P1P3/1QN1BP2/PP3P1P/3RKB1R w Kkq - 1 11
WB	4.28	-1004.27	c6c7	e2f3	r1q1kb1r/p3ppp1/1pPp1n1p/1Q6/2P1P3/2N1Bn2/PP2KP1P/3R1B1R w kq - 2 14
WB	5.12	-0.60	e4f5	f1c1	r3r1k1/ppp3pp/3pq3/5p2/2R1P3/1P4B1/P2Q1PPP/5RK1 w - - 0 18
WB	6.50	-1.98	d2e2	g3f4	r3rk2/ppp3pp/3p4/5P2/2R5/1P4B1/P2QqPPP/2R3K1 w - - 1 20
WB	0.11	-0.52	d4c5	c1e3	rnbq1rk1/pp2bppp/4pn2/2p1N3/2pP4/2N3P1/PP2PPBP/R1BQK2R w KQ - 0 8
WB	-0.35	-0.78	e5c4	g2d5	rnbq1rk1/pp2bppp/4p3/2pnN3/2pP4/2N1B1P1/PP2PPBP/R2QK2R w KQ - 2 9
WB	-1.17	-2.68	e5f3	d1d5	rnbq1rk1/pp3ppp/5b2/2PpN3/2p5/2N1B1P1/PP2PP1P/R2QK2R w KQ - 1 11
WB	-3.72	-0.70	f2f4	d5c3	r1b2rk1/pp3ppp/2n5/2PNb3/2p5/4B1P1/PP2PP1P/2KR3R w - - 2 14
WB	-4.17	-995.74	d1d8	h1h4	3rr1k1/pp3ppp/8/n1P2b1P/2p5/P1P1B1P1/4PP2/2KR3R w - - 1 19
WB	0.17	-0.55	c2c4	d2d3	rnbqkb1r/pppp1ppp/5n2/4p3/8/6P1/PPPPPPBP/RNBQK1NR w KQkq - 0 3
WB	0.32	-0.70	c2c3	b1c3	rnbqk2r/pppp1ppp/5n2/4p3/1b6/3P2P1/PPP1PPBP/RNBQK1NR w KQkq - 1 4
WB	-0.20	-0.63	e2e4	c1e3	rnbq1rk1/pppp1ppp/5n2/4p3/1b6/2NP2P1/PPP1PPBP/R1BQK1NR w KQ - 3 5
WB	0.13	-1.27	e3d2	a2a3	rnbq1rk1/pppp1ppp/8/4p3/1b4n1/2NPB1P1/PPP1PPBP/R2QK1NR w KQ - 5 6
WB	-0.52	-0.57	e3e4	h2h4	rnbq1rk1/pppp1pp1/8/4p2p/8/P1PPP1P1/2P1P1BP/R2QK1NR w KQ - 0 9
WB	-0.51	-0.89	e3e4	g2f3	rnbq1rk1/1ppp1pp1/p7/4p2p/7P/P1PPP1P1/2P1P1B1/R2QK1NR w KQ - 0 10
WB	0.85	-0.85	g1f3	h5f3	rnbq1rk1/2pp2p1/p7/1p2pp1B/7P/P1PPP1P1/2P1P3/R2QK1NR w KQ - 0 12
WB	4.44	-5.04	h4g5	a4b4	rnbq1rk1/3p4/p1p5/4ppp1/R6P/2PPPBP1/2P1P3/3QK1NR w K - 0 15
WB	-0.29	-1.98	b4a4	d1a1	rnbq1rk1/3p4/2p5/p3ppp1/1R5P/2PPPBP1/2P1P3/3QK1NR w K - 0 16
WB	-2.15	-0.78	e3e4	a1a2	rnbq1rk1/3p4/2p5/p3pp2/1R4pP/2PPPBP1/2P1P3/Q3K1NR w K - 0 17
WB	-2.91	-1.86	b4a4	f3e4	rnbq1rk1/8/2p5/p2ppp2/1R4pP/2PPPBP1/Q1P1P3/4K1NR w K - 0 18
WB	-4.63	-2.89	b4e4	d3e4	rnbq1rk1/8/2p5/p2pp3/1R2p1pP/2PPP1P1/Q1P1P3/4K1NR w K - 0 19
WB	-4.66	-2.11	b4a4	e4d5	rn1q1rk1/8/b1p5/p2pp3/1R2P1pP/2P1P1P1/Q1P1P3/4K1NR w K - 1 20
BB	-1.22	2.60	c7c6	d7d6	r1b2rk1/ppppqppp/5n2/4p1B1/2BnP3/2N5/PPP2PPP/R2QK2R b KQ - 7 9
BB	0.60	3.07	c8e6	d4c2	r1bqr1k1/ppp2p1p/3p1p1B/4p2Q/2BnP3/8/PPP2PPP/R3K2R b KQ - 3 13
BB	3.59	996.35	d8e7	c8e6	r1bqr1k1/ppp2p1p/3p1p1B/4p2Q/2B1P3/8/PPnK1PPP/R6R b - - 1 14
BB	3.49	996.49	g8h8	d6d5	r2q2k1/ppp2p1p/3prp1B/4p2Q/4P3/8/PPK2PPP/R6R b - - 0 16
BB	7.10	992.88	f6f5	d8d5	r2q2k1/ppp2p1p/4rp1B/3Pp2Q/8/8/PPK2PPP/R6R b - - 0 17
BB	0.30	1.27	c6b4	b7b6	r1b2rk1/pppp1pp1/2nq3p/2bNp3/2B1P3/3P1N2/PPP2PPP/R2Q1RK1 b - - 3 9
BB	1.50	2.54	b6b5	c8b7	r1b2rk1/p1pp1pp1/1pnq3p/2bNp3/2B1P3/2PP1N2/PP3PPP/R2Q1RK1 b - - 0 10
BB	2.89	1.41	e5d4	c6d4	r4rk1/pbpp1pp1/1pnq3p/2bNp3/2BPP3/2P2N2/PP3PPP/R2Q1RK1 b - - 0 11
BB	4.27	1.11	a8e8	b7c6	r4rk1/pbpp1pp1/1p1q3p/3N4/2BQP3/8/PP3PPP/R4RK1 b - - 0 14
BB	5.12	2.14	d6c5	d6g6	r4rk1/p1pp1pp1/1pbq3p/3NP3/2BQ4/8/PP3PPP/R4RK1 b - - 0 15
BB	7.08	0.55	g8h8	g8h7	r4rk1/p1ppNpp1/1pb3qp/4P3/2BQ4/8/PP3PPP/R4RK1 b - - 2 16
BB	7.08	1.19	f8f5	a7a5	r4r2/p1pp2pk/1pb3pp/4P3/2B3Q1/8/PP3PPP/R4RK1 b - - 1 18
BB	8.21	1.63	f8f5	h7h8	r4r2/2pp2pk/1pb3pp/p3P3/6Q1/3B4/PP3PPP/R4RK1 b - - 1 19
BB	10.07	989.92	h8g8	a5a4	r4r1k/2pp2p1/1pb3Qp/p3P3/8/3B4/PP3PPP/R4RK1 b - - 0 20
WB	0.60	-0.79	f1b5	f3d4	r2qkb1r/ppp1pppp/2n5/3p1b2/4n3/1PN1PN2/PBPP1PPP/R2QKB1R w KQkq - 5 6
WB	0.82	-0.74	g2g3	h2h4	r3kb1r/ppp1qppp/2n5/1N1p1p2/P3n3/1P2P3/1BPP1PPP/R2QKB1R w KQkq - 3 10
WB	0.33	-0.79	d2d3	b2d4	r3kb1r/ppp1qppp/8/1N1pnp2/P3n2P/1P2P3/1BPP1PP1/R2QKB1R w KQkq - 1 11
WB	-0.13	-0.82	c3e4	h1h3	3rkb1r/1pp1qppp/p7/3pnp2/P2Bn2P/1PN1P3/2PP1PP1/R2QKB1R w KQk - 2 13
WB	3.35	-4.10	f2f4	a4a5	3rkb1r/1pp2ppp/p4q2/3pnp2/P2Bn2P/1PN1P2R/2PP1PP1/R2QKB2 w Qk - 4 14
WB	2.74	-3.57	f2f4	h4h5	3rk2r/1pp1bppp/p4q2/P2pnp2/3Bn2P/1PN1P2R/2PP1PP1/R2QKB2 w Qk - 1 15
WB	2.84	-4.74	f2f4	g2g3	3rk2r/1pp2ppp/p4q2/P2pnp1P/1b1Bn3/1PN1P2R/2PP1PP1/R2QKB2 w Qk - 1 16
WB	1.40	-5.21	f2f4	h3h4	3r1rk1/1pp2ppp/p4q2/P2pnp1P/1b1Bn3/1PN1P1PR/2PP1P2/R2QKB2 w Q - 1 17
WB	-0.31	-2.88	a1a4	h4f4	3r1r1k/1pp2ppp/p4q2/P2pnp1P/1b1Bn2R/1PN1P1P1/2PP1P2/R2QKB2 w Q - 3 18
WB	-0.25	-0.72	f1g2	a1a4	3r1rk1/1pp2ppp/p4q2/P2pnp1P/1b1BnR2/1PN1P1P1/2PP1P2/R2QKB2 w Q - 5 19
WB	-0.47	-2.39	d4c3	d2c3	3r1rk1/1pp2ppp/p4q2/P2pnp1P/R2BnR2/1Pb1P1P1/2PP1P2/3QKB2 w - - 0 20
WB	0.16	-1.61	g3g4	a4b4	3r1r1k/1pp2ppp/p4q2/P2pnp1P/R2BnR2/1PP1P1P1/2P2P2/3QKB2 w - - 1 21
WB	0.38	-0.67	g1f3	d4c5	rnbqkb1r/pp2pppp/8/2pn4/3P4/2N5/PP2PPPP/R1BQKBNR w KQkq - 0 5
WB	0.34	-1.10	c3d5	d1d4	rnbqkb1r/pp3ppp/4p3/2Pn4/8/2N5/PP2PPPP/R1BQKBNR w KQkq - 0 6
WB	-0.68	-1.76	d4d2	d4c4	r1bqkb1r/pp3ppp/2n1p3/2Pn4/3Q4/2N5/PP2PPPP/R1B1KBNR w KQkq - 2 7
WB	1.57	-2.59	e2e3	e2e4	2r1kb1r/ppqb1ppp/2n5/2PQ4/8/5N2/PP2PPPP/R1B1KB1R w KQk - 3 11
WB	1.58	-2.59	f1c4	a2a4	2r1kb1r/ppqb1p1p/2n3p1/2PQ4/4P3/5N2/PP3PPP/R1B1KB1R w KQk - 0 12
WB	-0.91	-2.27	d5c4	d5e5	2r1kb1r/ppqb1p1p/6p1/2PQ4/Pn2P3/5N2/1P3PPP/R1B1KB1R w KQk - 1 13
WB	0.55	-1.03	f1c4	e5d7	2r1k2r/pp1b1p1p/6p1/2b1N3/Pn2P3/8/1P3PPP/R1B1KB1R w KQk - 0 15
WB	0.74	-4.18	f1b5	a1a3	2r4r/pp1k1p1p/6p1/2b5/Pn2P3/8/1P3PPP/R1B1KB1R w KQ - 0 16
WB	-3.36	-0.66	e1d1	e1e2	2r4r/pp1k1p1p/6p1/2b5/P3P3/R7/1Pn2PPP/2B1KB1R w K - 2 17
WB	-3.22	-0.52	b2a3	b2a3	2r4r/pp1k1p1p/6p1/2b5/P3P3/n7/1P2KPPP/2B2B1R w - - 0 18
WB	-3.25	-0.89	e2d2	c1e3	2r4r/pp1k1p1p/1b4p1/8/P3P3/P7/4KPPP/2B2B1R w - - 1 19
WB	-3.69	-0.89	e2d2	e2e1	7r/1p1k1p1p/1p4p1/8/P3P3/P1r5/4KPPP/5B1R w - - 0 21
WB	3.99	-0.81	d2d4	g1f3	rnbq1rk1/pppp1ppp/5n2/4p3/1NP5/8/PP1PPPPP/R1BQKBNR w KQ - 1 5
WB	4.37	-1.43	b4c6	d1a4	r1bq1rk1/pppp1ppp/2n2n2/4p3/1NP5/5N2/PP1PPPPP/R1BQKB1R w KQ - 3 6
WB	3.89	-0.59	d2d3	d2d4	r1bq1rk1/ppp2ppp/3p1n2/4p3/1QP5/5N2/PP1PPPPP/R1B1KB1R w KQ - 0 8
WB	3.54	-2.42	c4c5	f3d4	r1bq1rk1/ppp2ppp/3p1n2/8/1QPp4/5N2/PP2PPPP/R1B1KB1R w KQ - 0 9
WB	1.25	-1.18	b2b3	b2b4	r2q1rk1/pp3ppp/3pbn2/8/2PQ4/8/PP2PPPP/R1B1KB1R w KQ - 1 12
WB	4.43	-4.31	c4d3	e1g1	4rrk1/ppq2ppp/3p1n2/8/1PBQP3/8/P4PPP/R1B1K2R w KQ - 1 15
WB	0.10	-1.05	d4a7	d4b2	6k1/ppq2rpp/3p1n2/8/1P1Qr3/8/P4PPP/R1B2RK1 w - - 0 17
WB	0.07	-0.78	a1c1	e3a7	5rk1/ppq3pp/3p4/8/1P2r1n1/4B3/PQ3PPP/R4RK1 w - - 4 19
WB	-0.54	-999.45	g2g3	h2h4	5rk1/Bpq3pp/8/3p4/1P2r1n1/8/PQ3PPP/R4RK1 w - - 0 20
WB	0.00	-999.99	b2b3	a7d4	5rk1/Bpq3pp/8/8/1P1pr1nP/8/PQ3PP1/R4RK1 w - - 0 21
WB	2.23	-1.06	e2e4	g1f3	rnbqkb1r/ppppp1pp/8/5p2/2PP2n1/2N5/PP2PPPP/R1BQKBNR w KQkq - 1 4
WB	4.39	-1.02	c4d5	e4g3	r1bqkb1r/ppp1p1pp/2n5/3p4/2PPN3/5N2/PP3KPP/R1BQ1B1R w kq - 0 8
WB	5.16	-1.08	d1b3	c1g5	r2qkb1r/ppp1p1pp/2n5/8/2BP2b1/5NN1/PP3KPP/R1BQ3R w kq - 1 10
WB	4.49	-5.87	g2f3	d1f3	r2qkb1r/ppp1p1pp/2n5/6B1/2BP4/5bN1/PP3KPP/R2Q3R w kq - 0 11
WB	5.12	-1.56	f3e4	f3f5	r3kb1r/ppp1p1pp/8/4n3/8/4BQN1/Pq2BKPP/R6R w kq - 2 14
WB	3.78	-10.15	f5e4	f5f4	r3kb1r/ppp1p2p/6p1/4nQ2/8/4B1N1/Pq2BKPP/R6R w kq - 0 15
WB	-6.43	-0.51	f2f3	f2f3	r3kb1r/ppp1p2p/6p1/8/5Q2/3nB1N1/Pq2BKPP/R6R w kq - 2 16
WB	-6.62	-0.62	h1b1	e3f4	r3kb1r/ppp1p2p/6p1/8/5n2/4BKN1/Pq2B1PP/R6R w kq - 0 17
WB	-6.52	-0.73	f3g4	f3f2	r3kb1r/ppp1p2p/6p1/8/5B2/2q2KN1/P3B1PP/R6R w kq - 1 18
WB	-5.72	-2.81	g3h5	f2f3	r3kb1r/ppp1p2p/5qp1/8/5B2/6N1/P3BKPP/R6R w kq - 3 19
WB	-8.38	-1.26	g3f5	e2b5	r3k2r/ppp1p2p/5qpb/8/5B2/5KN1/P3B1PP/R6R w kq - 5 20
WB	-9.54	-1.72	g3e2	b5c6	r3k2r/pp2p2p/2p2qpb/1B6/5B2/5KN1/P5PP/R6R w kq - 0 21
WB	0.37	-0.60	e2e4	b1c3	rnbqk2r/pp3ppp/3bpn2/2pp4/8/3P1NP1/PPP1PPBP/RNBQ1RK1 w kq - 1 6
WB	1.13	-1001.10	g1h1	a2a4	r1b1k2r/pp3ppp/6q1/2p1P3/3pP3/8/PPPQPPBP/R4RK1 w kq - 1 14
BB	-0.79	1.57	c7c6	b8c6	rnbqkb1r/ppp2ppp/5n2/1B1pp3/4P3/5N2/PPPP1PPP/RNBQK2R b KQkq - 1 4
BB	-1.00	1.25	d5e4	c8g4	r1bqkb1r/ppp2ppp/2n2n2/1B1pp3/4P3/3P1N2/PPP2PPP/RNBQK2R b KQkq - 0 5
BB	-0.30	1.17	d5e4	h7h5	r2qkb1r/ppp2ppp/2n2n2/1B1pp3/4P1b1/2NP1N2/PPP2PPP/R1BQK2R b KQkq - 2 6
BB	-0.24	1.90	d5d4	a7a5	r2qkb1r/ppp2pp1/2n2n2/1B1pp2p/4P1b1/2NP1N2/PPP2PPP/R1BQ1RK1 b kq - 1 7
BB	-2.77	3.25	d5d4	d5e4	r2qkb1r/1pp2pp1/2n2n2/pB1pp2p/4P1b1/2NPBN2/PPP2PPP/R2Q1RK1 b kq - 1 8
BB	0.45	1.63	d8d1	h5h4	r2qkb1r/1pp2pp1/2n2n2/pB2p2p/4P1b1/2N1BN2/PPP2PPP/R2Q1RK1 b kq - 0 9
BB	0.29	1.15	d8d1	h4h3	r2qkb1r/1pp2pp1/2n2n2/pB2p1B1/4P1bp/2N2N2/PPP2PPP/R2Q1RK1 b kq - 1 10
BB	-2.81	1.19	d8d2	h3f1	r2qkb1r/1pp2pp1/2n2n2/pB2p1B1/4P3/2N2N1b/PPPQ1P1P/R4RK1 b kq - 2 13
BB	-3.06	1.98	d8d2	h8h5	r2qkb1r/1pp2pp1/2n2n2/pB2p1B1/4P3/2N2N2/PPPQ1P1P/R4K2 b kq - 0 14
BB	-2.34	1.61	d8d2	f8b4	r2qkb2/1pp2pp1/2n2n2/pB2p1Br/4P3/2N2N2/PPPQ1P1P/3R1K2 b q - 2 15
BB	-2.89	3.35	b4c3	b4f8	r2qk3/1pp2pp1/2n2n2/pB2p1Br/1b2P3/P1N2N2/1PPQ1P1P/3R1K2 b q - 0 16
BB	-0.96	3.78	f6g4	c8h3	r1q1kb2/1pp2pp1/2n2n2/pB1Np1Br/4P3/P3QN2/1PP2P1P/3R1K2 b q - 4 18
BB	2.42	1.88	f8d6	f6d5	r3kb2/1pp2pp1/2n2n2/pB1Np1Br/4P3/P3QN1q/1PP1KP1P/3R4 b q - 6 19
BB	4.26	1.97	f8d6	f7f6	r3kb2/1pp2pp1/2n5/pB1Pp1Br/8/P3QN1q/1PP1KP1P/3R4 b q - 0 20
WB	4.77	-0.52	d5d6	g1e2	r1q1kb1r/pp1b1ppp/4pn2/1B1P4/P2Q4/2N5/1P3PPP/R1B1K1NR w KQkq - 1 10
WB	5.28	-2.32	b5d7	d4e5	r1q1k2r/pp1b1ppp/4pn2/1BbP4/P2Q4/2N5/1P2NPPP/R1B1K2R w KQkq - 3 11
WB	3.71	-0.56	c3b5	a4b5	r1q1k2r/pp3ppp/4pn2/1bbPQ3/P7/2N5/1P2NPPP/R1B1K2R w KQkq - 0 12
WB	7.42	-0.62	c5a3	c5a7	2r1k2r/pp3ppp/4qn2/1PQ5/8/2N5/1P2NPPP/R1B1K2R w KQk - 1 15
WB	7.72	-2.43	a7a3	h1g1	4k2r/Qpr2ppp/4qn2/1P6/8/2N5/1P2NPPP/R1B1K2R w KQk - 1 16
WB	7.13	-0.58	a7c5	a7a8	4k2r/Qp1r1ppp/4qn2/1P6/8/2N5/1P2NPPP/R1B1K1R1 w Qk - 3 17
WB	0.25	-0.54	c2c4	f1g2	rnbqkbnr/pppp1ppp/8/4p3/8/6P1/PPPPPP1P/RNBQKBNR w KQkq - 0 2
WB	0.31	-0.80	c2c4	d2b3	r2q1rk1/ppp2ppp/5n2/3pb3/6b1/3Q2P1/PPPNPPBP/R1B2RK1 w - - 4 11
WB	0.00	-0.92	c2c4	a2a4	r4rk1/pppq1ppp/5n2/3pb3/6b1/1N1Q2P1/PPP1PPBP/R1B2RK1 w - - 6 12
WB	-0.07	-4.61	g2h3	c1e3	4rrk1/ppp2ppp/2q2n2/P2pb3/4b3/1NP3P1/1P2PPBP/R1BQ1RK1 w - - 1 16
WB	-4.61	-1.64	f2f4	f2e3	4rrk1/ppp2ppp/2q2n2/P3b3/8/1NP1p1P1/1P2PP1P/R2Q1RK1 w - - 0 19
WB	-6.05	-1.77	f1f2	d1d3	4rrk1/ppp2ppp/2q5/P3b3/6n1/1NP1P1P1/1P2P2P/R2Q1RK1 w - - 1 20
WB	-7.53	-992.36	f1f2	h2h4	4rrk1/ppp2ppp/7q/P3b3/6n1/1NPQP1P1/1P2P2P/R4RK1 w - - 3 21
BB	-0.61	0.95	a8b8	d8d6	r1bq1rk1/ppp1bppp/2n1pn2/8/2pP4/2N2NP1/PP2PPBP/R1BQR1K1 b - - 3 8
BB	-0.34	1.28	f6d5	a7a5	r1b2rk1/pppqbppp/2n1pn2/8/2pP1B2/2N2NP1/PP1QPPBP/R3R1K1 b - - 7 10
BB	-0.29	1.47	f6d5	a8a6	r1b2rk1/1ppqbppp/2n1pn2/p7/P1pP1B2/2N2NP1/1P1QPPBP/R3R1K1 b - - 0 11
BB	-1.54	1.95	c7c6	f7f5	2b2rk1/1ppqbppp/r3p3/pN1nB3/P1pP4/6P1/1P1QPPBP/R3R1K1 b - - 2 14
BB	-0.53	1.67	e7b4	d5b6	2b2rk1/1ppqb1pp/r3p3/pN1nBp2/P1pP4/6P1/1P1QPPBP/2R1R1K1 b - - 1 15
BB	0.17	1.11	e7b4	f5e4	2b2rk1/1ppqb1pp/rn2p3/pN2Bp2/P1pPP3/6P1/1P1Q1PBP/2R1R1K1 b - - 0 16
BB	1.22	2.20	e7d6	d7d8	2b2rk1/1ppqb1pp/rn2p3/pN2B3/P1pPR3/6P1/1P1Q1PBP/2R3K1 b - - 0 17
BB	2.80	1.88	g7g5	f8f7	2bq1rk1/1pp1b1pp/rn2p3/pN2B3/P1pP2R1/6P1/1P1Q1PBP/2R3K1 b - - 2 18
BB	2.09	0.91	d8f8	d8e8	2bq2k1/1pB1brpp/rn2p3/pN6/P1pP2R1/6P1/1P1Q1PBP/2R3K1 b - - 0 19
WB	0.42	-0.82	c1g5	a2a4	r1bqk2r/pp3ppp/2nb1n2/3p4/2pP4/5NP1/PPQ1PPBP/RNB2RK1 w kq - 2 9
WB	0.20	-0.73	c1g5	c1f4	r2qk2r/1p3ppp/p1nbbn2/3p4/P1pP4/2N2NP1/1PQ1PPBP/R1B2RK1 w kq - 2 11
WB	-0.36	-1.18	b2b3	h2h4	r2q1rk1/1p3ppp/p1n1bn2/3p4/P1pP1P2/2N2N2/1PQ1PPBP/R4RK1 w - - 1 13
WB	-0.98	-0.98	b2b3	g1h2	r2q1rk1/1p3pp1/p1n1bn1p/3p4/P1pP1P1P/2N2N2/1PQ1PPB1/R4RK1 w - - 0 14
WB	-1.28	-2.29	e2e3	h2g3	r4rk1/1pq2pp1/p1n1bn1p/3p4/P1pP1P1P/2N2N2/1PQ1PPBK/R4R2 w - - 2 15
WB	-3.46	-2.02	e2e3	c3e4	r4rk1/1p3pp1/p3b2p/3p3n/P1pq3P/2N5/1PQ1PPB1/R4RK1 w - - 0 19
WB	-5.32	-0.82	e2e3	g2e4	r4rk1/1p3pp1/p3b2p/7n/P1pqp2P/8/1PQ1PPB1/R4RK1 w - - 0 20
WB	-5.18	-1.98	e4d5	e4h7	r4rk1/1p3pp1/p6p/3b3n/P1pqB2P/8/1PQ1PP2/R4RK1 w - - 1 21
WB	3.01	-2.50	d1a4	d4d5	r2qkb1r/ppp1pppp/5n2/n7/2pPP1b1/2N1BN2/PP3PPP/R2QKB1R w KQkq - 3 7
WB	0.50	-0.82	h2h3	h2h4	r2qkb1r/pp2pppp/2p2n2/n2P4/2p1P1b1/2N1BN2/PP3PPP/R2QKB1R w KQkq - 0 8
WB	1.00	-2.42	d1d4	a2a4	r2qkb1r/1p2pppp/p4n2/n2P4/2p3bP/2N1BN2/PP3PP1/R2QKB1R w KQkq - 0 10
WB	-1.46	-2.35	f1e2	a1a3	r3kb1r/1pq1pppp/p4n2/n2P4/P1p3bP/2N1BN2/1P3PP1/R2QKB1R w KQkq - 1 11
WB	-3.73	-0.55	f1e2	a3a1	r3kb1r/1pq2ppp/p3pn2/n2P4/P1p3bP/R1N1BN2/1P3PP1/3QKB1R w Kkq - 0 12
WB	-3.85	-3.13	f1e2	b2b4	3rkb1r/1pq2ppp/p3pn2/n2P4/P1p3bP/2N1BN2/1P3PP1/R2QKB1R w Kk - 2 13
WB	-6.86	-1.58	e3d2	a1b1	3rk2r/1pq2ppp/p3pn2/n2P4/Pbp3bP/2N1BN2/5PP1/R2QKB1R w Kk - 0 14
WB	-7.39	-3.15	d2c3	d1c2	4k2r/1pq2ppp/p3pn2/n2r4/P1p3bP/2b2N2/3B1PP1/1R1QKB1R w Kk - 0 16
WB	-10.65	-0.78	c2d2	f3d2	4k2r/1pq2ppp/p3pn2/n2r4/P1p3bP/5N2/2Qb1PP1/1R2KB1R w Kk - 0 17
WB	-11.01	-0.94	d2e4	d2e4	4k2r/1p3ppp/p3pn2/n2rq3/P1p3bP/8/2QN1PP1/1R2KB1R w Kk - 1 18
WB	-11.35	-988.62	h1h3	f1c4	4k2r/1p3ppp/p3p3/n2rq3/P1p1n1bP/8/2Q2PP1/1R2KB1R w Kk - 0 19
BB	-1.25	1.12	d5d4	c8d7	r1bqkb1r/ppp2ppp/2n1pn2/3p4/P4P2/2N2NP1/1PPPP2P/R1BQKB1R b KQkq - 1 5
BB	-2.15	2.01	d5d4	c6e5	r2qkb1r/pppb1ppp/2n1pn2/3pN3/P4P2/2N3P1/1PPPP2P/R1BQKB1R b KQkq - 3 6
BB	-2.11	1.30	d8g5	h8h6	r2qkb1r/ppp2pp1/2b1p3/4P2p/P3p3/4P1P1/1PPP2BP/R1BQ1RK1 b kq - 1 11
BB	-1.37	2.50	h5h4	e4d3	r2qkb2/ppp2pp1/2b1p2r/4P2p/P3p3/3PP1P1/1PP3BP/R1BQ1RK1 b q - 0 12
BB	0.69	4.71	b7c6	e8e7	r2qkb2/ppp2pp1/2B1p2r/4P2p/P7/3pP1P1/1PP4P/R1BQ1RK1 b q - 0 13
BB	5.21	1.29	a8b8	d3c2	r2q1b2/pBp1kpp1/4p2r/4P2p/P7/3pP1P1/1PP4P/R1BQ1RK1 b - - 0 14
BB	6.31	1.66	h5h4	f6e5	B2q1b2/p1p1k1p1/4pp1r/4P2p/P7/4PQP1/1Pp4P/R1B2RK1 b - - 0 16
BB	7.08	992.79	f8e7	h6h8	3q1b2/pBp2Qp1/3kp2r/4p2p/P7/4P1P1/1Pp4P/R1B2RK1 b - - 3 18
BB	7.92	992.04	c7c5	f8e7	3q1b1r/pBp3p1/3kp3/4p2p/P7/4P1P1/1Pp2Q1P/R1B2RK1 b - - 5 19
BB	8.45	1.28	e7f6	c7c5	3q3r/pBp1b1p1/3kp3/4p2p/P7/4P1P1/1PQ4P/R1B2RK1 b - - 0 20
BB	0.18	1.00	f8d6	h7h5	r2qkb1r/pp1b1ppp/2n1pn2/3p4/3P4/2NBBN1P/PPP2PP1/R2Q1RK1 b kq - 1 9
BB	1.27	1.99	f8e7	a5a4	r2qkb1r/1p1b1pp1/2n1pn2/p2p2Bp/3P4/2NB1N1P/PPP2PP1/R2QR1K1 b kq - 1 11
BB	1.13	1.46	f8e7	a8a5	r2qkb1r/1p1b1pp1/2n1pn2/1N1p2Bp/p2P4/3B1N1P/PPP2PP1/R2QR1K1 b kq - 1 12
BB	-0.23	0.92	c6b4	f8b4	3qkb1r/1p1b1pp1/2n1pn2/rN1p2Bp/pP1P4/3B1N1P/P1P2PP1/R2QR1K1 b k b3 0 13
BB	-0.40	4.09	b4e7	d7c8	3q1rk1/1p1b1pp1/2n1pn2/rN1pN1Bp/pb1P4/3B3P/P1P1RPP1/R2Q2K1 b - - 3 15
BB	3.64	5.08	g7g6	d8b6	2bq1rk1/1p3pp1/2n1pn2/rN1pN1Bp/pb1P4/3BR2P/P1P2PP1/R2Q2K1 b - - 5 16
BB	4.26	995.70	f6g4	a5b5	2b2rk1/1p3pp1/1qn1pn2/rN1pN1Bp/pb1P4/3B2RP/P1P2PP1/R2Q2K1 b - - 7 17
BB	-3.02	0.84	f6d5	d7d6	r1bqkb1r/pppp1ppp/2n2n2/3N4/2P5/8/PP3NPP/R1BQKB1R b KQkq - 0 7
BB	-2.24	0.57	f8e7	c8e6	r1bqkb1r/ppp2ppp/2np1n2/3N4/2P5/8/PP2BNPP/R1BQK2R b KQkq - 1 8
BB	-2.16	4.58	c6e5	f6d5	r2qkb1r/ppp2ppp/2npbn2/3N4/1PP5/8/P3BNPP/R1BQK2R b KQkq - 0 9
BB	0.69	999.28	f7e8	f7g6	r4b1r/ppp2kpp/2np4/8/1P6/1Q6/P3BNPP/q1B1K2R b K - 1 13
BB	-1.88	3.46	e5e4	h7h5	r1bqk1nr/1pp2ppp/p1nb4/3Np3/B7/4PN2/PPPP1PPP/R1BQK2R b KQkq - 0 6
BB	0.55	1.37	e5e4	c8g4	r1bqk1nr/1pp2pp1/p1nb4/3Np2p/B2P4/4PN2/PPP2PPP/R1BQK2R b KQkq - 0 7
BB	1.98	0.93	g4f3	g4e6	r2qk1nr/1pp2pp1/p1n5/3Nb2p/B5b1/4PN1P/PPP2PP1/R1BQK2R b KQkq - 0 9
BB	2.40	0.87	b7b5	e5d6	r2qk1nr/1pp2pp1/p1n1b3/3Nb2p/B1P5/4PN1P/PP3PP1/R1BQK2R b KQkq - 0 10
BB	2.06	0.77	g8e7	e8f8	r2qk1nr/1ppb1pp1/p1nb4/3N3p/B1PN4/4P2P/PP3PP1/R1BQ1RK1 b kq - 4 12
BB	2.65	0.94	c6d4	h5h4	r2q1k1r/1ppb1pp1/p1nb1n2/3N2Bp/B1PNP3/7P/PP3PP1/R2Q1RK1 b - - 2 14
BB	3.17	0.79	h8h5	d7e6	r2q1k1r/1ppb1pp1/p1nb1n2/3N2B1/B1P1P2p/5N1P/PP3PP1/R2Q1RK1 b - - 1 15
BB	2.94	0.73	c6e5	f8g8	r2q1k1r/1pp2pp1/p1nbbn2/3N2B1/B1P1P2N/7P/PP3PP1/R2Q1RK1 b - - 0 16
BB	3.64	3.06	e6f5	d6f8	r2q2kr/1pp2pp1/p1nbbn2/3N1NB1/B1P1P3/7P/PP3PP1/R2Q1RK1 b - - 2 17
BB	6.55	0.88	d8c8	g7f6	r2q1bkr/1pp2pp1/p1n1bB2/3N1N2/B1P1P3/7P/PP3PP1/R2Q1RK1 b - - 0 18
BB	7.65	992.34	h7g8	h7g6	r2q1b1r/1pp2p1k/p1n1bp2/3N1N2/B1P1P2Q/7P/PP3PP1/R4RK1 b - - 3 20
WB	2.43	-2.69	f2f3	b1c3	r1bqkb1r/ppp2ppp/2n1p3/3pP3/3Pn3/6P1/PPP2PBP/RNBQK1NR w KQkq - 1 6
WB	0.47	-0.57	d1d3	g1h3	r1bqk1r1/ppp1bppp/4p3/n2pP1B1/3P3P/2P3P1/P1P2PB1/R2QK1NR w KQq - 3 10
WB	0.71	-0.82	g2f1	b1b3	r1bqk2r/ppp1bppp/4p3/3pP1B1/2nP3P/2P3PN/P1P2PB1/1R1QK2R w Kq - 7 12
WB	0.41	-1.19	g5e7	g5f4	r1bqk2r/ppp1bpp1/4p2p/3pP1B1/2nP3P/1RP3PN/P1P2PB1/3QK2R w Kq - 0 13
WB	2.10	-0.94	d3h7	f1g1	r1bq1kr1/ppp1bpp1/4p2p/n2pP3/3P1B1P/2PQ2PN/P1P2PBK/1R3R2 w - - 10 18
WB	1.22	-0.52	f4c1	a1b1	r3qk1r/pppbbpp1/4p2p/n2pP3/P2P1B1P/2PQ2PN/2P2PBK/R5R1 w - - 3 21
BB	0.32	1.44	g8e7	h7h5	r2qk1nr/1bpn1pbp/p2pp1p1/1p6/3PPB2/1BN2N2/PPP2PPP/R2QR1K1 b kq - 5 9
BB	0.66	1.16	g8f6	e8f8	r2qk1nr/1bpn1pb1/p2pp1p1/1p5p/3PPB2/1BN2N2/PPP2PPP/2RQR1K1 b kq - 1 10
BB	1.14	1.67	g7h6	b7c6	r2q1knr/1bpn1pb1/p2pp1p1/1p5p/3PPB2/1BN2N1P/PPP2PP1/2RQR1K1 b - - 0 11
BB	2.62	2.56	g7h6	g8e7	r2q1knr/2pn1pb1/p1bpp1p1/1p4Np/3PPB2/1BN4P/PPP2PP1/2RQR1K1 b - - 2 12
BB	5.27	1.37	c6a8	g7e5	3r3r/2pnnkb1/p1bp2p1/1p1P3p/4PB2/2N4P/PPP2PP1/2RQR1K1 b - - 0 16
BB	6.43	0.61	d7e5	d7e5	3r3r/2pnnk2/p1bp2p1/1p1PB2p/4P3/2N4P/PPP2PP1/2RQR1K1 b - - 0 17
BB	6.25	1.12	g6g5	e7c6	3r3r/2p1nk2/p1Pp2p1/1p2n2p/4P3/2N4P/PPP2PP1/2RQR1K1 b - - 0 18
BB	7.23	1.67	h8f8	e5c4	3r3r/2p2k2/p1np2p1/1p2n2p/4PP2/2N4P/PPP3P1/2RQR1K1 b - - 0 19
WB	1.07	-1.54	g2g4	h2h4	r1bq1rk1/pppn1pbp/3p2p1/3Pp2n/2P1P3/2N1BP2/PP1Q2PP/R3KBNR w KQ - 1 9
WB	-0.44	-0.96	e3f2	a1c1	r1bq1rk1/pppn2bp/3p2p1/3Ppp1n/2P1P2P/2N1BP2/PP1Q2P1/R3KBNR w KQ - 0 10
WB	0.09	-0.88	g1e2	g1h3	r1bq1rk1/ppp3bp/3p2p1/2nPp2n/2P1Pp1P/2N2P2/PP1Q1BP1/2R1KBNR w K - 2 12
WB	0.00	-2.60	h3g1	a2a4	r1bq1rk1/ppp3b1/3p2pp/2nPp2n/2P1Pp1P/2N2P1N/PP1Q1BP1/2R1KB1R w K - 0 13
WB	-2.02	-0.94	h3g1	f1e2	r1b2rk1/ppp1q1b1/3p2pp/3Pp2n/P1P1Pp1P/2N2P1N/1P3BP1/2Q1KB1R w K - 1 16
WB	-2.39	-1.02	c4c5	e1g1	r1b3k1/ppp1qrb1/3p2pp/3Pp2n/P1P1Pp1P/2N2P1N/1P2BBP1/2Q1K2R w K - 3 17
WB	-3.00	-0.57	c4c5	c1e3	r5k1/ppp2rb1/3p2pp/3Pp3/P1P1P2q/2N2PpP/1P2B1K1/2Q2R2 w - - 0 21
BB	-0.16	0.63	c7c5	b8c6	rnbqkb1r/ppp1pppp/5n2/3p4/3P4/5N2/PPPBPPPP/RN1QKB1R b KQkq - 3 3
BB	0.25	0.83	a7a6	h7h5	r1b1kb1r/ppp1pppp/2nq1n2/1B1p4/3P4/4PN2/PPPB1PPP/RN1QK2R b KQkq - 2 5
BB	0.34	0.94	c8g4	g7g6	r1b1kb1r/ppp1ppp1/2nq1n2/1B1p3p/3P4/4PN2/PPPB1PPP/RN1Q1RK1 b kq - 1 6
BB	1.17	1.05	a7a6	c8f5	r1b1kb1r/ppp1pp2/2nq1np1/1B1p3p/2PP4/4PN2/PP1B1PPP/RN1Q1RK1 b kq - 0 7
BB	0.22	1.04	d6e6	d6d8	r3kb1r/p1p1pp2/2pq1np1/2Pp1b1p/3P4/4PN2/PP1B1PPP/RN1Q1RK1 b kq - 0 9
BB	1.17	2.48	f5d7	e8d7	r2qkb1r/p1p1pp2/2p2np1/2Pp1b1p/Q2P4/4PN2/PP1B1PPP/RN3RK1 b kq - 2 10
BB	3.47	5.47	d7e8	d7e6	r2q1b1r/p1pkpp2/2p2np1/2PpNb1p/Q2P4/4P3/PP1B1PPP/RN3RK1 b - - 4 11
BB	8.84	991.15	e7d6	f8h6	r4b1r/p1p1pp2/2QPknp1/3pNb1p/3P4/4P3/PP1B1PPP/RN3RK1 b - - 0 13
WB	0.80	-1.38	f3e5	a4c4	r1bqkb1r/pp3ppp/2n2n2/4p3/Q1p5/P1N2N2/1P2PPPP/R1B1KB1R w KQkq - 0 9
WB	0.00	-1.66	h2h4	d3d4	2kr3r/pp4p1/2n1bp1p/3np3/8/P1NPPN2/1P2BKPP/R4R2 w - - 0 17
BB	0.04	0.59	f6d5	d8c7	rnbq1rk1/1p2bppp/p3pn2/2pP4/8/1BN1PN2/PP3PPP/R1BQ1RK1 b - - 0 9
BB	0.55	3.39	e6e5	a6a5	rnb2rk1/1pq1bppp/p3pn2/3P4/2p1P3/2N2N2/PPB2PPP/R1BQ1RK1 b - - 1 11
BB	3.84	0.96	d6h2	c7c5	rnb2rk1/1pq2ppp/3bpn2/pN6/2p1P3/5N2/PPB2PPP/R1BQ1RK1 b - - 1 13
BB	4.65	0.64	b8c6	f8d8	rnb2rk1/1p3ppp/3Npn2/p1q5/2p1P3/5N2/PPB2PPP/R1BQ1RK1 b - - 0 14
BB	5.72	0.61	d8d6	b4b2	r1br2k1/1p3ppp/2nNpn2/p3P3/1qp5/P3BN2/1PB2PPP/R2Q1RK1 b - - 0 17
BB	5.37	0.67	d8d6	c6e5	r1br2k1/1p3ppp/2nNpn2/p3P3/2p5/P3BN2/1qB1QPPP/R4RK1 b - - 1 18
BB	5.79	0.54	e5f3	e5f3	r1br2k1/1p3ppn/3Np3/p3n3/2p5/P3BN2/1Q3PPP/R4RK1 b - - 0 20
WB	2.34	-0.86	c2c3	b1c3	rnbqk1nr/pppp1ppp/8/4P3/1b6/5N2/PPP1PPPP/RNBQKB1R w KQkq - 3 4
WB	2.03	-0.68	d1d3	e2e4	r1bqk1nr/pppp1ppp/2n5/4P3/1b6/2N2N2/PPP1PPPP/R1BQKB1R w KQkq - 5 5
WB	1.88	-0.57	f1c4	c1e3	r1bqk2r/ppppnppp/2n5/4P3/4P3/2P2N2/P1P2PPP/R1BQKB1R w KQkq - 1 7
WB	1.44	-0.53	f1c4	a1b1	r1bq1rk1/ppppnppp/2n5/4P3/4P3/2P1BN2/P1P2PPP/R2QKB1R w KQ - 3 8
WB	0.97	-0.63	f3d2	b1b5	r1bq1rk1/pppp1ppp/2n3n1/4P3/4P3/2P1BN2/P1P2PPP/1R1QKB1R w K - 5 9
WB	1.18	-1.18	f3d2	e3g5	r1b2rk1/1pppqppp/p1n3n1/3RP3/4P3/2P1BN2/P1P2PPP/3QKB1R w K - 2 11
WB	0.01	-1.24	f1e2	d5c5	r1b1qrk1/1ppp1ppp/p1n3n1/3RP1B1/4P3/2P2N2/P1P2PPP/3QKB1R w K - 4 12
WB	-0.74	-1.40	f3e5	c4a4	r1b1qrk1/2pp1pp1/ppn4p/4n3/2R1P3/2P1BN2/P1P2PPP/3QKB1R w K - 0 15
WB	-1.89	-0.62	f1d3	e3c1	r1b1qrk1/2pp1pp1/ppn4p/8/R3P1n1/2P1BN2/P1P2PPP/3QKB1R w K - 2 16
WB	-1.76	-2.04	f1e2	h2h4	r3qrk1/1bpp1pp1/ppn4p/8/R3P1n1/2P2N2/P1P2PPP/2BQKB1R w K - 4 17
WB	0.83	-2.38	d4f5	d4b3	r1bqk1nr/pp1p1ppp/8/2p5/1nPNp3/8/PP1PPPPP/R1BQKB1R w KQkq - 0 7
WB	0.02	-2.61	a2a3	e2e3	r1bqk1nr/pp3ppp/3p4/2p5/1nP1p3/1N6/PP1PPPPP/R1BQKB1R w KQkq - 0 8
WB	-1.16	-1.06	d2d4	d1g4	r1b1k1nr/pp3ppp/3p4/2p5/1nP1p1qP/1N2P3/PP1P1PP1/R1BQKB1R w KQkq - 1 10
WB	-2.16	-997.83	d2d4	h4h5	r3k1nr/pp3ppp/3p4/2p5/1nP1p1bP/1N2P3/PP1P1PP1/R1B1KB1R w KQkq - 0 11
WB	1.04	-0.60	g1e2	h2h4	r1bqk2r/pppp2pp/2n2n2/2b1pp2/2P5/2N1P1P1/PP1P1PBP/R1BQK1NR w KQkq - 1 6
WB	0.47	-0.68	g1e2	d2d3	r1bq1rk1/pppp2pp/2n2n2/2b1pp2/2P4P/2N1P1P1/PP1P1PB1/R1BQK1NR w KQ - 1 7
WB	-0.15	-1.14	g1e2	c1d2	r1bq1rk1/ppp3pp/2np1n2/2b1pp2/2P4P/2NPP1P1/PP3PB1/R1BQK1NR w KQ - 0 8
WB	-0.18	-1.85	g1e2	c3b5	r2q1rk1/pppb2pp/2np1n2/2b1pp2/2P4P/2NPP1P1/PP1B1PB1/R2QK1NR w KQ - 2 9
WB	-0.34	-0.77	d3d4	g2b7	r2q1rk1/pppbn1pp/3p1n2/1Nb1pp2/2P4P/3PP1P1/PP1B1PB1/R2QK1NR w KQ - 4 10
WB	-0.71	-3.76	b7f3	d1f3	1r1q1rk1/pBpbn1pp/3p1n2/1Nb1pp2/2P4P/3PP1P1/PP1B1P2/R2QK1NR w KQ - 1 11
WB	-3.26	-2.12	d3d4	b5d6	1r1q1rk1/pB1bn1pp/2pp1n2/1Nb1pp2/2P4P/3PPQP1/PP1B1P2/R3K1NR w KQ - 0 12
WB	-4.66	-0.88	f3d1	f3f4	1r1q1rk1/pB1bn1pp/2pN1n2/2b2p2/2P1p2P/3PPQP1/PP1B1P2/R3K1NR w KQ - 0 13
WB	-5.96	-1.22	h4h5	d3e4	1r3rk1/p2b2pp/Bqpb1nn1/5pQ1/2P1p2P/3PP1P1/PP1B1P2/R3K1NR w KQ - 2 16
WB	-5.54	-0.83	g5a5	g5a5	1r3rk1/p2b2pp/Bqpb1nn1/6Q1/2P1p2P/4P1P1/PP1B1P2/R3K1NR w KQ - 0 17
WB	-6.13	-2.69	a5c3	a1c1	1r3rk1/p2b2pp/B1pb1nn1/Q7/2P1p2P/4P1P1/Pq1B1P2/R3K1NR w KQ - 0 18
WB	-8.98	-990.90	a5b4	d2b4	1r3rk1/p2b2pp/B1p2nn1/Q7/1bP1p2P/4P1P1/Pq1B1P2/2R1K1NR w K - 2 19
WB	-9.27	-990.66	e1e2	e1e2	1r3rk1/p2b2pp/B1p2nn1/Q7/1BP1p2P/4P1P1/P4P2/2q1K1NR w K - 0 20
WB	-11.33	-1.20	b4d2	b4d2	1r3rk1/p2b2pp/B1p2nn1/Q7/1BP1p2P/4P1P1/Pq2KP2/6NR w - - 2 21
WB	4.56	-0.74	f1d3	b1b3	r1b2rk1/pppp1ppp/2n1pq2/8/3P4/2P1BN2/P1P2PPP/1R1QKB1R w K - 3 10
WB	4.63	-1.25	e3g5	f3e5	r1b2rk1/pppp1ppp/2n1pq2/1R6/3P4/2P1BN2/P1P2PPP/3QKB1R w K - 7 12
WB	5.02	-0.66	f1d3	h2h4	r1b2rk1/pppp1ppp/4p1q1/1R2P3/8/2P1B3/P1P2PPP/3QKB1R w K - 1 14
WB	6.13	-1.44	h4h5	a2a4	r1b1r1k1/pppp1ppp/4p1q1/1R2P3/7P/2P1B3/P1P2PP1/3QKB1R w K - 1 15
WB	5.70	-1.77	h4h5	g2g4	r1b3k1/pppprppp/4p1q1/1R2P3/P6P/2P1B3/2P2PP1/3QKB1R w K - 1 16
WB	5.36	-0.73	b5b4	h4h5	r1b2k2/pppprppp/4p1q1/1R2P3/P5PP/2P1B3/2P2P2/3QKB1R w K - 1 17
WB	4.98	-0.54	d1d3	h1h3	r1b2k2/pppprppp/4p3/1R2P2P/P3q1P1/2P1B3/2P2P2/3QKB1R w K - 1 18
WB	5.02	-0.72	h5h6	b5b4	r1b2k2/pppprppp/4p3/1R2P2P/q5P1/2P1B2R/2P2P2/3QKB2 w - - 0 19
WB	4.90	-0.64	d1d3	b4b3	r1b2k2/pppprppp/2q1p3/4P2P/1R4P1/2P1B2R/2P2P2/3QKB2 w - - 2 20
BB	0.28	1.22	a7a6	h7h5	r1b1kb1r/ppqn1ppp/4pn2/1B1p4/3P4/2N2N2/PPP2PPP/R1BQR1K1 b kq - 0 8
BB	1.43	2.67	f8e7	b7b6	r1b1kb1r/ppqn1pp1/4pn2/1B1p2Bp/3P4/2N2N2/PPP2PPP/R2QR1K1 b kq - 1 9
BB	3.79	1.69	g7f6	c8b7	r1b1kb1r/p1qn1pp1/1p2pB2/1B1p3p/3P4/2N2N2/PPP2PPP/R2QR1K1 b kq - 0 10
BB	5.68	1.93	g7f6	b7c6	r3kb1r/pbqn1pp1/1p2pB2/1B1pN2p/3P4/2N5/PPP2PPP/R2QR1K1 b kq - 2 11
BB	7.51	0.56	c7c6	g7f6	r3kb1r/p1qn1pp1/1pB1pB2/3pN2p/3P4/2N5/PPP2PPP/R2QR1K1 b kq - 0 12
BB	7.68	0.84	e8c8	c7c6	r3kb1r/p1qn1p2/1pB1pp2/1N1pN2p/3P4/8/PPP2PPP/R2QR1K1 b kq - 1 13
BB	8.45	991.54	a8c8	a7a5	r3kb1r/p2n1p2/1pN1pp2/1N1p3p/3P4/8/PPP2PPP/R2QR1K1 b kq - 0 14
WB	2.37	-2.67	f2f3	b1c3	r1bqkb1r/ppp2ppp/2n1p3/3pP3/3Pn3/6P1/PPP2PBP/RNBQK1NR w KQkq - 1 6
WB	0.42	-0.57	d1d3	g1h3	r1bqk1r1/ppp1bppp/4p3/n2pP1B1/3P3P/2P3P1/P1P2PB1/R2QK1NR w KQq - 3 10
WB	0.53	-0.58	g5e3	a1b1	r1bqk2r/ppp1bppp/4p3/n2pP1B1/3P3P/2P3PN/P1P2PB1/R2QK2R w KQq - 5 11
WB	0.82	-0.88	d1g4	b1b3	r1bqk2r/ppp1bppp/4p3/3pP1B1/2nP3P/2P3PN/P1P2PB1/1R1QK2R w Kq - 7 12
WB	0.33	-1.22	g5e7	g5f4	r1bqk2r/ppp1bpp1/4p2p/3pP1B1/2nP3P/1RP3PN/P1P2PB1/3QK2R w Kq - 0 13
WB	0.76	-1.25	d1g4	e1g1	r1bqk1r1/ppp1bpp1/4p2p/3pP3/2nP1B1P/1RP3PN/P1P2PB1/3QK2R w Kq - 2 14
WB	0.27	-1.01	f4c1	d1g4	r1bqk1r1/ppp1bp2/4p2p/3pP1p1/2nP1B1P/1RP3PN/P1P2PB1/3Q1RK1 w q - 0 15
WB	-0.53	-2.73	g4h5	g4g5	r1bqk1r1/ppp1bp2/4p3/3pP1pp/2nP1BQP/1RP3PN/P1P2PB1/5RK1 w q - 0 16
WB	2.03	-5.93	c4b3	c3b5	r1bq1rk1/pp3p1p/1np1pnp1/8/1bBP4/2N1PN2/PPQB1PPP/R4RK1 w - - 2 11
WB	-3.71	-2.23	c2b3	d2c4	2rq1rk1/pp1b1p1p/1n2pnp1/1B6/P2P4/4P3/1PQN1PPP/R4RK1 w - - 1 15
WB	-5.75	-1.28	c2e2	a1a7	2rq1rk1/pp3p1p/4pnp1/1P6/2nP4/4P3/1PQ2PPP/R4RK1 w - - 0 17
WB	-7.04	-0.63	c2c8	c2d3	2rq1rk1/Rp3p1p/4pnp1/1P6/3P4/4n3/1PQ2PPP/5RK1 w - - 0 18
WB	-7.79	-1.74	a7a1	g1f1	2rq1rk1/Rp3p1p/4pnp1/1P6/3P4/3Q4/1P3PPP/5nK1 w - - 0 19
WB	-7.19	-0.89	g2g3	f1g1	2r2rk1/Rpq2p1p/4pnp1/1P6/3P4/3Q4/1P3PPP/5K2 w - - 1 20
WB	-8.09	-0.57	d3f1	d3f1	2r2rk1/Rp3p1p/4pnp1/1P6/3P4/3Q4/1P3PPP/2q3K1 w - - 3 21
BB	-0.36	0.59	f6h5	b8a6	rnbqkb1r/pp2pppp/2p2n2/3p4/3P1B2/P7/RPP1PPPP/1N1QKBNR b Kkq - 2 4
BB	0.17	0.60	c8g4	d8a5	r1bqkb1r/pp2pppp/n1p2n2/3p4/3P1B2/P3P3/RPP2PPP/1N1QKBNR b Kkq - 0 5
BB	0.34	0.56	a6b8	h7h5	r1b1kb1r/pp2pppp/n1p2n2/q2p4/3P1B2/P1N1P3/RPP2PPP/3QKBNR b Kkq - 2 6
BB	0.61	0.89	a6b4	c8g4	r1b1kb1r/pp2ppp1/nqp2n2/3p3p/1P1P1B2/P1N1PN2/R1P2PPP/3QKB1R b Kkq - 2 8
BB	0.97	3.79	e7e6	a8d8	r3kb1r/pp2ppp1/nqp2n2/3p3p/1P1P1Bb1/P1N1PN2/R1P1BPPP/3QK2R b Kkq - 4 9
BB	4.80	0.80	b7b5	e7e6	3rkb1r/pp2ppp1/2p2n2/3p3p/N2P1Bb1/P3PN2/n1P1BPPP/3QK2R b Kk - 1 12
BB	5.05	0.77	b7b5	f8a3	3rkb1r/pp3pp1/2p1pn2/3p3p/N2P1B2/P3PP2/n1P1BP1P/1Q2K2R b Kk - 0 14
BB	5.94	0.65	b7b6	e7c5	3rk2r/pp2bpp1/2p1pn2/2Np3p/3P1B2/4PP2/Q1P1BP1P/4K2R b Kk - 2 16
BB	6.53	0.54	a7a5	a7a6	3rk2r/pp3pp1/2p1pn2/2Pp3p/5B2/4PP2/Q1P1BP1P/4K2R b Kk - 0 17
BB	7.22	2.37	f6e8	e6e5	3r1rk1/1p3pp1/p1p1pn2/2Pp3p/5B2/4PP2/1QP1BP1P/4K1R1 b - - 3 19
BB	9.55	990.38	f6g4	g8h8	3r1rk1/1p3pp1/p1p2n2/2PpB2p/8/4PP2/1QP1BP1P/4K1R1 b - - 0 20
BB	0.78	1.49	c5b4	b8a6	rnb1k2r/pp3ppp/5q2/2bQ4/8/2N2N2/PP2PPPP/R3KB1R b KQkq - 0 9
BB	2.04	1.90	c5e7	e8g8	r1b1k2r/pp3ppp/n4q2/2bQ4/8/2N1PN2/PP3PPP/R3KB1R b KQkq - 0 10
BB	3.73	1.68	c5b4	f6c6	r1b2rk1/pp3ppp/B4q2/2bQ4/8/2N1PN2/PP3PPP/R3K2R b KQ - 0 11
BB	5.83	2.17	d8c8	c6c5	1r1r2k1/p4ppp/2pb4/8/N2N4/4P3/PP2KPPP/R2R4 b - - 7 17
BB	7.97	0.92	d8e8	c5c4	1r1r2k1/p4ppp/2Nb4/2p5/N7/4P3/PP2KPPP/R2R4 b - - 1 18
BB	0.48	1.12	c5d4	d8a5	r1bq1rk1/3n1ppp/p3p3/2bpP2P/Np1B1P2/8/PPPQ2P1/2KR1B1R b - - 1 14
BB	1.29	1.31	c8c7	c5e4	2r2rk1/3b1ppp/p3p3/q1npP2P/1p1B1PP1/4Q3/PPP5/1K1R1B1R b - - 0 18
BB	2.65	1.46	c8c6	e4c3	2r2rk1/3b1ppp/p3p3/q2pP2P/1p1BnPP1/3BQ3/PPP5/1K1R3R b - - 2 19
BB	-2.35	1.85	d8b6	b8a6	rnbq1rk1/pp2nppp/2p5/2bpP1B1/8/2N2N2/PP2PPPP/R2QKB1R b KQ - 5 7
BB	-0.43	0.88	d8b6	c8f5	r1bq1rk1/pp2nppp/n1p5/2bpP1B1/8/2N1PN2/PP3PPP/R2QKB1R b KQ - 0 8
BB	-0.27	2.02	f5e6	f7f6	r2q1rk1/pp2nppp/n1p5/2bpPbB1/7N/2N1P3/PP3PPP/R2QKB1R b KQ - 2 9
BB	-4.25	0.53	c5b4	b7a6	r4r1k/pp2q1pp/B7/2bQP1p1/8/4P3/PP3PPP/R3K2R b KQ - 0 14
BB	-6.19	2.34	f8d8	b8b6	1r3r1k/p3q1pp/p7/2bQP1p1/8/4P3/PP1R1PPP/2K4R b - - 3 16
BB	-4.19	0.93	b6b5	c5b4	5r1k/p3q1pp/pr6/2bQP1p1/8/4P3/PPR2PPP/2K4R b - - 5 17
BB	-6.96	2.85	e7b7	f8f2	5r1k/p3q1pp/prR5/3QP1p1/1b6/4P3/PP3PPP/2K4R b - - 7 18
BB	-999.96	996.15	e7c7	e7f8	7k/4q1pp/pp6/3QP1p1/1b6/4P3/PP3rPP/2KR4 b - - 1 20
BB	0.09	0.94	e7e6	b8a6	rn1qkb1r/pp2pppp/2p2n2/3p4/2PP2b1/P3PN2/1P3PPP/RNBQKB1R b KQkq - 0 5
BB	0.67	0.74	g4f3	d8a5	r2qkb1r/pp2pppp/n1p2n2/3p4/2PP2b1/P3PN1P/1P3PP1/RNBQKB1R b KQkq - 0 6
BB	1.35	4.48	g4f3	a5b6	r3kb1r/pp2pppp/n1p2n2/q2p4/2PP2b1/P3PN1P/1P1B1PP1/RN1QKB1R b KQkq - 2 7
BB	5.70	0.71	f6g4	b6b2	r3kb1r/pp2pppp/nqp2n2/3p4/2PP2P1/P3PN2/1P1B1PP1/RN1QKB1R b KQkq - 0 8
BB	6.26	0.76	e7e5	a8d8	r3kb1r/pp2pppp/n1p2n2/3p4/2PP2P1/P1N1PN2/1q1B1PP1/R2QKB1R b KQkq - 1 9
BB	6.78	0.54	e7e6	f6g4	3rkb1r/pp2pppp/n1p2n2/3p4/N1PP2P1/P3PN2/3B1PP1/Q3KB1R b Kk - 0 11
BB	6.90	0.88	e7e5	d5c4	3rkb1r/pp2pppp/n1p5/3p4/N1PP2n1/P3PN2/1Q1B1PP1/4KB1R b Kk - 1 12
BB	7.71	0.73	e7e6	a6b8	3rkb1r/pQ2pppp/n1p5/8/N1pP2n1/P3PN2/3B1PP1/4KB1R b Kk - 0 13
BB	8.46	991.45	f8a3	e8d8	1n1Bkb1r/pQ3ppp/2p1p3/8/N1pP2n1/P3PN2/5PP1/4KB1R b Kk - 0 15
BB	9.57	1.35	f8a3	f8a3	4kb1r/Q4ppp/2p1p3/8/N1BP2n1/P3PN2/5PP1/4K2R b K - 0 18
BB	10.81	989.12	e8e7	e8d7	Q3k2r/5ppp/2p1p3/8/N1BP2n1/b3PN2/5PP1/4K2R b K - 1 19
BB	11.30	988.61	g4h2	a3b4	7Q/3k1ppp/2p1p3/8/N1BP2n1/b3PN2/5PP1/4K2R b K - 0 20
BB	0.61	1.51	f8g7	d7b6	r1bqkbnr/pppn1p1p/3p2p1/4p3/2PP4/2N2NP1/PP2PP1P/R1BQKB1R b KQkq - 2 5
BB	2.01	2.75	f8g7	b6c4	r1bqkbnr/ppp2p1p/1n1p2p1/4P3/2P5/2N2NP1/PP2PP1P/R1BQKB1R b KQkq - 0 6
BB	4.58	1.15	c7c6	b7b5	r1bqkbnr/ppp2p1p/3p2p1/4P3/Q1n5/2N2NP1/PP2PP1P/R1B1KB1R b KQkq - 1 7
BB	5.56	0.64	d7e6	g8e7	r2qkbnr/p1pb1p1p/3p2p1/4P3/2Q5/2N2NP1/PP2PP1P/R1B1KB1R b KQkq - 0 9
BB	5.81	0.67	b8b2	d8c7	1r1q1kr1/p3npbp/2bp2p1/8/4P3/2N1BNP1/PP3PBP/R2Q1RK1 b - - 2 16
BB	6.35	1.28	c7d7	c7b6	4bkr1/p1q1npbp/3p2p1/1N6/3NP3/4B1P1/Pr3PBP/2RQ1RK1 b - - 3 19
BB	0.20	2.27	e6d5	e7d8	r4rk1/ppp1qppp/3pbn2/2bNp1B1/2P1P3/5N2/PPP1QPPP/3R1RK1 b - - 6 11
BB	1.08	2.86	e6d5	a7a5	r2q1rk1/ppp2ppp/3pbn2/2bNN1B1/2P1P3/8/PPP1QPPP/3R1RK1 b - - 0 12
BB	3.54	0.65	g7f6	g7f6	r2q1rk1/1pp2ppp/3pbB2/p1bNN3/2P1P3/8/PPP1QPPP/3R1RK1 b - - 0 13
BB	4.16	1.28	g8h8	f6f5	r2q1rk1/1pp2p1p/3pbp2/p1bN4/2P1P1N1/8/PPP1QPPP/3R1RK1 b - - 1 14
BB	5.21	3.83	h7h6	e6d5	r2q1r2/1pp2pkp/3pbN2/p1bN1p1Q/2P1P3/8/PPP2PPP/3R1RK1 b - - 3 16
BB	8.91	0.59	g7h8	g7h8	r2q1r2/1pp2pkp/3p1N2/p1bb1pQ1/2P1P3/8/PPP2PPP/3R1RK1 b - - 1 17
BB	9.33	990.58	d8f6	c5f2	r2q1r1k/1pp2p1p/3p1N1Q/p1bb1p2/2P1P3/8/PPP2PPP/3R1RK1 b - - 3 18
BB	7.61	992.31	d8f6	d8f6	r2q1r1k/1pp2p1p/3p1N1Q/p2b1p2/2P1P3/8/PPP2RPP/3R2K1 b - - 0 19
WB	2.50	-1.25	g1f3	c1d2	rnb1k2r/pppp1ppp/4pn2/8/1b1PP2q/2NB4/PPP2PPP/R1BQK1NR w KQkq - 5 5
WB	1.56	-2.65	b2c3	d2c3	rnb1k2r/pppp1ppp/4pn2/8/3PP2q/2bB4/PPPB1PPP/R2QK1NR w KQkq - 0 6
WB	-1.03	-0.63	g1f3	g1e2	rnb1k2r/pppp1ppp/4p3/6q1/3P4/2PB2P1/P1P2P1P/R2QK1NR w KQkq - 1 9
WB	-0.85	-0.79	b1b5	b1b2	r1b2rk1/pppp1ppp/2n1p3/q7/3P4/2PB2P1/P1P1NP1P/1R1Q1RK1 w - - 7 12
WB	-0.60	-0.65	b2b5	d1d2	r1b2r1k/pppp1ppp/2n1p3/q7/3P4/2PB2P1/PRP1NP1P/3Q1RK1 w - - 9 13
WB	-0.75	-1.19	d2g5	g1g2	r1b2r1k/pppp1ppp/2n5/4p3/3P4/q1PB2P1/PRPQNP1P/1R4K1 w - - 0 15
WB	-0.51	-1.07	d4d5	f2f3	1rb2r1k/pppp1ppp/2n5/4p3/3P4/q1PB2P1/PRPQNPKP/1R6 w - - 2 16
WB	0.05	-0.83	d2f4	c2c4	1rb1r2k/pppp1ppp/2n5/8/3P4/q2B1PP1/PRPQN1KP/1R6 w - - 1 18
WB	2.85	-2.38	b5h5	g3g4	1rb1r2k/pppp1ppp/2n5/1R6/2PP4/q2B1PP1/P2QN1KP/1R6 w - - 3 20
WB	3.35	-3.75	b5h5	d3f5	r1b1r2k/pppp1ppp/2n5/1R6/2PP2P1/q2B1P2/P2QN1KP/1R6 w - - 1 21
WB	2.26	-0.75	e4e5	b1b3	r1b1k2r/pppp1ppp/2n1pq1n/8/3PP3/2P2N2/P1P2PPP/1RBQKB1R w Kkq - 3 7
WB	2.43	-1.77	b3b5	c1g5	r1b1k2r/pppp1ppp/4pq1n/n7/3PP3/1RP2N2/P1P2PPP/2BQKB1R w Kkq - 5 8
WB	0.57	-1.02	b3b5	g5h6	r1b1k2r/pppp1ppp/4p1qn/n5B1/3PP3/1RP2N2/P1P2PPP/3QKB1R w Kkq - 7 9
WB	-0.16	-1.96	h6e3	c2b3	r1b1k2r/pppp1ppp/4p1qB/8/3PP3/1nP2N2/P1P2PPP/3QKB1R w Kkq - 0 10
WB	-1.70	-0.98	f1d3	e4e5	r3k2r/pbpp2pp/4pp1q/1p6/3PP3/1PP1N3/P4PPP/3QKB1R w Kkq - 2 14
WB	-1.55	-1.25	f1d3	h2h4	r3k2r/pbpp2pp/4p1q1/4P3/1P6/1P2N3/P4PPP/3QKB1R w Kkq - 1 17
WB	-1.41	-1.49	f2f3	e3d1	r4rk1/pbpp1qpp/4p3/4P3/1P1Q3P/1P2N3/P4PP1/4KB1R w K - 3 19
WB	-0.93	-0.56	h4h5	h3c3	r3r1k1/p1pp1qpp/4p3/3bP3/1P1Q3P/1P5R/P4PP1/3NKB2 w - - 7 21
WB	1.46	-3.25	f3g5	f3e5	r2qkb1r/pp1npppp/2p1bn2/8/P1pPP3/2N2N2/1P3PPP/R1BQKB1R w KQkq - 1 8
WB	1.73	-2.52	f4f5	f1e2	3rkb1r/pp2p1pp/2p1bp2/4P3/P1p1PP2/2N5/1PK2nPP/R1B2BR1 w k - 0 14
WB	-0.72	-0.82	f4f5	f4e5	3rkb1r/pp2p1pp/2p1b3/4p3/P1p1PP2/2N5/1PK1BnPP/R1B3R1 w k - 0 15
WB	-0.30	-1.67	a4a5	c1d2	3rkb1r/p3p1pp/1pp1b3/4P3/P1p1P3/2N5/1PK1BnPP/R1B3R1 w k - 0 16
WB	3.61	-5.63	d2e3	e2h5	4kb1r/p3p1pp/1pp1b3/4P3/P1prP3/2N5/1PKBBnPP/R5R1 w k - 2 17
WB	2.94	-6.70	d2e3	d2f4	4k2r/p3p1bp/1pp1b1p1/4P3/P1prP3/2N2B2/1PKB1nPP/R5R1 w k - 2 19
WB	-0.20	-3.52	f4e3	f4g3	5rk1/p3p1bp/1pp1b1p1/4P3/P1prPB2/2N2B2/1PK2nPP/R5R1 w - - 4 20
WB	-3.67	-0.91	a1d1	c3e2	5rk1/p3p1bp/1pp1b1p1/4P3/P1prP3/2Nn1BB1/1PK3PP/R5R1 w - - 6 21
WB	2.44	-2.71	f2f3	b1c3	r1bqkb1r/ppp2ppp/2n1p3/3pP3/3Pn3/6P1/PPP2PBP/RNBQK1NR w KQkq - 1 6
WB	0.59	-0.62	g5c1	a1b1	r1bqk2r/ppp1bppp/4p3/n2pP1B1/3P3P/2P3PN/P1P2PB1/R2QK2R w KQq - 5 11
WB	0.72	-0.88	d1g4	b1b3	r1bqk2r/ppp1bppp/4p3/3pP1B1/2nP3P/2P3PN/P1P2PB1/1R1QK2R w Kq - 7 12
WB	0.38	-1.28	g5e7	g5f4	r1bqk2r/ppp1bpp1/4p2p/3pP1B1/2nP3P/1RP3PN/P1P2PB1/3QK2R w Kq - 0 13
WB	2.02	-0.89	d3h7	f1g1	r1bq1kr1/ppp1bpp1/4p2p/n2pP3/3P1B1P/2PQ2PN/P1P2PBK/1R3R2 w - - 10 18
WB	1.21	-0.55	f4c1	a1b1	r3qk1r/pppbbpp1/4p2p/n2pP3/P2P1B1P/2PQ2PN/2P2PBK/R5R1 w - - 3 21
BB	-1.77	1.15	c8b7	d8e7	r1bq1rk1/2p2ppp/p7/1Pb5/3ppB2/1B6/1PP2PPP/R2Q1RK1 b - - 1 13
BB	-0.75	0.93	a8a7	a8b8	r1b2rk1/2p1qppp/p7/1PbB4/3ppB2/8/1PP2PPP/R2Q1RK1 b - - 3 14
BB	0.12	3.30	c5a7	b8b2	1rb2rk1/2p1qppp/P7/2bB4/3ppB2/8/1PP2PPP/R2Q1RK1 b - - 0 15
BB	3.51	0.58	e4e3	c5a7	2b2rk1/P1p1qppp/8/2bB4/3ppB2/8/1rP2PPP/R2Q1RK1 b - - 0 16
BB	3.89	0.95	e7f6	c8d7	2b2rk1/R1p1qppp/8/3B4/3ppB2/8/1rP2PPP/3Q1RK1 b - - 0 17
BB	4.46	1.27	d4d3	b4a4	5rk1/2Rbqppp/8/3B4/1r1ppB2/8/2PQ1PPP/5RK1 b - - 2 19
BB	5.82	1.02	a4c4	e7b4	5rk1/2Rbqppp/2B5/8/r2ppB2/8/2PQ1PPP/5RK1 b - - 4 20
WB	4.42	-0.74	f1b5	g1f3	r1bqk2r/ppp2pb1/2n5/3pp2p/3P4/2N1B3/PPP2PPP/R2QKBNR w KQkq - 0 8
WB	4.35	-3.46	d1d2	g5f3	r2qk2r/ppp2pb1/2n5/3p2Np/3Pp1b1/2N1B3/PPP2PPP/R2QKB1R w KQkq - 2 10
WB	4.37	-4.37	d1d2	g5f3	r2qk2r/ppp2pb1/2n5/3p2Np/3Pp1b1/2N1B3/PPP2PPP/R2QKB1R w KQkq - 6 12
WB	0.22	-3.30	b1d2	a1a3	r2qk2r/pp1nnppp/2p2b2/3p4/P2P2b1/5NP1/1PQ1PPBP/RNB2RK1 w kq - 1 10
WB	-1.78	-3.83	f1d1	e2e4	r2q1rk1/pp1nnppp/2p2b2/3p1b2/P2P4/3R1NP1/1PQ1PPBP/1NB2RK1 w - - 5 12
WB	-5.51	-2.25	b1d2	d3a3	r2q1rk1/pp1nnppp/2p2b2/5b2/P2Pp3/3R1NP1/1PQ2PBP/1NB2RK1 w - - 0 13
WB	-7.59	-0.99	f1d1	g1g2	r2q1rk1/pp1nnppp/2p2b2/5b2/P2P4/3R2P1/1PQ2PpP/1NB2RK1 w - - 0 15
WB	-7.91	-0.51	c2d1	c1f4	r2q1rk1/pp1nnppp/2p5/5b2/P2b4/3R2P1/1PQ2PKP/1NB2R2 w - - 0 16
WB	-7.87	-4.16	f2f3	g2g3	r2q1rk1/pp1n1ppp/2p5/8/P2bbP2/3R4/1PQ2PKP/1N1R4 w - - 1 19
WB	-7.94	-3.79	b1c3	b1a3	2rq1rk1/pp1n1ppp/2p5/8/P2bbP2/3R2K1/1PQ2P1P/1N1R4 w - - 3 20
WB	-11.93	-988.04	c2e2	c2b3	2r2rk1/pp1n1ppp/2p2q2/8/P2bbP2/N2R2K1/1PQ2P1P/3R4 w - - 5 21
WB	2.27	-0.64	c1g5	e2e4	rnb1kbnr/ppp2pp1/3p1q2/4p2p/2PP4/2N2N2/PP2PPPP/R1BQKB1R w KQkq - 0 5
WB	2.07	-1.06	c3b5	h2h4	r1b1kbnr/ppp2pp1/2np2q1/4p1Bp/2PPP3/2N2N2/PP3PPP/R2QKB1R w KQkq - 3 7
WB	2.35	-1.14	d1b3	d4d5	r3kbnr/ppp2pp1/2np2q1/4p1Bp/2PPP1bP/2N2N2/PP3PP1/R2QKB1R w KQkq - 1 8
WB	1.29	-1.38	d1d3	a2a4	r3kbnr/ppp2pp1/3p2q1/3Pp1Bp/2PnP1bP/2N2N2/PP3PP1/R2QKB1R w KQkq - 1 9
WB	0.00	-0.75	g5e3	f1d3	r3kb1r/ppp2pp1/3p1nq1/3Pp1Bp/P1PnP1bP/2N2N2/1P3PP1/R2QKB1R w KQkq - 1 10
WB	0.94	-2.44	c3b5	e1g1	1r2kb1r/ppp2pp1/3p1nq1/3Pp1Bp/P1PnP1bP/2NB1N2/1P3PP1/R2QK2R w KQk - 3 11
WB	2.38	-2.32	f3f4	d1d2	1r2kb1r/1pp2pp1/3p1nq1/p2Pp1Bp/P1P1P2P/2NB1P1b/1P3P2/R2QR1K1 w k - 0 14
WB	0.75	-1.63	f3f4	c3b5	1r2k2r/1pp1bpp1/3p1nq1/p2Pp1Bp/P1P1P2P/2NB1P1b/1P1Q1P2/R3R1K1 w k - 2 15
WB	0.46	-3.12	f3f4	d2a5	2r1k2r/1pp1bpp1/3p1nq1/pN1Pp1Bp/P1P1P2P/3B1P1b/1P1Q1P2/R3R1K1 w k - 4 16
WB	1.79	-1.79	b5c7	d3f1	2r1k2r/1p2bpp1/2pp1nq1/QN1Pp1Bp/P1P1P2P/3B1P1b/1P3P2/R3R1K1 w k - 0 17
WB	1.15	-4.47	d5c6	e1f1	2r1k2r/1p2bpp1/2pp1nq1/QN1Pp1Bp/P1P1P2P/5P2/1P3P2/R3RbK1 w k - 0 18
WB	-3.32	-0.62	g1h2	a5b5	2r1k2r/1p2bpp1/3p1nq1/Qp1Pp1Bp/P1P1P2P/5P2/1P3P2/R4RK1 w k - 0 19
WB	-3.92	-1.58	f1c1	b5b7	2r1k2r/1p1nbpp1/3p2q1/1Q1Pp1Bp/P1P1P2P/5P2/1P3P2/R4RK1 w k - 1 20
WB	-3.39	-1.36	g1h1	g1g2	3rk2r/1Q1nbpp1/3p2q1/3Pp1Bp/P1P1P2P/5P2/1P3P2/R4RK1 w k - 1 21
WB	0.90	-4.17	d2d4	g2d5	r1bqk2r/ppp2ppp/5n2/2bpn3/2P5/2N3P1/PP1PPPBP/R1BQK2R w KQkq - 0 7
WB	1.60	-6.37	d4f4	e1g1	r1b2rk1/ppp2ppp/5q2/3Pn3/3Q4/2N3P1/PP2PP1P/R1B1K2R w KQ - 1 11
WB	1.55	-6.59	f1d1	c1f4	r4rk1/ppp2ppp/5q2/3Pn3/3Q4/2N3Pb/PP2PP1P/R1B2RK1 w - - 3 12
WB	3.29	-1.46	e2e4	e2e3	3r2k1/ppp2p1p/5p2/3P3r/5P2/2N3Pb/PP2P2P/R2R2K1 w - - 2 17
WB	2.14	-1.29	d1d4	d1f1	3r2k1/ppp2p1p/5p2/3P3r/5Pb1/2N1P1P1/PP5P/R2R2K1 w - - 1 18
WB	2.00	-0.62	f1d1	f1e1	3r2k1/ppp2p1p/5p2/3P3r/5P2/2N1P1Pb/PP5P/R4RK1 w - - 3 19
WB	3.09	-1.76	e3e4	a2a4	3r2k1/1pp2p1p/p4p2/3P3r/5P2/2N1P1Pb/PP5P/R3R1K1 w - - 0 20
WB	2.47	-1.66	e3e4	e1f1	3r2k1/1pp2p1p/p4p2/3P3r/P4Pb1/2N1P1P1/1P5P/R3R1K1 w - - 1 21
BB	-2.62	2.42	f8c5	f7f5	3rkb1r/1p3ppp/p1b1p3/4N3/2P5/4P2P/P3N1P1/R4RK1 b k - 2 18
BB	-1.82	1.46	f8c5	h7h5	3rkb1r/6pp/p1p1p3/5p2/2P5/4P2P/P3N1P1/3R1RK1 b k - 1 20
BB	-0.16	1.09	e7e6	b8a6	rnbqkb1r/pp2pppp/2p2n2/3pN3/2PP4/8/PP2PPPP/RNBQKB1R b KQkq - 3 4
BB	0.55	2.00	e7e6	d8b6	r1bqkb1r/pp2pppp/n1p2n2/3pN3/2PP4/2N5/PP2PPPP/R1BQKB1R b KQkq - 5 5
BB	2.37	2.43	a6b4	f6d5	r1b1kb1r/pp2pppp/nqp2n2/3PN3/3P4/2N5/PP2PPPP/R1BQKB1R b KQkq - 0 6
BB	1.93	3.88	d5c3	a6c7	r1b1kb1r/pp2pppp/nqp5/3nN3/3PP3/2N5/PP3PPP/R1BQKB1R b KQkq - 0 7
BB	5.53	3.23	a7a5	c6d5	r1b1kb1r/ppn1pppp/1qp5/3PN3/3P4/2N5/PP3PPP/R1BQKB1R b KQkq - 0 8
BB	8.55	991.44	b6c6	e8d8	r1b1kb1r/ppn1pppp/1q6/3pN3/Q2P4/2N5/PP3PPP/R1B1KB1R b KQkq - 1 9
WB	0.10	-0.66	f1d3	d2b3	rnbqk2r/ppp1ppbp/3p1np1/8/3P4/4PN2/PPPN1PPP/R1BQKB1R w KQkq - 0 5
WB	1.24	-0.68	f3g5	h2h4	rn1q3r/pppkppbp/3pbnp1/8/3P4/1N2PN2/PPPB1PPP/R2QKB1R w KQ - 4 7
WB	1.81	-0.73	f1d3	f3g5	r2q3r/pppkppbp/2np1np1/8/3P3P/1P2PN2/1PPB1PP1/R2QKB1R w KQ - 1 9
WB	1.66	-0.85	b3b4	h1h3	r3q2r/pppkppbp/2np1np1/6N1/3P3P/1P2P3/1PPB1PP1/R2QKB1R w KQ - 3 10
WB	1.03	-2.36	f1b5	e3e4	r3q2r/pppk1pbp/3p1np1/4n1N1/7P/1P2P2R/1PPB1PP1/R2QKB2 w Q - 0 12
WB	-1.13	-1.32	g5f3	f1b5	r3q2r/pppk1pb1/3p1npp/4n1N1/4P2P/1P5R/1PPB1PP1/R2QKB2 w Q - 0 13
WB	-2.47	-2.10	d2b4	b5c4	r3q2r/pp1k1pb1/2pp1npp/1B2n1N1/4P2P/1P5R/1PPB1PP1/R2QK3 w Q - 0 14
WB	-4.19	-0.64	d1e2	h4g5	r3q2r/pp1k1pb1/2pp1np1/4n1p1/2B1P2P/1P5R/1PPB1PP1/R2QK3 w Q - 0 15
WB	-4.69	-0.62	b3c4	d1g4	r3q3/pp1k1pb1/2pp2p1/6P1/2n1n3/1P2B2P/1PP2P2/R2QK3 w Q - 0 18
WB	-5.19	-1.97	a1b1	a1a7	r3q3/ppk2p2/2pp2p1/6P1/2P1n1Q1/4B2P/1bP2P2/R3K3 w Q - 0 20
WB	-7.14	-0.91	e3a7	e1e2	4q3/rpk2p2/2pp2p1/6P1/2P1n1Q1/4B2P/1bP2P2/4K3 w - - 0 21
WB	1.49	-0.96	e4e5	c1e3	r1bq1rk1/ppppbpp1/2n1pn1p/8/2PPP3/P1N2N2/1P3PPP/R1BQKB1R w KQ - 1 7
WB	1.23	-0.85	h2h3	d4d5	r1bq1rk1/ppp1bpp1/2nppn1p/8/2PPP3/P1N1BN2/1P3PPP/R2QKB1R w KQ - 0 8
WB	0.43	-1.38	h2h3	h2h4	r1bq1rk1/ppp1bpp1/3ppn1p/3Pn3/2P1P3/P1N1BN2/1P3PPP/R2QKB1R w KQ - 1 9
WB	0.65	-0.74	f1e2	a1c1	r2q1rk1/ppp1bpp1/3p1n1p/3Pn3/4P1bP/P1N1BN2/1P3PP1/R2QKB1R w KQ - 1 11
WB	0.34	-0.67	f1e2	c1c2	1r1q1rk1/1pp1bpp1/3p1n1p/p2Pn3/P3P1bP/2N1BN2/1P3PP1/2RQKB1R w K - 1 13
WB	0.77	-0.56	d1d2	h4h5	1r1q1rk1/1ppbbpp1/3p1n1p/p2P4/P3P2P/2N1BP2/1PR2P2/3QKB1R w K - 1 15
WB	0.40	-1.28	h1g1	c3b5	1r1qr1k1/1ppbbpp1/3p1n1p/p2P3P/P3P3/2N1BP2/1PR2P2/3QKB1R w K - 1 16
WB	-0.77	-2.83	b5c3	c2c3	1r1qr1k1/1p1bbpp1/2pp1n1p/pN1P3P/P3P3/4BP2/1PR2P2/3QKB1R w K - 0 17
WB	-3.18	-0.55	c3c8	b5b6	2rqr1k1/1p1bbpp1/3p1n1p/pP1P3P/4P3/2R1BP2/1P3P2/3QKB1R w K - 1 19
WB	-3.29	-0.65	e1d2	d1d4	3qr1k1/1p1bbpp1/1P1p1n1p/3P3P/p3P3/2P1BP2/5P2/3QKB1R w K - 0 21
BB	-1.61	3.02	e7e6	d8a5	r1bqkb1r/pp1ppppp/2n2n2/6N1/2BpP3/8/PPP2PPP/RNBQK2R b KQkq - 3 5
BB	1.46	3.53	a5c7	e7e6	r1b1kb1r/pp1ppppp/2n2n2/q5N1/2BpP3/8/PPPB1PPP/RN1QK2R b KQkq - 5 6
BB	4.68	0.59	a7a6	a5c6	r1b1kb1r/pp1p1ppp/4pn2/nB4N1/3pP3/8/PPP2PPP/RN1QK2R b KQkq - 1 8
BB	4.94	0.73	f8e7	h7h5	r1b1kb1r/pp3ppp/2p1pn2/6N1/4P3/2N5/PP3PPP/R2QK2R b KQkq - 0 11
BB	5.23	994.76	f8e7	a7a5	r1b1kb2/pp3pp1/2p1pn1r/6Np/4P3/2N5/PP1Q1PPP/2KR3R b q - 3 13
BB	-4.53	3.46	e5e4	h7h5	r2qkb1r/ppp2ppp/2n2n2/1B1pp3/6bP/2N1PN2/PPPP1PP1/R1BQ1RK1 b kq - 3 6
BB	-5.07	3.01	e5e4	f6e4	r2qkb1r/ppp2pp1/2n2n2/1B1pp2p/6bP/2N1PN2/PPPP1PP1/R1BQ1R1K b kq - 1 7
BB	-3.29	0.78	g4f3	f8d6	r2qkb1r/p1p2pp1/2p5/3pp2p/4n1bP/4PN2/PPPPNPP1/R1BQ1R1K b kq - 1 9
BB	-5.45	2.51	h8h6	e8g8	r2qk2r/p1p2pp1/2pb4/3pp2p/4n1bP/4PN2/PPPPNPPK/R1BQ1R2 b kq - 3 10
BB	-4.52	1.71	e4c5	d8f6	r2q1rk1/p1p2pp1/2pb4/3pp2p/4n1bP/2P1PN2/PP1PNPPK/R1BQ1R2 b - - 0 11
BB	-5.14	0.69	e4c5	g4f3	r4rk1/p1p2pp1/2pb1q2/3pp2p/4n1bP/P1P1PN2/1P1PNPPK/R1BQ1R2 b - - 0 12
BB	-4.69	1.33	f6f3	f6h4	r4rk1/p1p2pp1/2pb1q2/3pp2p/4n2P/P1P1PP2/1P1PNP1K/R1BQ1R2 b - - 0 13
BB	-6.84	2.42	e4g5	h4g5	r4rk1/p1p2pp1/2pb4/3pp2p/4n2q/P1P1PP2/1P1PNP2/R1BQ1RK1 b - - 1 14
BB	-5.15	1.60	f7f5	g5h4	r4rk1/p1p2pp1/2pb4/3pp1qp/4n3/P1P1PP2/1P1PNP1K/R1BQ1R2 b - - 3 15
BB	-6.94	2.27	e4g5	h4g5	r4rk1/p1p2pp1/2pb4/3pp2p/4n2q/P1P1PP2/1P1PNP2/R1BQ1RK1 b - - 5 16
BB	-0.30	0.59	d8b6	h7h5	r2qkb1r/pp1b1ppp/2n1p3/2pp4/3P1P2/2PB1N2/PP3PPP/RN1QR1K1 b kq - 2 9
BB	-3.62	3.50	c5c4	d8c7	r2qkb1r/pp1b1pp1/2n1p3/2pp3p/3P1P2/1QPB1N2/PP3PPP/RN2R1K1 b kq - 1 10
BB	-3.76	2.95	c6e5	c5d4	r3kb1r/ppqb1pp1/2n1p3/2ppN2p/3P1P2/1QPB4/PP3PPP/RN2R1K1 b kq - 3 11
BB	-1.89	0.72	b7c6	d7c6	r3kb1r/ppqb1pp1/2N1p3/3p3p/3p1P2/1QPB4/PP3PPP/RN2R1K1 b kq - 0 12
BB	-3.15	1.23	f8d6	e8c8	r3kb1r/pp3pp1/2b1p3/3p3p/5q2/1QPB1N2/P4PPP/R3R1K1 b kq - 0 15
BB	-2.48	1.23	f8c5	f8d6	2kr1b1r/pp3pp1/2b1p3/3p3p/3N1q2/1QPB4/P4PPP/R3R1K1 b - - 2 16
BB	-3.36	1.80	f4h2	b7c6	2kr3r/pp3pp1/2Nbp3/3p3p/5q2/1QPB4/P4PPP/R3R1K1 b - - 0 17
BB	-4.70	1004.69	c8d7	h2f4	2kr3r/p4pp1/2pbp3/3p3p/8/1QPB4/P4PPq/RR3K2 b - - 1 19
BB	-4.25	2.46	b7b5	h7h5	r2qkb1r/ppp2ppp/2n1bn2/4p3/N2pP2P/3P1P2/PPP1B1P1/R1BQK1NR b KQkq - 1 7
BB	-3.99	2.49	b7b5	a7a5	r2qkb1r/ppp2pp1/2n1bn2/4p2p/N2pP2P/3P1P2/PPPBB1P1/R2QK1NR b KQkq - 1 8
BB	-4.01	2.63	b7b5	a8a6	r2qkb1r/1pp2pp1/2n1bn2/p3p2p/N2pP2P/P2P1P2/1PPBB1P1/R2QK1NR b KQkq - 0 9
BB	-1.80	4.45	f8d6	c6b4	3qkb1r/1pp2pp1/r1n1bn2/p3p2p/N2pP2P/PP1P1P2/2PBB1P1/R2QK1NR b KQk - 0 10
BB	1.87	0.79	d8a8	a6c6	3qkb1r/1pp2pp1/r3bn2/4p2p/Np1pP2P/1P1P1PP1/2PBB3/R2QK1NR b KQk - 0 12
BB	2.53	1.17	b7b5	h8g8	3qkb1r/1pp2pp1/2r1bn2/4p2p/1p1pP2P/1P1P1PP1/1NPBB3/R2QK1NR b KQk - 2 13
BB	2.17	0.97	f6d7	c7c6	R1bqkbr1/2p2pp1/5n2/1p2p2p/1p1pP2P/1P1P1PPN/1NrBB3/Q3K2R b K - 3 17
BB	2.79	0.82	c2c3	c2c5	R1bqkbr1/5pp1/2p2n2/1p2p2p/1p1pP2P/1P1P1PPN/1NrB4/Q2BK2R b K - 1 18
WB	2.18	-0.93	f3d4	a1d1	r2qkb1r/p1pnppp1/1p1p1n1p/3P4/2P1P1b1/1QN1BN2/PP3PPP/R3KB1R w KQkq - 0 9
WB	3.24	-1.83	f3f4	b3b5	r2qkb1r/p1p1ppp1/1p1p1n1p/3Pn3/2P1P3/1QN1BP2/PP3P1P/3RKB1R w Kkq - 1 11
WB	4.32	-1004.31	c6c7	e2f3	r1q1kb1r/p3ppp1/1pPp1n1p/1Q6/2P1P3/2N1Bn2/PP2KP1P/3R1B1R w kq - 2 14
BB	-2.07	0.55	g8f6	c8d7	r1bqkbnr/pp3ppp/4p3/3pn3/3N4/4B1P1/PPP2P1P/RN1QKB1R b KQkq - 0 7
BB	-2.39	0.80	d7b5	e5g6	r2qkbnr/pp1b1ppp/4p3/1B1pn3/3N4/4B1P1/PPP2P1P/RN1QK2R b KQkq - 2 8
BB	-2.86	2.53	e6e5	f6e4	r2qkb1r/pp1b1ppp/4pnn1/1B1p4/P2N4/2N1B1P1/1PP2P1P/R2QK2R b KQkq - 2 10
BB	-1.53	0.56	f8b4	a8c8	r2qkb1r/pp1b1ppp/4p1n1/1B6/P1PNp3/4B1P1/1P3P1P/R2QK2R b KQkq - 0 12
BB	-1.95	1.43	f8b4	d8a5	2rqkb1r/pp1b1ppp/4p1n1/1B6/P1PNp3/1P2B1P1/5P1P/R2QK2R b KQk - 0 13
BB	-3.07	2.27	b4d6	b4b2	2r1kb1r/pp1b1ppp/4p1n1/1B6/PqPNp3/6P1/3B1P1P/R2QK2R b KQk - 1 15
BB	-6.07	1.08	d7d1	a7a5	2r1kb1r/pp1q1ppp/4p1n1/8/P1P1p3/4B1P1/5P1P/2RQK2R b Kk - 1 18
BB	-5.54	1.61	d7c6	f8d6	2r2b1r/1p1k1ppp/4p1n1/p7/P1P1p3/4B1P1/5P1P/3RK2R b K - 1 20
WB	2.04	-0.68	e4e5	b1b3	r1b1k2r/pppp1ppp/2n1pq1n/8/3PP3/2P2N2/P1P2PPP/1RBQKB1R w Kkq - 3 7
WB	2.18	-1.71	b3b5	c1g5	r1b1k2r/pppp1ppp/4pq1n/n7/3PP3/1RP2N2/P1P2PPP/2BQKB1R w Kkq - 5 8
WB	0.50	-1.09	b3b5	g5h6	r1b1k2r/pppp1ppp/4p1qn/n5B1/3PP3/1RP2N2/P1P2PPP/3QKB1R w Kkq - 7 9
WB	-0.43	-1.77	h6e3	c2b3	r1b1k2r/pppp1ppp/4p1qB/8/3PP3/1nP2N2/P1P2PPP/3QKB1R w Kkq - 0 10
WB	-1.87	-0.95	f1d3	e4e5	r3k2r/pbpp2pp/4pp1q/1p6/3PP3/1PP1N3/P4PPP/3QKB1R w Kkq - 2 14
WB	-0.89	-0.62	f1e2	h2h4	r6r/pbpp1kpp/4pp1q/4P3/1P1P4/1P2N3/P4PPP/3QKB1R w K - 1 16
WB	0.56	-2.68	h3g3	a2a4	r6r/pbppk1pp/4p1q1/4P3/1P5P/1P2N2R/P4PP1/3QKB2 w - - 1 19
WB	0.08	-4.53	d1d2	h3f3	r6r/pbppkqpp/4p3/4P3/PP5P/1P2N2R/5PP1/3QKB2 w - - 1 20
WB	1.28	-0.73	d1g4	g1f3	r1bqk2r/pppnnppp/4p3/3pP3/3P4/P1P5/2P2PPP/R1BQKBNR w KQkq - 1 7
WB	1.10	-0.62	f1d3	c1e3	r1bq1rk1/pppnnppp/4p3/3pP3/3P4/P1P2N2/2P2PPP/R1BQKB1R w KQ - 3 8
WB	0.43	-0.82	e5f6	g5d2	r1bq1rk1/pppn2pp/4pp2/3pPnB1/3P4/P1P2N2/2P2PPP/R2QKB1R w KQ - 0 10
WB	0.10	-4.51	e5f3	g2g3	r1b2rk1/pppn2pp/4p3/3pNn2/3P3q/P1P5/2PB1PPP/R2QKB1R w KQ - 1 12
WB	-4.26	-1.28	d1e2	f1e2	r1b2rk1/pppn2pp/4p3/3pNn2/3Pq3/P1P3P1/2PB1P1P/R2QKB1R w KQ - 1 13
WB	-5.46	-0.67	d1e2	f1e2	r1b2rk1/ppp3pp/4p3/3pPn2/4q3/P1P3P1/2PB1P1P/R2QKB2 w Q - 5 18
BB	-0.59	4.40	h7h6	g8f7	r4rk1/pp2b1pp/1qnppn2/2p1p3/P3P3/1PNPBN2/2P2PPP/R2Q1RK1 b - - 0 11
BB	-0.30	3.43	h7h6	h7h5	r4r2/pp2bkpp/1qnppn2/1Np1p3/P3P3/1P1PBN2/2P2PPP/R2Q1RK1 b - - 2 12
BB	2.84	1.20	f7g8	f7g6	r4r2/pp2bkp1/1qnppn2/1Np1p1Np/P3P3/1P1PB3/2P2PPP/R2Q1RK1 b - - 1 13
BB	-0.84	1.94	f6g4	c6d8	r4r2/pp2b1p1/1qnppnk1/1Np1p1Np/P3P3/1P1PBQ2/2P2PPP/R4RK1 b - - 3 14
BB	-1.80	2.79	c5c4	d8c6	r2n4/pp4p1/1q1pp3/2p1p1k1/P3Prp1/1PNP1PQ1/2P3P1/R4RK1 b - - 2 20
WB	0.18	-0.52	g1f3	f1g2	rnbqkbnr/ppp1pppp/8/3p4/8/6P1/PPPPPP1P/RNBQKBNR w KQkq - 0 2
WB	3.47	-0.68	b1d2	b1c3	rnb1kb1r/pp2pp1p/2p2n2/3p2B1/2qP4/5NP1/PPP1PPBP/RNQ2RK1 w kq - 3 8
WB	4.05	-0.98	g5f6	g5f4	rnb1kb1r/pp2pp2/2p2n1p/3p2B1/2qP4/2N2NP1/PPP1PPBP/R1Q2RK1 w kq - 0 9
WB	3.92	-0.73	f4b8	c1e3	rnb1kb1r/pp2pp2/2p4p/3p4/2qPnB2/2N2NP1/PPP1PPBP/R1Q2RK1 w kq - 2 10
WB	5.63	-1.84	f4b8	d4c5	rnb1kb1r/pp2pp2/7p/2pp4/2qP1B2/2P1QNP1/P1P1PPBP/R4RK1 w kq - 0 12
WB	4.91	-2.13	e5d4	e5d6	r1b1kb2/pp2pp1r/n6p/2PpB3/2q5/2P1QNP1/P1P1PPBP/R4RK1 w q - 3 14
WB	4.86	-1.06	f1d1	d4b3	r1b1kb2/pp2pp1r/n2B3p/2Pp4/2qN4/2P1Q1P1/P1P1PPBP/R4RK1 w q - 7 16
WB	4.77	-1.27	a1b1	g2f3	r3kb2/pp2pp1r/n2B3p/2Pp4/2q3b1/1NP1Q1P1/P1P1PPBP/R4RK1 w q - 9 17
WB	4.43	-0.93	b3d2	g1g2	r3kb2/pp3p1r/n2Bp2p/2Pp4/2q5/1NP1QPP1/P1P2P1P/R4RK1 w q - 0 19
WB	3.96	-2.53	a1b1	e3d3	r3k3/pp3pbr/n2Bp2p/2Pp4/2q5/1NP1QPP1/P1P2PKP/R4R2 w q - 2 20
BB	-2.17	0.77	c6c5	c8a6	2bq1rk1/p1p1bppp/1rp2n2/3p4/Q7/2N1PN2/PPP2PPP/R1B2RK1 b - - 7 11
BB	-1.58	1.49	e7b4	d8d7	3q1rk1/p1p1bppp/brp2n2/3p4/Q7/2N1PN2/PPP2PPP/R1BR2K1 b - - 9 12
BB	-0.07	1.69	d7c8	d7e6	5rk1/p1pqbppp/brp2n2/3p4/Q3P3/2N2N2/PPP2PPP/R1BR2K1 b - - 0 13
BB	0.03	1.30	f6e4	e6d7	5rk1/p1p1bppp/brp1qn2/3p4/Q3P3/2N2N2/PPP2PPP/R1B1R1K1 b - - 2 14
BB	1.27	3.30	a6b5	f6d5	5rk1/p1pqbppp/brp2n2/3P4/Q7/2N2N2/PPP2PPP/R1B1R1K1 b - - 0 15
BB	4.50	0.56	c6c5	d5d6	5rk1/p1p1Rppp/brp5/3q4/Q7/5N2/PPP2PPP/R1B3K1 b - - 0 17
BB	-0.33	5.37	b6b4	f8e8	4Rrk1/p1p2ppp/br1q4/2p5/Q7/5N2/PPP2PPP/R1B3K1 b - - 1 19
BB	0.36	3.19	c6b4	f6d5	r2q1rk1/ppp1ppbp/2n2np1/1N1P1b2/3P4/3BPN2/PP3PPP/R1BQ1RK1 b - - 0 10
BB	3.41	0.99	f5e6	d8d7	r2q1rk1/ppp1ppbp/2n3p1/1N1n1b2/3PP3/3B1N2/PP3PPP/R1BQ1RK1 b - - 0 11
BB	4.06	0.73	c6b4	d7d5	r4rk1/pppqppbp/2n3p1/1N1P1b2/3P4/3B1N2/PP3PPP/R1BQ1RK1 b - - 0 12
BB	4.54	0.67	f5g4	f8a8	N4rk1/pp2ppbp/2nq2p1/5b2/3P4/3B1N2/PP3PPP/R1BQ1RK1 b - - 0 14
BB	5.06	0.56	a8d8	a8b8	r5k1/pp2ppbp/2nq4/5p2/3P4/1Q3N2/PP3PPP/R1B2RK1 b - - 1 16
BB	5.46	0.80	c6d4	c6b4	1r4k1/pp2ppbp/2nq4/3P1p2/8/1Q3N2/PP3PPP/R1B2RK1 b - - 0 17
BB	5.75	1.29	b8c8	b8f8	1r4k1/pp2ppbp/3q4/3P1p2/1n6/1Q3N2/PP3PPP/R1BR2K1 b - - 2 18
BB	7.22	1.44	d6e5	d6c5	5rk1/pp2ppbp/3q4/3P1N2/1n3p2/1Q6/PP3PPP/R1BR2K1 b - - 1 20
BB	0.00	0.62	a6b4	a8d8	r3kb1r/pp2pppp/nqp2n2/3p1b2/3P1B2/2N1P3/PPP2PPP/1R1QKBNR b Kkq - 3 7
BB	-0.05	3.80	b6a5	f8b4	3rkb1r/pp3ppp/nqp1pn2/3p1b2/N2P1B2/3BP3/PPP2PPP/1R1QK1NR b Kk - 1 9
BB	-1.15	1.54	b4e7	g8h8	3r1rk1/pp3ppp/nqp1p1b1/3p4/1b1P1B1P/2N1P3/PPP1NPP1/1R1Q1RK1 b - - 0 14
BB	-0.75	2.54	h7h6	f8g8	3r1r1k/pp3ppp/nqp1p1b1/3p4/1b1P1B1P/2N1P1N1/PPP2PP1/1R1Q1RK1 b - - 2 15
WB	0.66	-1.32	c4b3	c4f1	r1b1kb1r/1pqnppp1/p2p1n1p/8/2BNP2B/2N5/PPP2PPP/R2QK2R w KQkq - 2 9
WB	-0.72	-1.46	a2a3	a2a4	r1b1k2r/2qnbpp1/p2ppn1p/1p6/4P3/1NN3B1/PPP2PPP/R2QKB1R w KQkq - 0 12
WB	-2.13	-3.10	c3a2	d1d4	r1b1k2r/2qnbpp1/p2ppn1p/8/Pp2P3/1NN3B1/1PP2PPP/R2QKB1R w KQkq - 0 13
WB	-4.98	-0.57	d4c4	d4b4	r1b2rk1/2qnbpp1/p2p1n1p/4p3/P2QP3/1NP3B1/2P2PPP/3RKB1R w K - 0 16
WB	-4.59	-0.71	c4d5	d1d3	r1b2rk1/3nbpp1/3p3p/p3p3/P1B1n3/1NP3B1/2P2PPP/3RK2R w K - 0 19
WB	0.56	-0.56	f1d3	g2g3	r2qk1nr/1p2b1pp/p1np4/4pb2/2P5/N1N5/PP3PPP/R1BQKB1R w KQkq - 0 10
WB	-0.34	-2.79	e1g1	g2b7	r2q1rk1/1p2b1pp/p2p1n2/4p3/1nP3b1/N1N1Q1P1/PP3PBP/R1B1K2R w KQ - 7 14
WB	-2.88	-2.87	e1g1	b7a8	r2q1rk1/1B2b1pp/p4n2/3pp3/1nP3b1/N1N1Q1P1/PP3P1P/R1B1K2R w KQ - 0 15
WB	-5.62	-1.41	a8g2	a8d5	B2q1rk1/4b1pp/p4n2/4p3/1nPp2b1/N1N1Q1P1/PP3P1P/R1B1K2R w KQ - 0 16
WB	-6.89	-993.02	e3e4	e3e5	3q1rk1/4b1pp/p7/3np3/1nPp2b1/N1N1Q1P1/PP3P1P/R1B1K2R w KQ - 0 17
WB	0.59	-1.03	f2f4	d1a4	r1bqk2r/pppn1ppp/4p3/4P3/2B5/4P3/PP1N1PPP/R2QK2R w KQkq - 1 10
WB	-0.38	-0.55	d2f3	a4a5	r1bq1rk1/pppn1ppp/4p3/4P3/Q1B5/4P3/PP1N1PPP/R3K2R w KQ - 3 11
WB	0.63	-3.80	e6d7	e5f6	r1bq1r1k/pppn2pp/4Bp2/Q3P3/8/4P3/PP1N1PPP/R3K2R w KQ - 1 13
WB	1.03	-1.23	e6d5	a5d5	r1bq3k/pppn2pp/4Br2/Q7/8/4P3/PP1N1PPP/R3K2R w KQ - 0 14
WB	4.21	-5.26	h1f1	d7d5	r4q1k/pppQ2pp/8/8/8/4P3/PP1N1rPP/R3K2R w KQ - 0 17
WB	-1.05	-7.59	d5d8	d5b7	3r1q1k/ppp3pp/8/3Q4/8/4P3/PP1N1rPP/R3K2R w KQ - 2 18
WB	-6.18	-993.81	b7b5	a1d1	5q1k/pQp3pp/8/8/8/4P3/PP1r1rPP/R3K2R w KQ - 0 19
WB	0.78	-4.61	c4b3	c4d5	rnbqkbnr/2p2ppp/p3p3/1p6/2BPP3/2N5/PP3PPP/R1BQK1NR w KQkq - 0 6
WB	2.21	-2.00	f2f3	d1d3	rnbqk2r/2p2ppp/p4n2/1p6/1N1PP3/8/PP3PPP/R1BQK1NR w KQkq - 1 9
WB	1.38	-1.07	f2f3	g1e2	rnbq1rk1/2p2ppp/p4n2/1p6/1N1PP3/3Q4/PP3PPP/R1B1K1NR w KQ - 3 10
WB	1.81	-2.26	f2f3	a2a4	rnbqr1k1/2p2ppp/p4n2/1p6/1N1PP3/3Q4/PP2NPPP/R1B1K2R w KQ - 5 11
WB	0.76	-1.97	f2f3	a1a3	rnbqr1k1/2p2ppp/p4n2/8/pN1PP3/3Q4/1P2NPPP/R1B1K2R w KQ - 0 12
WB	-1.29	-2.56	d3c2	a3a4	rnbqr1k1/2p2ppp/p7/8/pN1Pn3/R2Q4/1P2NPPP/2B1K2R w K - 0 13
WB	-3.81	-2.00	d3a3	a4a6	rn1qr1k1/2pb1ppp/p7/8/RN1Pn3/3Q4/1P2NPPP/2B1K2R w K - 1 14
WB	-1.77	-2.31	d3g3	e2c3	1rqr2k1/2pb1ppp/8/2P5/8/3Q4/1P2NPPP/2B2RK1 w - - 3 19
WB	2.38	-4.10	c3d5	f1e1	1rqr2k1/2pb1p1p/6p1/2P5/8/2NQ4/1P3PPP/2B2RK1 w - - 0 20
WB	0.90	-0.97	h2h3	h2h4	r1bqk2r/ppp2pbp/2nppnp1/6B1/2PPP3/2N2N2/PP3PPP/R2QKB1R w KQkq - 2 7
WB	0.67	-1.51	d1d2	a2a4	r1bq1rk1/ppp1npb1/3p1npp/3P4/4P2P/2N1BN2/PP3PP1/R2QKB1R w KQ - 1 11
WB	-0.69	-0.67	d5c6	a4a5	r1bq1rk1/pp2npb1/2pp1npp/3P4/P3P2P/2N1BN2/1P3PP1/R2QKB1R w KQ - 0 12
WB	3.92	-2.20	d5d2	d5b7	r2q1rk1/pp3pb1/3pb1pp/P2Q4/7P/4BN2/1P3PP1/R3KB1R w KQ - 1 16
WB	5.63	-0.99	f1c4	a3e3	1r3rk1/3b2b1/3p2pp/P4p2/3B3P/R4N2/1P3PP1/4KB1R w K - 0 21
WB	0.96	-0.70	d4d5	c1f4	r1bqk2r/ppp1p1bp/2np1np1/5p2/2PP4/2N2NP1/PP2PPBP/R1BQK2R w KQkq - 4 7
WB	0.70	-2.13	g5e3	g5h4	r1bqk2r/ppp1p1b1/2np2pp/5pBn/2PP4/2N2NP1/PP2PPBP/R2QK2R w KQkq - 0 9
WB	-1.46	-2.08	e1g1	g3g4	r1bqk2r/ppp1p1b1/2np3p/5ppn/2PP3B/2N2NP1/PP2PPBP/R2QK2R w KQkq - 0 10
WB	-3.19	-1.33	f3g5	h4g5	r1bqk2r/ppp1p1b1/2np3p/6pn/2PP2pB/2N2N2/PP2PPBP/R2QK2R w KQkq - 0 11
WB	4.91	-2.00	g5e3	h5g4	r1bq3r/pppkp1b1/2n4p/3p2BB/2PP4/2N5/PP2PP1P/R2QK2R w KQ - 1 14
WB	3.33	-1.03	g5e3	g5d2	r1bq1k1r/ppp1p1b1/2n4p/3p2BB/2PP4/2N5/PP2PP1P/R2QK2R w KQ - 5 16
WB	4.73	-1.53	d2c3	e2e4	r1bq1k1r/1pp1p1b1/p6p/3N3B/2Pn4/8/PP1BPP1P/R2QK2R w KQ - 0 18
WB	3.71	-2.53	d2c3	h1g1	r1bq1k1r/1p2p1b1/p1p4p/3N3B/2PnP3/8/PP1B1P1P/R2QK2R w KQ - 0 19
WB	3.58	-4.73	g1g7	g1g3	r1b2k1r/1p2p1b1/p2q3p/3P3B/3nP3/8/PP1B1P1P/R2QK1R1 w Q - 1 21
BB	-0.31	0.56	f6h5	e8g8	rnbqk2r/ppp1ppbp/3p1np1/8/2PP1B2/4PN2/PP3PPP/RN1QKB1R b KQkq - 0 5
BB	-1.46	1.93	e7e5	c8f5	r1bq1rk1/ppp1ppbp/2np1np1/8/2PP1B2/3BPN2/PP1N1PPP/R2QK2R b KQ - 4 7
BB	-0.96	0.67	a7a5	g8h8	r1q2rk1/ppp1p1bp/2np4/5p2/2PPpB1P/1Q2P3/PP1N1PP1/2KR3R b - - 1 13
BB	-2.06	0.86	e7e5	f8g8	r1q2r1k/1pp1p2p/2np1b1P/p4p2/2PPpB2/1Q2P2R/PP1N1PP1/2KR4 b - - 2 16
BB	-2.04	2.91	c6b4	a8a6	r1q3rk/1pp1p2p/2np1b1P/p4p2/2PPpB2/1Q2P1R1/PP1N1PP1/2KR4 b - - 4 17
BB	-0.46	1.99	a6b6	g8f7	2q3k1/1pp1p2p/r1np1b1P/p4p2/2PPpB2/1Q2P3/PP1N1PP1/2K3R1 b - - 1 19
BB	0.31	1.38	a6b6	a5a4	2q5/1pp1pk1p/r1np1b1P/p4p2/2PPpBP1/1Q2P3/PP1N1P2/2K3R1 b - - 0 20
