BB	-0.13	0.98	g7g6	h7h5	r1b1kb1r/pp2pppp/2n2n2/2qp4/5B2/3BPN2/PPPN1PPP/R2QK2R b KQkq - 1 7
BB	0.76	1.08	c8g4	a7a5	r1b1kb1r/pp2ppp1/2n2n2/2qp3p/5B2/3BPN2/PPPN1PPP/R2Q1RK1 b kq - 1 8
BB	0.59	0.57	c8g4	h5h4	r1b1kb1r/1pB1ppp1/2n2n2/2qp3p/p3P3/3B1N2/PPPN1PPP/R2Q1RK1 b kq - 0 10
BB	-1.48	3.80	c6b4	d5e4	r1b1kb2/1pB1ppp1/2n2n2/2qp3r/p1P1P2p/3B1N2/PP1N1PPP/R2QR1K1 b q - 0 12
BB	2.19	1.20	f6e4	c5b4	r1b1kb2/1pB1ppp1/2n2n2/2q4r/p1P1N2p/3B1N2/PP3PPP/R2QR1K1 b q - 0 13
BB	2.28	0.58	g7f6	g7f6	r1b1kb2/1pB1ppp1/2n2N2/7r/pqP4p/3B1N2/PP3PPP/R2QR1K1 b q - 0 14
BB	-2.73	4.75	c6b4	a4a3	r1b1kb2/1pB1pp2/2n2p2/2q4r/p1P4p/3B1N2/PPQ2PPP/3RR1K1 b q - 3 16
BB	1.16	2.47	h4h3	a8a3	r1b1kb2/1pB1pp2/2n2p2/2q4r/2P4p/P2B1N2/P1Q2PPP/3RR1K1 b q - 0 17
BB	-2.12	6.24	c6b4	c8e6	2b1kb2/1pB1pp2/2n2p2/2q4r/2P4p/r2B1N1P/P1Q2PP1/3RR1K1 b - - 0 18
BB	-0.11	8.11	f7g6	c6d4	4kb2/1pB1pp2/2n1bpB1/2q4r/2P4p/r4N1P/P1Q2PP1/3RR1K1 b - - 2 19
BB	-1.77	0.83	f8d6	c7f4	r3kb1r/ppq2p2/2p1bpp1/3p3p/Q2P4/5N2/PPP1PPPP/R3KBR1 b Qkq - 0 13
BB	-0.95	5.02	f4c7	f4e4	r3kb1r/pp3p2/2p1bpp1/3p3p/Q2P1q2/4PN2/PPP2PPP/R3KBR1 b Qkq - 0 14
BB	3.72	1.02	a7a5	b7b5	r3kb1r/pp3p2/2p1bpp1/3p3p/Q2Pq3/3BPN2/PPP2PPP/R3K1R1 b Qkq - 2 15
BB	3.98	1.08	f8e7	e4g4	r3kb1r/p4p2/2p1bpp1/1p1p3p/3Pq3/1Q1BPN2/PPP2PPP/R3K1R1 b Qkq - 1 16
BB	4.65	2.92	g4e4	f8b4	r3kb1r/p4p2/2p1bpp1/1p1p3p/3P2q1/1Q1BPN1P/PPP2PP1/R3K1R1 b Qkq - 0 17
BB	7.90	1.12	e8d7	g4e4	r3k2r/5p2/2p1bpp1/ppQp3p/3P2q1/3BPN1P/PPP2PP1/R3K1R1 b Qkq - 1 19
BB	8.54	1.10	e8f8	e6d7	r3k2r/5p2/2Q1bpp1/pp1p3p/3Pq3/3BPN1P/PPP2PP1/R3K1R1 b Qkq - 0 20
WB	2.98	-1.31	d4c5	c1g5	rnbqkbnr/pp2pp1p/3p2p1/2p5/3PP3/2N2N2/PPP2PPP/R1BQKB1R w KQkq - 0 5
WB	2.06	-1.41	g5e3	f1b5	rnbqkbnr/pp2pp2/3p2pp/2p3B1/3PP3/2N2N2/PPP2PPP/R2QKB1R w KQkq - 0 6
WB	0.92	-0.78	f1d1	g1h1	r1r3k1/pp1q1pb1/2np1npp/P3p3/4P3/2NQBN2/1PP2PPP/R4RK1 w - - 1 15
WB	0.70	-0.51	f1d1	f3e5	r1r3k1/pp1q1pb1/5npp/P2pp3/1n2P3/2N1BN2/1PP1QPPP/R4R1K w - - 0 17
WB	0.15	-1.04	c3e4	c3b5	r1r3k1/pp3pb1/4q1pp/P7/4n3/2N1B3/1P2QPPP/R4R1K w - - 0 21
BB	-3.68	7.03	c6d5	d8d5	rn1qkb1r/pp3ppp/2p2n2/3Pp3/2B3b1/3Q4/PPPP1P1P/RNB1K1NR b KQkq - 1 6
BB	2.62	0.78	g4d7	h7h5	2r1kb1r/pQ3ppp/2n2n2/3pp3/6b1/3P4/PPP2P1P/RNB1K1NR b KQk - 0 10
BB	3.05	1.08	g4d7	f8b4	2r1kb1r/pQ3pp1/2n2n2/3pp1Bp/6b1/3P4/PPP2P1P/RN2K1NR b KQk - 1 11
BB	3.44	0.85	e7f6	g7f6	2r1k2r/pQ2bpp1/2n2B2/3pp2p/6b1/2PP4/PP3P1P/RN2K1NR b KQk - 0 13
BB	4.30	0.86	f8d8	a7a5	2r2rk1/pQ2bp2/2n2p2/1N1pp2p/6b1/2PP4/PP3P1P/R3K1NR b KQ - 3 15
BB	3.94	1.07	f8d8	g8g7	2r2rk1/4bp2/1Qn2p2/pN1pp2p/6b1/2PP4/PP3P1P/R3K1NR b KQ - 1 16
BB	4.16	0.61	c6a7	e7d8	2r2r2/N3bpk1/1Qn2p2/p2pp2p/6b1/2PP4/PP3P1P/R3K1NR b KQ - 3 17
BB	4.49	1.35	c6a7	c6e7	2rb1r2/N4pk1/Q1n2p2/p2pp2p/6b1/2PP4/PP3P1P/R3K1NR b KQ - 5 18
BB	-3.14	0.62	e4d3	h8g8	r2qkb1r/p4p2/2p1bn1p/n7/B3p2p/2NP4/PPP1QPPP/R1B1K2R b KQkq - 0 13
BB	-2.72	0.54	f6e4	g8g2	r2qkbr1/p4p2/2p1bn1p/n7/B3N2p/3P4/PPP1QPPP/R1B1K2R b KQq - 0 14
BB	-2.80	2.31	e8d7	a8c8	r3kb2/p4p2/2p1bq1p/B7/B7/3P3p/PPP1QPrP/R3K2R b KQq - 0 17
BB	-1.00	1.16	f6g5	f6f4	2r1kb2/p4p2/2p1bq1p/8/B7/2BP3p/PPP1QPrP/R3K2R b KQ - 2 18
WB	0.65	-1.83	e4e5	b1c3	rnbqk1nr/ppp1ppbp/6p1/3p4/3PPP2/8/PPP3PP/RNBQKBNR w KQkq - 0 4
WB	-1.10	-0.78	c3e4	c1e3	rnbqk1nr/ppp1ppbp/6p1/8/3PpP2/2N5/PPP3PP/R1BQKBNR w KQkq - 0 5
WB	-0.31	-2.26	g2g4	h2h4	rn1qk1nr/ppp1ppbp/6p1/5b2/3PpP2/2N1B3/PPP3PP/R2QKBNR w KQkq - 2 6
WB	-2.39	-1.09	h4h5	a2a4	rn1q1rk1/ppp1ppbp/5np1/3P1b2/4pP1P/2N1B3/PPP3P1/R2QKBNR w KQ - 1 8
WB	-3.10	-0.75	e3d4	e3d4	rn1q1rk1/ppp1ppbp/6p1/3P1b2/P3pPnP/2N1B3/1PP3P1/R2QKBNR w KQ - 1 9
WB	-1.46	-1.72	f1e2	e1c1	rn1q1rk1/ppp1pp1p/6p1/3P1b2/P2Q1PnP/2N1p3/1PP3P1/R3KBNR w KQ - 0 11
WB	-2.05	-1.04	f1c4	h1h2	rn1q1rk1/ppp1pp1p/6p1/3P1b2/P2Q1P1P/2N1p3/1PP2nP1/2KR1BNR w - - 2 12
WB	-2.10	-2.55	d4c5	d4e3	r2q1rk1/ppp1pp1p/2n3p1/3P1b2/P2Q1P1P/4p3/1PP3PR/2KN1BN1 w - - 1 14
WB	-4.45	-0.62	g2g4	f1e2	r4rk1/ppp1pp1p/2n3p1/3q1b2/P4P1P/4Q3/1PP3PR/2KN1BN1 w - - 0 15
WB	-4.74	-3.13	e3a3	d1c3	r4rk1/ppp1pp1p/2n3p1/5b2/P4P1P/4Q3/qPP1B1PR/2KN2N1 w - - 2 16
WB	-7.50	-0.93	c3b1	c1d2	r4rk1/ppp1pp1p/2n3p1/5b2/P4P1P/2N1Q3/1PP1B1PR/q1K3N1 w - - 4 17
WB	-5.68	-2.16	d2e1	e2d3	r4rk1/ppp1pp1p/2n3p1/5b2/P4P1P/2N1Q3/1qPKB1PR/6N1 w - - 0 18
WB	-7.60	-0.98	c3d1	c3d1	3r1rk1/ppp1pp1p/2n3p1/5b2/P4P1P/2NBQ3/1qPK2PR/6N1 w - - 2 19
WB	-5.39	-1.56	f3e5	d1c3	3rr1k1/ppp1pp1p/2n2qp1/5b2/P4P1P/3BQN2/2PK2PR/3N4 w - - 6 21
BB	-3.11	0.93	d8d1	e4f3	rnbqkb1r/pp2pppp/8/2P3B1/4p3/5N2/PPP1PPPP/R2QKB1R b KQkq - 0 6
BB	-2.81	0.90	a7a5	f3g2	r1bk1b1r/pp1npppp/8/2P3B1/1P6/5p2/P1P1PPPP/2KR1B1R b - - 0 9
BB	-2.23	2.73	d8c7	a7a5	r1bk1b1r/pp1npppp/8/2P3B1/1P6/8/P1P1PPBP/2KR3R b - - 0 10
BB	0.48	2.28	f7f6	h7h5	r1bk1b1r/1p1npppp/8/pPP3B1/8/8/P1P1PPBP/2KR3R b - - 0 11
BB	0.28	1.82	d8c7	g7g6	r1bk1b1r/1p1nppp1/8/pPP3Bp/P7/8/2P1PPBP/2KR3R b - - 0 12
BB	0.11	1.47	f7f6	f8g7	r1bk1b1r/1p1npp2/6p1/pPP3Bp/P6P/8/2P1PPB1/2KR3R b - - 0 13
BB	0.51	2.19	d8e8	g7e5	r1bk3r/1p1nppb1/6p1/pPPR2Bp/P6P/8/2P1PPB1/2K4R b - - 2 14
BB	2.61	0.91	f7f6	d8e8	r1bk3r/1p1npp2/6p1/pPPRb1Bp/P6P/8/2P1PPB1/2KR4 b - - 4 15
BB	0.44	1.03	f7f6	a8b8	r1b1k2r/1p1npp2/6p1/pPPRb1Bp/P6P/3R4/2P1PPB1/2K5 b - - 6 16
BB	-1.47	6.24	e5c7	e5f6	1rb1k2r/1p1npp2/6p1/pPPRb1Bp/P4P1P/3R4/2P1P1B1/2K5 b - - 0 17
BB	4.59	995.40	e7f6	d7f6	1rb1k2r/1p1npp2/5Bp1/pPPR3p/P4P1P/3R4/2P1P1B1/2K5 b - - 0 18
WB	0.87	-0.88	d4d5	b1c3	r1bqkbnr/p2npppp/2p5/1p6/P1pP4/4PN2/1P3PPP/RNBQKB1R w KQkq - 1 6
WB	0.70	-0.95	a4b5	f3e5	r1b1kbnr/p2npppp/1qp5/1p6/P1pP4/2N1PN2/1P3PPP/R1BQKB1R w KQkq - 3 7
WB	0.36	-1.22	a4b5	c1d2	r1b1kb1r/p2npppp/1qp2n2/1p2N3/P1pP4/2N1P3/1P3PPP/R1BQKB1R w KQkq - 5 8
WB	0.02	-1.17	a4b5	h2h4	r1b1kb1r/p3pppp/1qp5/1p2P3/P1p3n1/2N1P3/1P1B1PPP/R2QKB1R w KQkq - 1 10
WB	-0.54	-0.58	c3a2	e5e6	rqb1kb1r/p3pppp/P1p5/4P3/1pp3nP/2N1P3/1P1B1PP1/R2QKB1R w KQkq - 1 13
WB	-0.95	-1.32	c3e4	c3a4	rq2kb1r/p3pppp/P1p1b3/8/1pp3nP/2N1P3/1P1B1PP1/R2QKB1R w KQkq - 0 14
WB	-2.26	-1.41	f1c4	h1h3	r3kb1r/p3pppp/P1pqb3/8/Npp3nP/4P3/1P1B1PP1/R2QKB1R w KQkq - 2 15
WB	-1.55	-2.22	h3h2	h3g3	r3kb1r/p3pppp/P1pqb3/8/Npp4P/4P2R/1P1B1PPn/R2QKB2 w Qkq - 4 16
WB	-1.87	-1.22	f1g1	e3e4	r1b1kb1r/p3pppp/P1pq4/8/Npp4P/4P1R1/1P1B1PP1/R2Q1K2 w kq - 1 18
WB	-2.99	-3.90	a4c5	a1a3	r3kb1r/p3pppp/b1pq4/8/Npp1P2P/6R1/1P1B1PP1/R2Q1K2 w kq - 0 19
WB	-5.90	-2.15	f1e1	b2a3	r3kb1r/p3pppp/b1pq4/8/N1p1P2P/p5R1/1P1B1PP1/3Q1K2 w kq - 0 20
BB	-1.90	0.72	f8b4	d7d5	r1bqkb1r/pppp1ppp/5n2/4n3/3N4/2N5/PPP2PPP/R1BQKB1R b KQkq - 1 6
BB	-2.00	2.39	f8b4	c8g4	r1bqkb1r/ppp2ppp/5n2/3pn1B1/3N4/2N5/PPP2PPP/R2QKB1R b KQkq - 1 7
BB	0.35	0.56	d8e7	h7h6	r2qkb1r/ppp2ppp/5n2/3pn1B1/3N2b1/2N2P2/PPP3PP/R2QKB1R b KQkq - 0 8
BB	1.24	3.83	d8f6	e5f3	r2qkb1r/ppp2pp1/5B1p/3pn3/3N2b1/2N2P2/PPP3PP/R2QKB1R b KQkq - 0 9
BB	-3.50	9.07	e6f6	b4e7	2kr3r/ppp2pp1/4q2p/8/1b3Nb1/2P2N2/PP2Q1PP/R3KB1R b KQ - 0 14
BB	4.85	0.81	h8e8	e7f6	2kr3r/ppp1bpp1/4b2p/8/8/2P2N1P/PP2Q1P1/R3KB1R b KQ - 0 16
BB	0.87	4.14	f6h4	a2e6	2kr4/ppp2pp1/5b1p/4N3/8/2P4P/bP2Q1P1/4KB1R b K - 1 19
BB	-2.05	7.00	f6h4	e6f7	2kr4/ppp2Np1/4bb1p/8/8/2P4P/1P2Q1P1/4KB1R b K - 0 20
WB	0.76	-0.60	g5f6	c4e3	1r1qkb1r/5ppp/p1npbn2/1p2p1B1/2N1P3/P1N5/1PP2PPP/R2QKB1R w KQk - 0 11
WB	0.76	-0.85	g5f6	g2g3	1r1qk2r/4bppp/p2pbn2/1p2p1B1/3nP2P/P1N1N3/1PP2PP1/R2QKB1R w KQk - 1 13
WB	0.87	-1.96	g5f6	a3a4	1r1q1rk1/4bppp/p2pbn2/1p2p1B1/3nP2P/P1N1N1P1/1PP2P2/R2QKB1R w KQ - 1 14
WB	1.07	-3.83	g5f6	e3d5	1r3rk1/4bppp/pq1pbn2/1p2p1B1/P2nP2P/2N1N1P1/1PP2P2/R2QKB1R w KQ - 1 15
WB	-0.24	-1.05	d5e3	d5f6	1r3rk1/1q3ppp/3pbb2/1p1Np3/3nP2P/2N3P1/1PP2P2/R2QKB1R w KQ - 0 18
WB	-1.23	-3.44	f1d3	a1a3	1r3rk1/1q3p1p/3pbp2/1p2p3/3nP2P/2N3P1/1PP2P2/R2QKB1R w KQ - 0 19
WB	-5.16	-1.02	c3d5	a3a1	1r3rk1/5p1p/B1qpbp2/4p3/1p1nP2P/R1N3P1/1PP2P2/3QK2R w K - 2 21
WB	1.37	-0.77	f2f3	d1g4	r1b2rk1/ppp3pp/2nbpq2/8/2BPp3/4B2N/PPP2PPP/R2Q1RK1 w - - 4 11
WB	1.25	-1.62	h3g5	b3a4	r1b3k1/ppp3pp/3bp3/n4r2/3Pp3/1B2B2N/PPP2PPP/R4RK1 w - - 2 14
WB	1.08	-1.69	h3g5	b3a4	r1b3k1/p1p3pp/3bp3/n4r2/1p1Pp3/1B2B2N/PPP2PPP/R4RK1 w - - 0 16
WB	1.47	-0.99	a4d7	d4e5	r5k1/pbp3pp/3b4/n3prN1/Bp1Pp3/4B3/PPP2PPP/R3R1K1 w - - 0 19
WB	1.58	-1.34	a4d7	a1b1	r5k1/pbp3pp/8/n3brN1/Bp2p3/4B3/PPP2PPP/R3R1K1 w - - 0 20
WB	0.47	-3.95	a4d7	h2h4	r5k1/pbp3p1/7p/n3brN1/Bp2p3/4B3/PPP2PPP/1R2R1K1 w - - 0 21
BB	-5.41	1.19	g8f6	d8g5	r1bqk1nr/pppp1ppp/2n5/8/8/2B1P3/PPP2PPP/RN2KBNR b KQkq - 0 6
BB	-4.90	0.94	g8e7	g4g2	r1b1k1nr/pppp1ppp/2n5/1B6/6q1/2B1PN2/PPP2PPP/RN2K2R b KQkq - 4 8
BB	-4.34	0.63	f3f6	g8e7	r1b1k1nr/pppp1pBp/2n5/1B6/8/4Pq2/PPP2P1P/RN2K1R1 b Qkq - 0 10
BB	-4.62	1.32	h3f5	e8d8	r1b1k3/ppp1np1p/2n5/1B1pB3/8/4P2q/PPPN1P1P/R3K1R1 b Qq - 3 13
BB	-4.71	4.79	c6e5	h3h2	r1bk4/ppp1np1p/2n5/1B1pB3/8/4P1Rq/PPPN1P1P/R3K3 b Q - 5 14
BB	-2.06	1.89	c6a7	c8f5	r1bk4/1pp1np1p/2n5/1B1p4/p1N5/P3P3/1PP2P1B/2KR4 b - - 1 19
WB	-0.24	-0.87	c1a3	d4d5	1r1qk2r/ppp2ppp/2n1p1b1/8/2NPP3/2b3P1/P4PBP/1RBQ1RK1 w k - 1 13
WB	-1.01	-2.39	c4e3	d1d5	1r1qk2r/ppp2ppp/2n3b1/3p4/2N1P3/2b3P1/P4PBP/1RBQ1RK1 w k - 0 14
WB	-3.91	-0.83	c6b7	c4e3	1r2k2r/ppp2ppp/2P5/8/2N5/2bb2P1/P4PBP/2B2RK1 w k - 1 17
WB	-4.20	-0.55	f1e3	c1e3	1r2k2r/p1p2ppp/1pP5/8/8/2b3P1/P4PBP/2B2NK1 w k - 0 19
BB	-2.44	0.52	f6d7	f6e4	r2qkb1r/ppp2ppp/2n1bn2/1N1pp1P1/8/4P3/PPPPBP1P/R1BQK1NR b KQkq - 0 6
BB	-3.05	4.36	a7a6	e4g5	r2qkb1r/ppp2ppp/2n1b3/1N1pp1P1/4n3/4PN2/PPPPBP1P/R1BQK2R b KQkq - 2 7
BB	0.92	0.77	g5h4	f8b4	N4b1r/pp1k1ppp/2n1b3/3pp1q1/8/4P3/PPPPBP1P/R1BQK2R b KQ - 0 10
BB	0.63	0.74	b4d6	b4c5	7r/1p1k1ppp/1pn1b3/3pp1q1/1b6/2P1P3/PP1PBP1P/R1BQK2R b KQ - 0 12
BB	0.00	0.65	g5g2	h8e8	7r/1p1k1ppp/1pn1b3/1Bbpp1q1/8/2P1P3/PP1P1P1P/R1BQK2R b KQ - 2 13
BB	-0.56	0.79	g5g2	h7h5	4r3/1p1k1ppp/1pn1b3/1Bbpp1q1/Q7/2P1P3/PP1P1P1P/R1B1K2R b KQ - 4 14
BB	-1.62	0.81	d7d8	d7d6	4r3/Q2k1pp1/1pp1b3/2bpp1qp/8/2P1P3/PP1P1P1P/R1B1K2R b KQ - 1 16
BB	-1.87	4.34	e6h3	e8d8	4r3/5pp1/Qppkb3/2bpp1qp/8/2P1P3/PP1P1P1P/R1B1K2R b KQ - 3 17
BB	2.46	0.51	e6g4	d6c7	3r4/5pp1/Qppkb3/2bpp1qp/3P4/2P1P3/PP3P1P/R1B1K2R b KQ - 0 18
BB	3.05	1.05	g5g4	d8b8	3r4/2k2pp1/Q1p1b3/2ppp1qp/8/2P1P3/PP1B1P1P/R3K2R b KQ - 1 20
BB	-0.24	0.68	c7c5	b8c6	rnbqkb1r/ppp2ppp/4pn2/3p4/2PP4/4P3/PP1N1PPP/R1BQKBNR b KQkq - 1 4
BB	-0.07	0.57	e6e5	c8d7	r1bqkb1r/ppp2ppp/2n1pn2/3p4/2PP4/4P2P/PP1N1PP1/R1BQKBNR b KQkq - 0 5
BB	0.21	0.73	d5c4	h7h5	r2qkb1r/pppb1ppp/2n1pn2/3p4/2PP4/1P2P2P/P2N1PP1/R1BQKBNR b KQkq - 0 6
BB	-0.13	1.23	e6e5	f6e4	r2qkb1r/pppb1pp1/2n1pn2/3p3p/2PP4/1P2P2P/P2NNPP1/R1BQKB1R b KQkq - 1 7
BB	-0.09	0.91	f8d6	d7e6	r2qkb2/pppb1pp1/2n4r/7p/3Pp3/PP2P2P/1B2NPP1/R2QKB1R b KQq - 1 11
BB	0.83	2.82	e6d5	h5h4	r2qkb2/ppp2pp1/2n1b2r/7p/3PpN2/PP2P2P/1B3PP1/R2QKB1R b KQq - 3 12
BB	-0.03	2.20	a7a6	a7a5	r2qkb2/ppp2pp1/2n4r/1B3b2/1P1PpN1p/P3P2P/1B3PP1/R2QK2R b KQq - 2 14
BB	2.01	2.29	g7g5	d8g5	r2qkb2/1pp2pp1/2n4r/pB1P1b2/1P2pN1p/P3P2P/1B3PP1/R2QK2R b KQq - 0 15
BB	4.21	0.64	b7b6	b7c6	r3kb2/1pp2pp1/2P4r/pB3bq1/1P2pN1p/P3P2P/1B3PP1/R2QK2R b KQq - 0 16
BB	0.19	1.56	a5a4	b7b6	r4rk1/1pp2ppp/2pqbn2/p1b1p3/4P3/P1NP1N1P/1PPB1PP1/1R1Q1RK1 b - - 1 11
BB	0.13	1.36	f6d7	g8h8	r4rk1/2p2ppp/1ppqbn2/p1b1p1B1/4P3/P1NP1N1P/1PP2PP1/1R1Q1RK1 b - - 1 12
BB	-2.02	2.70	f8g8	h3e6	r4r1k/2p2p1p/1ppq1p2/p1b1p3/4P3/P1NP1NPb/1PP2P2/1R1QR1K1 b - - 1 15
BB	-5.00	2.89	g3h3	g3g8	r6k/2p2p1p/1ppqbp2/p1b1p3/4P2N/P1NP2r1/1PPQ1P2/1R2RK2 b - - 1 18
BB	-2.74	1.58	d6d4	a5a4	r5rk/2p2p1p/1ppqbp2/p1b1p3/4P2N/P1NP4/1PPQKP2/1R2R3 b - - 3 19
BB	-2.74	1.13	g8g5	c5d4	r5rk/2p2p1p/1ppqbp2/2b1p3/p3P2N/P1NP4/1PPQ1P2/1R1KR3 b - - 1 20
BB	-2.53	1.72	d8b6	h8h5	r2qkb1r/pp3p2/2n1ppb1/1B1p4/3P1PQP/2N5/PPP4R/R3K1N1 b Qkq - 0 12
BB	-1.56	1.01	f8d6	e8d7	r2qkb2/pp3p2/2n1ppb1/1B1p3r/3P1PQP/2N2N2/PPP4R/R3K3 b Qq - 2 13
BB	-3.07	0.56	h5f5	d8h8	r2q4/pp1k1p2/2nbppb1/1B1p3r/1P1P1PQP/P1N2N2/2P4R/R3K3 b Q - 0 15
BB	-3.77	1.31	g6f5	a7a5	r6q/pp1k1p2/2nbppb1/1B1p3r/1P1P1PQP/P1N2N2/R1P4R/4K3 b - - 2 16
BB	-4.09	2.55	a5b4	a8c8	r6q/1p1k1p2/2nbppb1/pB1p3r/1P1P1PQP/P1N2N2/1RP4R/4K3 b - - 1 17
BB	-3.20	1.49	a5b4	c8a8	2r4q/1p1k1p2/2nbppb1/pB1p3r/NP1P1PQP/P4N2/1RP4R/4K3 b - - 3 18
BB	-4.31	0.60	b7b5	d7c6	3r1rk1/1p1bbppp/p4n2/8/2p5/5N1P/PB2NPP1/3R1RK1 b - - 1 19
BB	-1.85	1.38	f7f6	e7g6	rnbqkb1r/ppp1nppp/8/3pN3/4p3/2N1P3/PPPP1PPP/R1BQKB1R b KQkq - 3 6
BB	-2.00	1.04	d8g5	c8f5	r1bqkb1r/ppp2pp1/2n3p1/1B1p4/4p3/2N1P3/PPPP1PPP/R1BQK2R b KQkq - 3 9
BB	-8.06	5.84	d8h4	h8h5	r2qkb1r/ppp2pp1/2n3p1/1B1p1b2/4p3/2N1P3/PPPP1PPP/R1BQ1RK1 b kq - 5 10
BB	-5.24	3.73	d8h4	a7a5	r2qkb2/ppp2pp1/2n3p1/1B1p1b1r/3Pp3/2N1P3/PPP2PPP/R1BQ1RK1 b q d3 0 11
BB	-4.81	3.42	d8h4	f8b4	r2qkb2/1pp2pp1/2n3p1/pB1p1b1r/3Pp3/2N1P3/PPPB1PPP/R2Q1RK1 b q - 1 12
BB	-4.78	1.14	d8h4	a5b4	r2qk3/1pp2pp1/2n3p1/pB3b1r/1B1Pp3/4P3/PPP2PPP/R2Q1RK1 b q - 0 14
BB	-5.90	2.21	d8h4	f5e6	r2qk3/1pp2pp1/2n3p1/1B3b1r/1p1Pp3/4P3/PPP2PPP/R2QR1K1 b q - 1 15
BB	-5.31	0.99	h5d5	a8a2	r3k3/1pp2pp1/2q1b1p1/7r/1p2p3/4P3/PPPQ1PPP/R3R1K1 b q - 1 18
BB	-5.36	1005.35	c6d6	a2b2	4k3/1pp2pp1/2q1b1p1/7r/1p2p3/4P3/rPPQ1PPP/R2R2K1 b - - 1 19
BB	-0.18	0.99	g7g6	h7h5	r1b1kb1r/pp2pppp/2n2n2/2qp4/5B2/3BPN2/PPPN1PPP/R2QK2R b KQkq - 1 7
BB	0.71	1.07	c8g4	a7a5	r1b1kb1r/pp2ppp1/2n2n2/2qp3p/5B2/3BPN2/PPPN1PPP/R2Q1RK1 b kq - 1 8
BB	0.74	1.06	c8g4	a5a4	r1b1kb1r/1p2ppp1/1qn2n2/p2p3p/2P2B2/1N1BPN2/PP3PPP/R2Q1RK1 b kq - 0 10
BB	1.23	3.00	c6d4	b6b2	r1b1kb1r/1p2ppp1/1qn2n2/3p3p/p1PN1B2/3BPN2/PP3PPP/R2Q1RK1 b kq - 1 11
BB	3.16	0.59	e8d8	e8d8	r1b1kb1r/1pN2pp1/5n2/3pn2p/p1P2B2/3BP3/Pq3PPP/R2Q1RK1 b kq - 1 14
BB	-2.84	5.24	f8d6	c8d7	N1bk1b1r/1p3pp1/5n2/3pq2p/p1P5/3BP3/P4PPP/R2Q1RK1 b - - 0 16
BB	2.42	1.02	f8d6	d5c4	3k1b1r/1p1b1pp1/1N3n2/3pq2p/p1P5/3BP3/P4PPP/R2Q1RK1 b - - 2 17
BB	-1.61	0.80	c6b4	c5b4	r1bqkb1r/pp2pppp/2np1n2/2p5/NPP5/5N2/P2PPPPP/R1BQKB1R b KQkq - 0 5
BB	-1.64	0.73	c8g4	c8e6	r1bqkb1r/pp2pppp/2np1n2/8/NpP5/3P1N2/P3PPPP/R1BQKB1R b KQkq - 0 6
BB	-2.11	1.06	d8a5	h7h5	r2qkb1r/pp2pppp/2npbn2/8/NpP5/3P1N2/P2QPPPP/R1B1KB1R b KQkq - 2 7
BB	-2.58	0.74	d6d5	d8a5	2rqkb1r/pp2ppp1/2npbn2/7p/NpP5/3P1N2/P3PPPP/1RBQKB1R b Kk - 3 9
BB	-2.67	5.15	a5a4	a5e5	2r1kb1r/pp2ppp1/2npbn2/q5Np/N1P5/1p1P4/P2BPPPP/1R1QKB1R b Kk - 1 11
BB	1.61	1.81	f6d7	c6a5	2r1kb1r/pp2ppp1/2npbn2/4q1Np/N1P5/1Q1P4/P2BPPPP/1R2KB1R b Kk - 0 12
BB	1.23	0.98	e6d7	b7b6	2r1kb1r/pp2ppp1/3pbn2/n5Np/N1P5/2BP4/P3PPPP/1R2KB1R b Kk - 0 14
BB	1.67	0.90	e6e5	e8d7	2r1kb1r/p3p1p1/3ppn2/pR5p/N1P5/3P4/P3PPPP/4KB1R b Kk - 1 17
BB	1.37	0.91	e6e5	h8h5	5b1r/p1rkp1p1/3ppn2/R7/2P4p/2NP1P2/P3P1PP/4KB1R b K - 1 20
WB	1.65	-0.99	f1g2	a1b1	r1bqkb1r/1pppn1p1/5p2/p6p/2P1Q3/2N3P1/PP2PP1P/R1B1KB1R w KQkq - 2 9
WB	0.87	-1.46	f1g2	c1e3	r1bqkb1r/1pp1n1p1/3p1p2/p6p/2P1Q3/2N3P1/PP2PP1P/1RB1KB1R w Kkq - 0 10
WB	0.24	-1.17	e3d2	e3f4	3qkb1r/2p1n1p1/3p1p2/p6p/2P5/2N1BQP1/P1r1PP1P/4KB1R w Kk - 2 15
WB	0.13	-0.53	f3d3	h2h4	3qk2r/2p1n1b1/3p1p2/p5pp/2P5/2N2QP1/P1rBPP1P/4KB1R w Kk - 2 17
WB	-0.15	-2.89	f1g2	a2a4	3qk2r/2p1n1b1/3p1p2/p6p/2P1Q1pP/2N3P1/Pr1BPP2/4KB1R w Kk - 2 19
BB	-0.61	0.61	c7c5	d7c6	rn1qkb1r/pppb1ppp/4pn2/3p4/2PP4/1Q3N2/PP2PPPP/RNB1KB1R b KQkq - 3 5
BB	-1.72	1.36	d5c4	b8a6	rn1qkb1r/ppp2ppp/2b1pn2/3p4/2PP4/1Q3N2/PP2PPPP/RNBK1B1R b kq - 5 6
BB	-1.71	0.71	b4d2	f6d5	3rk2r/1pp3pp/p3pn2/5p2/1b1P4/3BPP2/RP1BK1PP/7R b k - 4 18
WB	-0.34	-0.54	h2h3	b3b7	r2q1rk1/pp3pbp/3p2p1/3p4/3pP1b1/1Q1P1NP1/PP3PBP/R4RK1 w - - 0 14
WB	-0.50	-2.01	f1b1	f3d4	3q1rk1/p4pbp/3p2p1/3Q4/3pP1b1/3P1NP1/Pr3PBP/R4RK1 w - - 0 16
WB	0.62	-0.59	a1c1	a1b1	3q1rk1/p4pbp/3p2p1/3Q4/4P3/3P2P1/P3rPBP/R4RK1 w - - 0 18
BB	0.15	0.77	f8b4	h7h5	r2qkb1r/pbpp1ppp/1pn1pn2/8/2PP4/2N1PNP1/PP3P1P/R1BQKB1R b KQkq - 0 6
BB	0.35	0.94	d7d5	c6a5	r2qkb1r/pbpp1pp1/1pn1pn2/7p/2PP4/2NBPNP1/PP3P1P/R1BQK2R b KQkq - 1 7
BB	0.55	1.53	c7c5	f6g4	r2qkb1r/pbpp1pp1/1p2pn2/n6p/2PP4/2NBPNP1/PP3P1P/R1BQ1RK1 b kq - 3 8
BB	1.31	1.68	f8d6	h8h6	r2qkb1r/pbpp1pp1/1p2p3/n2P3p/2P3n1/2NBPNP1/PP3P1P/R1BQ1RK1 b kq - 0 9
BB	2.96	0.88	h6h8	g4f6	r2qkb2/pbpp1pp1/1p2p2r/n2P3p/2P3n1/2NBPNPP/PP3P2/R1BQ1RK1 b q - 0 10
BB	3.71	0.82	h6h8	h6g6	r2qkb2/pbpp1pp1/1p2pn1r/n2P3p/2P1P3/2NB1NPP/PP3P2/R1BQ1RK1 b q - 0 11
BB	4.19	1.77	f6h7	e6d5	r2qkb2/pbpp1pp1/1p2pnr1/n2PP2p/2P5/2NB1NPP/PP3P2/R1BQ1RK1 b q - 0 12
BB	5.27	1.48	f7g6	d5c4	r2qkb2/pbpp1pp1/1p3nB1/n2pP2p/2P5/2N2NPP/PP3P2/R1BQ1RK1 b q - 0 13
BB	6.85	0.86	d8f6	f7g6	r2qkb2/pbpp1pp1/1p3PB1/n6p/2p5/2N2NPP/PP3P2/R1BQ1RK1 b q - 0 14
BB	5.89	0.54	e8f7	e8f7	r2qkb2/pbpp2p1/1p3Pp1/n6p/2p5/2N2NPP/PP2QP2/R1B2RK1 b q - 1 15
BB	3.99	0.91	f7g8	d8e7	r2q4/pbpp1kb1/1p4p1/n6p/2p1N3/5NPP/PP2QP2/R1B2RK1 b - - 1 17
BB	4.90	2.61	d6d3	d6c6	r3k3/pbpp2b1/1p1q2p1/n5Np/2p2B2/5NPP/PPQ2P2/R4RK1 b - - 7 20
BB	-0.44	0.81	d7d5	e7e6	rnbqkbnr/pppppp1p/6p1/8/5P2/2N5/PPPPP1PP/R1BQKBNR b KQkq - 1 2
BB	0.44	1.11	d7d5	d8f6	r1bqkbnr/pppp1p1p/2n1p1p1/8/4PP2/2N2N2/PPPP2PP/R1BQKB1R b KQkq - 0 4
BB	1.04	1.16	f6e7	f6f4	r1b1kbnr/pppp1p1p/2n1pqp1/8/2B1PP2/2N2N2/PPPP2PP/R1BQK2R b KQkq - 2 5
BB	-0.27	0.81	a7a6	h7h5	r1b1kbnr/pppp1p1p/2n1pqp1/8/2BPP3/2N2N2/PPP3PP/R1BQ1K1R b kq - 2 7
BB	0.06	1.17	f7f6	f8d6	r1b1kbnr/pppp1pq1/2n1p1p1/1N4Bp/2BPP3/5N2/PPP3PP/R2Q1K1R b kq - 3 9
BB	0.70	4.75	a7a6	g7f8	r1b1k1nr/pppp1pq1/2nbp1p1/1N2P1Bp/2BP4/5N2/PPP3PP/R2Q1K1R b kq - 0 10
BB	5.34	994.65	f7f6	c7d6	r1b1kqnr/pppp1p2/2nPp1p1/1N4Bp/2BP4/5N2/PPP3PP/R2Q1K1R b kq - 0 11
WB	-0.12	-0.67	d2d4	d1a4	rnbqkbnr/pp3ppp/8/3pp3/8/6P1/PP1PPPBP/RNBQK1NR w KQkq - 0 5
WB	-0.64	-0.87	e1g1	b1c3	r2qkbnr/pp1b1ppp/2n5/3pp3/Q7/5NP1/PP1PPPBP/RNB1K2R w KQkq - 4 7
WB	0.34	-0.56	a4d1	a4b3	2rqkb1r/1p1b1ppp/p4n2/4p3/Qn1p4/N2P1NP1/PP2PPBP/R1B2RK1 w k - 1 12
WB	-0.16	-0.74	b3d1	b3a4	2rqkb1r/1p3ppp/p3bn2/4p3/1n1p4/NQ1P1NP1/PP2PPBP/R1B2RK1 w k - 3 13
WB	-0.80	-1.79	c1d2	b2b3	2rqk2r/5ppp/p2bbn2/1p2p3/1n1p4/N2P1NP1/PP2PPBP/R1BQ1RK1 w k - 2 15
WB	-1.23	-2.30	a3c2	a3c4	2rqk2r/5pp1/p2bbn1p/1p1np3/3p4/NP1P1NP1/P2BPPBP/R2Q1RK1 w k - 2 17
WB	-2.55	-1.22	d1c2	d1c1	2rqk2r/5pp1/p2bbn1p/4p3/2Pp4/3P1NP1/Pn1BPPBP/R2Q1RK1 w k - 5 21
BB	0.23	0.91	d7d5	h7h5	r1bqkbnr/pppp1ppp/2n1p3/8/2P1P3/5N2/PP1P1PPP/RNBQKB1R b KQkq - 2 3
BB	-0.69	3.30	e6e5	b7b5	r1bqkb1r/pp3pp1/2p1pn2/7p/2PnN3/P2B1N2/1P1B1PPP/R2QK2R b KQkq - 1 9
BB	-0.30	1.05	b5c4	d4f3	r1bqkb1r/p4pp1/2p1pn2/1p5p/2PnN3/P2BBN2/1P3PPP/R2QK2R b KQkq - 1 10
BB	0.79	2.39	f6d7	d8d3	r1bqkb1r/p4pp1/2p1pn2/1p5p/2P1N3/P2BBQ2/1P3PPP/R3K2R b KQkq - 0 11
BB	-3.85	7.14	c8d7	b5c4	r1b1kb1r/p4p2/2p1pp2/1p5p/2P5/P2qBQ2/1P3PPP/2R1K2R b Kkq - 1 13
BB	3.21	4.26	d3d7	c8d7	r1b1kb1r/p4p2/2Q1pp2/7p/2p5/P2qB3/1P3PPP/2R1K2R b Kkq - 0 14
BB	6.64	4.29	d7c8	e8e7	Q3kb1r/p2b1p2/4pp2/7p/2p5/P2qB3/1P3PPP/2R1K2R b Kk - 0 15
BB	10.41	14.95	d3d6	d3d6	Q4b1r/p2bkp2/4pp2/2B4p/2p5/P2q4/1P3PPP/2R1K2R b K - 2 16
BB	10.96	988.88	e7d6	e7d6	Q4b1r/p2bkp2/3Bpp2/7p/2p5/P7/1P3PPP/2R1K2R b K - 0 17
BB	9.66	990.21	a7a6	e6e5	3Q1b1r/p2b1p2/3kpp2/7p/2p5/P7/1P3PPP/2R1K2R b K - 1 18
BB	9.95	989.96	d7e6	d6c7	5b1r/p2b1p2/3k1Q2/4p2p/2p5/P7/1P3PPP/2R1K2R b K - 0 19
BB	0.12	1.14	c5a7	h7h5	r1q2rk1/1pp3pp/p1nppn2/2b1p3/4P3/1QPPNN2/PP3PPP/R1BR2K1 b - - 5 13
BB	0.80	3.44	c5a7	c5b4	r1q2rk1/1pp3p1/p1nppn2/2b4p/3PP3/1Q2NN2/PP3PPP/R1BR2K1 b - - 0 15
BB	4.08	1.63	a8b8	c8d7	r1q2rk1/1pp3p1/p1nppn2/3P3p/1b2P3/1Q2NN2/PP3PPP/R1BR2K1 b - - 0 16
BB	4.70	2.34	f6e4	a6a5	r4rk1/1pp3p1/p1qppn2/4P2p/1b6/1Q2NN2/PP3PPP/R1BR2K1 b - - 0 18
BB	7.03	0.89	f8f6	g7f6	r4r1k/1pp3p1/2qpQP2/p6p/1b6/4NN2/PP3PPP/R1BR2K1 b - - 0 20
BB	-2.16	0.62	d7d5	f6e4	rnbqkb1r/pppp1ppp/5n2/4p3/2B1P1P1/8/PPPP1P1P/RNBQK1NR b KQkq - 0 3
BB	-3.47	3.06	e4c5	f8b4	rnbqkb1r/ppp2ppp/8/3pp3/4n1P1/1B1P4/PPP2P1P/RNBQK1NR b KQkq - 1 5
BB	-2.92	4.67	e4d2	f7f5	rnbqk2r/ppp2ppp/8/3pp3/4n1P1/1B1P4/PPPN1P1P/R2QK1NR b KQkq - 0 7
BB	-0.88	4.36	e4f6	c8f5	rnbqk2r/ppp3pp/8/3ppP2/4n3/1B1P4/PPPN1P1P/R2QK1NR b KQkq - 0 8
BB	3.27	0.72	a7a5	d8d4	rn1qk2r/ppp4p/6p1/4pb2/4p3/1B6/PPPNQP1P/R3K1NR b KQkq - 1 11
BB	3.40	1.77	d3c2	b8c6	rn2k2r/ppp4p/6p1/4pb2/2B1p3/2Pq4/PP1NQP1P/R3K1NR b KQkq - 2 13
BB	-2.84	0.55	e4f4	e8c8	r3k2r/ppp4p/2n3p1/4pb2/2B1q3/2P2N2/PP2QP1P/R3K2R b KQkq - 1 15
WB	1.79	-5.19	g1h3	g1f3	rnb1kb1r/ppp2ppp/4p3/3qP3/3Pp3/4B3/PPP2PPP/R2QKBNR w KQkq - 2 7
WB	-3.11	-0.57	g2f3	d1f3	rnb1kb1r/ppp2ppp/4p3/3qP3/3P4/4Bp2/PPP2PPP/R2QKB1R w KQkq - 0 8
WB	-2.42	-0.84	f3g3	h2h4	r1b1k2r/ppp1bppp/2n1p3/3qP3/3P4/2P1BQ2/PP3PPP/R3KB1R w KQkq - 1 10
WB	-1.40	-1.09	f1d3	g2g4	r1b2rk1/pppqbppp/2n1p3/4P3/3P3P/2P1BQ2/PP3PP1/3RKB1R w K - 3 12
WB	-1.48	-1.56	f3g3	a2a4	r1b2rk1/1ppqb1pp/2n1p3/p3Pp1P/3P2P1/2P1BQ2/PP3P2/3RKB1R w K f6 0 14
WB	0.33	-1.10	f1g2	h1h3	r1b2rk1/1pp1b1pp/2n1p3/p2qP2P/P2P2Q1/2P1B3/1P3P2/3RKB1R w K - 1 16
WB	3.32	-4.13	f1d3	h5h6	2b2rk1/rpp1b1pp/2n1p3/p2qP2P/P2P2Q1/2P1B2R/1P3P2/3RKB2 w - - 3 17
WB	4.33	-8.25	f1d3	e3f4	2b3k1/rpp1brpp/2n1p2P/p2qP3/P2P2Q1/2P1B2R/1P3P2/3RKB2 w - - 1 18
WB	-3.78	-0.62	f1e2	h3e3	2b3k1/rpp1brpp/2n1p2P/p3P3/P2PqBQ1/2P4R/1P3P2/3RKB2 w - - 3 19
BB	-3.79	3.73	b7b5	h7h5	r2qkb1r/1p1b1ppp/p1nppn2/2p3N1/B3P3/2N5/PPPP1PPP/R1BQ1RK1 b kq - 3 8
BB	-0.56	1.43	c5d4	h5h4	r2qkb1r/1p3pp1/p1bppn2/2p3Np/3PP3/2N5/PPP2PPP/R1BQ1RK1 b kq - 0 10
BB	-4.64	1.12	e6d5	f8e7	r4b1r/1p1q1kp1/p3bn2/2p1p3/4N2p/5Q2/PPP2PPP/R1B2RK1 b - - 3 16
BB	-5.45	0.71	g7f6	e7f6	r6r/1p1qbkp1/p3bN2/2p1p3/7p/5Q2/PPP2PPP/R1B2RK1 b - - 0 17
BB	-4.95	1.18	d7c6	d7b5	2r4r/1p1q1kp1/p3bb2/2p1p3/7p/4BQ2/PPP2PPP/3R1RK1 b - - 3 19
BB	-4.66	1.28	b5c6	b5b2	2r4r/1p3kp1/p3bb2/1qp1p1B1/7p/5Q2/PPP2PPP/3R1RK1 b - - 5 20
BB	0.26	0.58	b5b4	d7b6	r1bqkb1r/3n1ppp/p2ppn2/1p6/3NP1P1/2N1BP2/PPPQ3P/R3KB1R b KQkq - 0 9
BB	0.07	2.86	h8g8	h7h6	2r1kb1r/1b1q1ppp/p2ppP2/2n3P1/P1pNP2P/2N1B3/1PP3QK/R4R2 b k - 2 19
BB	2.85	1.92	h8g8	h6h5	2r1kb1r/1b1q1pp1/p2ppPPp/2n5/P1pNP2P/2N1B3/1PP3QK/R4R2 b k - 0 20
BB	-0.71	0.66	b7b5	b8a6	rnbq3r/pp3pkp/2p2bp1/8/2BPQ3/2N2N2/PP3PPP/2KR3R b - - 4 12
BB	-1.39	0.55	h8e8	d8d6	r1bq3r/p4pkp/p1p2bp1/8/3PQ3/2N2N2/PP3PPP/2KR1R2 b - - 1 14
BB	-1.22	1.22	c8f5	c8e6	r1b4r/p4pkp/p1pq1bp1/8/3P4/2N1QN2/PP3PPP/2KR1R2 b - - 3 15
BB	0.00	0.59	h8b8	g7f6	r6r/p4pkp/p1p1bNp1/8/1q1P4/4QN2/PP3PPP/2KR1R2 b - - 0 17
WB	1.38	-2.64	g2g4	g1e2	r1bqkb1r/pppp1p1p/2n3p1/1N2pn2/8/1B3Q2/PPPP1PPP/R1B1K1NR w KQkq - 2 8
WB	-0.91	-0.64	f3d5	b5c3	r1bqkb1r/1ppp1p1p/p1n3p1/1N2pn2/8/1B3Q2/PPPPNPPP/R1B1K2R w KQkq - 0 9
WB	-0.59	-2.14	g2g4	d2d3	r1bqk2r/1ppp1pbp/p1n3p1/4pn2/8/1BN2Q2/PPPPNPPP/R1B1K2R w KQkq - 2 10
WB	-1.66	-1.77	f3g2	f3e4	r1bq1rk1/1ppp1pbp/p5p1/4n3/3p2P1/1B1P1Q2/PPP1NP1P/R1B1K2R w KQ - 2 14
WB	-2.35	-1.72	h2h3	e2d4	r1bq1rk1/1p1p1pbp/p1p3p1/4n3/3pQ1P1/1B1P4/PPP1NP1P/R1B1K2R w KQ - 0 15
WB	-3.85	-1.60	e4g2	e4e3	r1bq1rk1/1p3pbp/p1p3p1/3pn3/3NQ1P1/1B1P4/PPP2P1P/R1B1K2R w KQ - 0 16
WB	-5.37	-0.58	e3g3	e3f4	r1bq1rk1/1p3pbp/p1p3p1/3p4/3N2n1/1B1PQ3/PPP2P1P/R1B1K2R w KQ - 0 17
WB	-5.85	-0.71	f4g5	d4c6	r1bq1rk1/1p3p1p/p1p3p1/3pb3/3N1Qn1/1B1P4/PPP2P1P/R1B1K2R w KQ - 2 18
WB	-6.27	-1.59	f4f3	f4a4	r1bq1rk1/5p1p/p1p3p1/3pb3/5Qn1/1B1P4/PPP2P1P/R1B1K2R w KQ - 0 19
WB	-7.28	-1.90	h1f1	h1f1	r1b2rk1/5p1p/p1p2qp1/3pb3/Q5n1/1B1P4/PPP2P1P/R1B1K2R w KQ - 2 20
WB	-8.18	-1.09	c1e3	f1h1	r1b2rk1/5p1p/p1p2qp1/3pb3/Q7/1B1P4/PPP2P1n/R1B1KR2 w Q - 0 21
BB	-0.67	0.62	c8f5	c8e6	r1bqkb1r/ppp2ppp/2n2n2/3p4/8/4P1P1/PP1PNPBP/RNBQK2R b KQkq - 2 6
BB	-0.69	1.68	h7h5	f6e4	r2qkb1r/ppp2ppp/2n1bn2/3p4/8/4P1P1/PP1PNPBP/RNBQ1RK1 b kq - 4 7
BB	0.85	0.84	d8d7	e6f5	r2qkb1r/ppp2ppp/2n1b3/3p4/4n3/2N1P1P1/PP1PNPBP/R1BQ1RK1 b kq - 6 8
BB	-0.83	3.31	d8d7	h8h6	r2qkb1r/ppp2pp1/2n5/3p1b1p/4n3/2N1P1PP/PP1PNPB1/R1BQR1K1 b kq - 0 10
BB	-0.76	1.79	e4c5	c6b4	r2qkb2/ppp2pp1/2n4r/3p1b1p/4n3/1QN1P1PP/PP1PNPB1/R1B1R1K1 b q - 2 11
BB	-1.39	4.66	b4d3	a7a5	r2qkb2/ppp2pp1/7r/5b1p/1n2p3/PQ2P1PP/1P1PNPB1/R1B1R1K1 b q - 0 13
BB	2.98	1.35	f8b4	a5b4	r2qkb2/1pp2pp1/7r/p4b1p/1P2p3/1Q2P1PP/1P1PNPB1/R1B1R1K1 b q - 0 14
BB	3.59	0.52	c8e6	c8d7	2qk1b2/1pp2pp1/7r/4Qb1p/1p2p3/1P2P1PP/3PNPB1/2B1R1K1 b - - 0 18
BB	3.38	0.84	f5h3	d8c8	3k1b2/1ppq1pp1/7r/4Qb1p/1p2p3/1P2P1PP/3PNPB1/2BR2K1 b - - 2 19
WB	0.61	-4.58	e1g1	d4f5	rnbqr1k1/pp2bppp/3ppn2/8/2PNP3/2NBB3/PP3PPP/R2QK2R w KQ - 5 9
WB	-4.04	-1.13	c4d5	e1g1	rnbqr1k1/pp2bppp/5n2/3p1P2/2P5/2NBB3/PP3PPP/R2QK2R w KQ - 0 11
WB	-3.38	-0.93	g2g4	d1d2	rnb1r1k1/ppq1bppp/5n2/5P2/2p5/2N1B3/PPB2PPP/R2Q1RK1 w - - 2 13
WB	-3.30	-0.82	a1e1	a2a4	rnb1r1k1/ppq2ppp/5n2/5P2/1bp5/2N1B3/PPBQ1PPP/R4RK1 w - - 4 14
WB	-4.07	-0.79	a4a5	c3b5	r1b1r1k1/ppq2ppp/2n2n2/5P2/Pbp5/2N1B3/1PBQ1PPP/R4RK1 w - - 1 15
WB	-4.62	-1.00	d2c1	b5c3	r1b1r1k1/pp3ppp/2n2n2/1N2qP2/Pbp5/4B3/1PBQ1PPP/R4RK1 w - - 3 16
WB	-4.59	-0.56	e3d4	b1b5	r1b1r1k1/pp3ppp/5n2/5P2/P1p5/2PnB3/2B2PPP/1R3RK1 w - - 3 20
WB	0.81	-0.51	c3e4	c4a5	1rb2rk1/2p2ppp/4pq2/p7/1nNn4/2N3P1/PP2PPBP/R2Q1RK1 w - - 1 16
WB	0.19	-1.77	a2a3	d1d2	1r3rk1/2p2ppp/b3pq2/N7/1n1n4/2N3P1/PP2PPBP/R2Q1RK1 w - - 1 17
WB	0.11	-3.99	a5b3	g2e4	1r3rk1/2p2ppp/b3p3/N3q3/1n1n4/2N3P1/PP1QPPBP/R4RK1 w - - 3 18
WB	-3.18	-1.47	a2a3	a5b3	1r3rk1/2p2ppp/b3p3/N4q2/1n6/2N3P1/PP1Q1P1P/R4RK1 w - - 2 21
BB	-4.70	0.73	g7g6	h7h5	r1b1kb1r/pp2pppp/nqp5/3p4/3P4/1P1QPN2/P1PN1PPP/R4RK1 b kq - 2 9
BB	-4.27	1.03	g7g6	g7g5	r1b1kb1r/pp2ppp1/nqp5/3pN2p/3P4/1P1QP3/P1PN1PPP/R4RK1 b kq - 1 10
BB	-4.05	1.02	a6b4	h8h6	r1b1kb1r/pp2pp2/nqp5/3pN1pp/P2P4/1P1QP3/2PN1PPP/R4RK1 b kq - 0 11
BB	-4.41	1.42	f7f6	g5g4	r1b1kb2/pp2pp2/nqp4r/3pN1pp/P2P4/1P1QPN2/2P2PPP/R4RK1 b q - 2 12
BB	-3.50	2.66	f7f6	h6f6	r1b1kb2/pp2pp2/nqp4r/3pN1Np/P2P2p1/1P1QP3/2P2PPP/R4RK1 b q - 1 13
BB	-0.96	1.97	c8f5	c8e6	r1b1kb2/pp2pp1Q/nqp2r2/3pN1Np/P2P2p1/1P2P3/2P2PPP/R4RK1 b q - 3 14
BB	-0.59	1.07	d8c7	d8d7	r2k1b2/pp2pN2/nqp1pr2/3p3Q/P2P2p1/1P2P3/2P2PPP/R4RK1 b - - 2 17
BB	0.49	1.33	d7c7	d7d6	r4b2/pp1kp3/nqp1pr2/3pN2Q/P2P2p1/1P2P3/2P2PPP/R4RK1 b - - 4 18
BB	0.94	2.71	d6c7	a8d8	r4b2/pp2p3/nqpkpr2/3pN3/P2P2Q1/1P2P3/2P2PPP/R4RK1 b - - 0 19
BB	-0.59	1.11	d6c7	f8h6	3r1b2/pp2p3/nqpkprN1/3p4/P2P2Q1/1P2P3/2P2PPP/R4RK1 b - - 2 20
BB	-0.91	0.57	f8c5	g8f6	r1b1kbnr/ppp2ppp/2n5/4p3/3qB3/2N2P2/PPPP2PP/R1BQK1NR b KQkq - 3 6
BB	-3.36	1.17	f8c5	f6e4	r1b1kb1r/ppp2ppp/1qn2n2/1N2p3/P3B3/5P2/1PPP2PP/R1BQK1NR b KQkq - 0 8
BB	-3.40	0.90	a7a6	e8c8	r3kb1r/ppp2ppp/1qn1b3/1N2p3/P3P3/8/1PPPQ1PP/R1B1K1NR b KQkq - 2 10
BB	-2.67	1.74	a7a6	f8b4	2kr1b1r/ppp2ppp/1qn1b3/1N2p3/P3P3/5N2/1PPPQ1PP/R1B1K2R b KQ - 4 11
BB	-2.16	5.52	e5d4	e7f6	2kr3r/ppp1bppp/1qn1b3/1N2p3/P2PP3/2P2N2/1P2Q1PP/R1B1K2R b KQ - 0 13
BB	-0.31	4.00	e5d4	c6d4	2kr3r/ppp2ppp/1qn1bb2/1N2p3/P2PP3/2P1BN2/1P2Q1PP/R3K2R b KQ - 2 14
BB	0.47	3.74	a7a6	b6c5	2kr3r/ppp2ppp/1q2bb2/1N6/P2pP3/5N2/1P2QBPP/R3K2R b KQ - 1 16
BB	2.14	2.50	e6c4	h7h5	2kr3r/ppp2ppp/4bb2/1Nq5/P2pP3/5N2/1P1Q1BPP/R3K2R b KQ - 3 17
BB	3.99	0.64	e6c4	e6c4	2kr3r/ppp2pp1/4bb2/1Nq4p/P2pP3/5N2/1P1Q1BPP/2R1K2R b K - 1 18
BB	3.02	1.64	h8e8	c8b8	2kr3r/ppp2pp1/5b2/1Nq4p/P1bpP2P/5N2/1P1Q1BP1/2R1K2R b K - 0 19
BB	3.84	2.07	d8e8	d8d7	1k1r3r/ppp2pp1/5b2/1Nq4p/P1bpP2P/5NB1/1P1Q2P1/2R1K2R b K - 2 20
WB	1.88	-1.76	f2f3	f2f4	rn2k2r/ppq2ppp/4pn2/2p1Nb2/P1BP4/2P1P3/5PPP/R1BQ1RK1 w kq - 0 11
WB	0.54	-0.99	g2g4	a1a2	r3k2r/ppqn1ppp/4pn2/2p1Nb2/P1BP1P2/2P1P3/6PP/R1BQ1RK1 w kq - 1 12
WB	-0.34	-1.23	c4e2	f1f2	r4rk1/ppqn1ppp/4pn2/2p1Nb2/P1BP1P2/2P1P3/R5PP/2BQ1RK1 w - - 3 13
WB	-1.47	-2.86	c3d4	d1d4	r4rk1/ppqn1ppp/4pn2/4Nb2/P1Bp1P2/2P1P3/R4RPP/2BQ2K1 w - - 0 14
WB	-3.82	-0.78	d4f4	d4f4	3r1rk1/ppq2ppp/4pn2/4Pb2/P1BQ4/2P1P3/R4RPP/2B3K1 w - - 1 16
WB	-3.08	-0.55	f4f3	f4f3	3r1rk1/ppq2p1p/4p3/4Pbp1/P3nQ2/2P1P3/R4RPP/2B2BK1 w - - 0 18
WB	-3.63	-1.33	c1a3	f3b7	3r1rk1/pp3p1p/4p3/4qbp1/P7/2P1PQ2/5RPP/2B2BK1 w - - 0 20
WB	1.63	-0.54	b2b4	a1b1	rnbqkbnr/2pppppp/1p6/6B1/3PP3/p1N2N2/PPP2PPP/R2QKB1R w KQkq - 0 6
WB	1.84	-0.69	f1d3	h2h4	rnbqkbnr/3ppppp/2p5/1p4B1/3PP3/1RN2N2/P1P2PPP/3QKB1R w Kkq - 0 9
WB	4.95	-1.80	d5c6	h4h5	rnbqkbnr/4p1pp/2pp4/1p1P1p2/4P2P/1RN1BN2/P1P2PP1/3QKB1R w Kkq - 0 12
WB	4.35	-1.38	d5c6	b3b4	rnbqkbnr/4p1pp/2pp4/3P2NP/1p2p3/1RN1B3/P1P2PP1/3QKB1R w Kkq - 0 14
WB	4.62	-1.03	e3b6	g5e4	rnbqkbnr/4p1p1/2pp3p/3P2NP/1R2p3/2N1B3/P1P2PP1/3QKB1R w Kkq - 0 15
WB	6.83	-1.72	d1f3	c4f1	rn1qkbnr/4p1p1/3p3p/3P1b1P/2B1N3/1RN1B3/P1P2PP1/3QK2R w Kkq - 1 18
WB	6.60	-0.54	f1b5	c3e4	rn1qkbnr/4p1p1/3p3p/3P3P/4b3/1RN1B3/P1P2PP1/3QKB1R w Kkq - 0 19
WB	7.00	-2.46	f1b5	e4c3	r2qkbnr/3np1p1/3p3p/3P3P/4N3/1R2B3/P1P2PP1/3QKB1R w Kkq - 1 20
WB	5.69	-1.42	e3d4	h5g6	r2qkbnr/3np3/3p2pp/3P3P/8/1RN1B3/P1P2PP1/3QKB1R w Kkq - 0 21
WB	1.90	-1.33	d3f4	d1a4	rnbqr1k1/pp3ppp/3p1n2/2p5/2P5/2PN2P1/P2PPPBP/R1BQK2R w KQ - 2 9
WB	1.24	-0.67	f2f3	d3f4	rn1qr1k1/pp3ppp/3p1n2/2p5/2P3b1/1QPN2P1/P2PPPBP/R1B1K2R w KQ - 6 11
WB	2.00	-0.95	d2d3	g2b7	rnbqr1k1/pp3ppp/3p1n2/2p5/2P2N2/1QP3P1/P2PPPBP/R1B1K2R w KQ - 8 12
WB	0.99	-5.35	e1g1	a1b1	r2qr1k1/pQ1n1ppp/3p1n2/2p5/2P2N2/2P3P1/P2PPP1P/R1B1K2R w KQ - 1 14
WB	-4.18	-0.66	b7b8	b7a7	1r1qr1k1/pQ1n1ppp/3p1n2/2p5/2P2N2/2P3P1/P2PPP1P/1RB1K2R w K - 3 15
WB	-3.77	-2.10	f4g2	c1e3	3qr1k1/Q4p1p/3p1n2/2p1n1p1/2P2N2/2PP2P1/P3PP1P/1rB2RK1 w - - 0 18
WB	-4.99	-0.81	a7a6	a7a4	3q2k1/Q3rp1p/3p1n2/2p1n1p1/2P2N2/2PPB1P1/P3PP1P/1r3RK1 w - - 2 19
WB	0.62	-0.62	c2c4	a2a4	r2qk2r/pppb1ppp/8/3p4/1b1Pn3/3B4/PPP2PPP/RNBQ1RK1 w kq - 2 8
WB	0.17	-4.79	e5f4	f3f5	2rqr1k1/ppp3pp/2b2p2/P2pB3/1b1Pn3/3B1Q2/1PP2PPP/RN3RK1 w - - 0 13
WB	-4.48	-0.64	b1c3	d3e4	2rqr1k1/ppp3pp/2b5/P2ppQ2/1b1Pn3/3B4/1PP2PPP/RN3RK1 w - - 0 14
WB	-1.11	-1.15	f5f7	a5a1	2r1r1k1/ppp3pp/2b5/R3PQ2/3q4/2N1p3/1PP2PPP/5RK1 w - - 0 18
WB	-1.72	-0.59	f5e5	a1a7	2r1r1k1/ppp3pp/2b5/4qQ2/8/2N5/1PP2RPP/R5K1 w - - 0 20
WB	-2.04	-1.15	a7a1	a7a3	2r1r1k1/Rpp3pp/2b5/5Q2/8/2N1q3/1PP2RPP/6K1 w - - 1 21
WB	1.60	-0.53	b2b4	a1b1	rnbqkbnr/2pppppp/1p6/6B1/3PP3/p1N2N2/PPP2PPP/R2QKB1R w KQkq - 0 6
WB	1.83	-0.52	f1d3	h2h4	rnbqkbnr/3ppppp/2p5/1p4B1/3PP3/1RN2N2/P1P2PPP/3QKB1R w Kkq - 0 9
WB	5.08	-2.00	d5c6	h4h5	rnbqkbnr/4p1pp/2pp4/1p1P1p2/4P2P/1RN1BN2/P1P2PP1/3QKB1R w Kkq - 0 12
WB	4.41	-1.27	d5c6	b3b4	rnbqkbnr/4p1pp/2pp4/3P2NP/1p2p3/1RN1B3/P1P2PP1/3QKB1R w Kkq - 0 14
WB	4.66	-1.01	e3b6	g5e4	rnbqkbnr/4p1p1/2pp3p/3P2NP/1R2p3/2N1B3/P1P2PP1/3QKB1R w Kkq - 0 15
WB	6.87	-1.67	d1f3	c4f1	rn1qkbnr/4p1p1/3p3p/3P1b1P/2B1N3/1RN1B3/P1P2PP1/3QK2R w Kkq - 1 18
WB	6.85	-1.14	f1b5	c3e4	rn1qkbnr/4p1p1/3p3p/3P3P/4b3/1RN1B3/P1P2PP1/3QKB1R w Kkq - 0 19
WB	7.01	-2.31	f1b5	e4c3	r2qkbnr/3np1p1/3p3p/3P3P/4N3/1R2B3/P1P2PP1/3QKB1R w Kkq - 1 20
WB	5.71	-1.42	e3d4	h5g6	r2qkbnr/3np3/3p2pp/3P3P/8/1RN1B3/P1P2PP1/3QKB1R w Kkq - 0 21
WB	1.41	-4.24	c1d2	c4d5	rnb1kb1r/pp3ppp/5n2/qN1pp3/2P5/2N5/PP2PPPP/R1BQKB1R w KQkq - 0 7
WB	-2.33	-0.82	e2e4	e2e3	rnb1kb1r/1p3ppp/p4n2/qN1Pp3/8/2N5/PP2PPPP/R1BQKB1R w KQkq - 0 8
WB	-3.05	-0.71	b5e2	d1d3	rn2kb1r/1p1b1ppp/5n2/qB1Pp3/8/2N1P3/PP3PPP/R1BQK2R w KQkq - 1 10
WB	-3.18	-0.57	e3e4	e1g1	rn2kb1r/1p3ppp/8/1N1np3/8/4P3/PP3PPP/R1B1K2R w KQkq - 0 13
WB	-3.46	-0.58	f1d1	a2a4	r3k2r/1p3ppp/n7/1Nbnp3/8/4P3/PP1B1PPP/R4RK1 w kq - 4 15
WB	-3.94	-0.97	d2b4	d2c3	r4rk1/1p3ppp/5n2/1Nb1p3/Pn2P3/8/1P1B1PPP/R3R1K1 w - - 3 18
BB	-0.41	1.37	b8c6	b8a6	rnbq1rk1/pp2ppbp/6p1/2p5/2BPPB2/2P2N2/P4PPP/R2QK2R b KQ - 4 9
BB	0.94	1.24	c5d4	c8e6	r1bq1rk1/pp2ppbp/n5p1/2p5/2BPPB2/2P2N2/P4PPP/R2Q1RK1 b - - 6 10
BB	1.42	0.95	g7e5	d8b6	r2q1rk1/pp2p1bp/n3p1p1/2p1B3/3PP3/2P2N2/P4PPP/R2Q1RK1 b - - 1 12
BB	2.09	0.88	d7c7	d7c8	r4r2/pp1qp1kp/n3p1p1/2pPN3/4P3/2P5/P4PPP/1R1Q1RK1 b - - 1 16
BB	2.87	0.58	b7b6	c5c4	r1q2r2/pp2p1kp/n3p1p1/2pPN3/4PP2/2P5/P5PP/1R1Q1RK1 b - - 0 17
BB	0.61	1.79	f6d7	h8h5	r2qkb1r/pp3pp1/2n1pn2/1B1p1b2/3P1B1p/P1N1PN1P/1P3PP1/R2QK2R b KQkq - 1 10
BB	0.00	0.85	a7a6	a7a5	r2qkb2/pp3pp1/2n1pn2/1B1p1b1r/3P1B1p/P1N1PN1P/1P3PPR/R2QK3 b Qq - 3 11
BB	0.22	1.77	g7g5	c8d8	2r1kb2/1p3pp1/1qn1pn2/p2pNb1r/B2P1B1p/P1N1P2P/1P2QPPR/R3K3 b Q - 5 14
BB	-0.72	0.85	f5g6	h5h6	3rkb2/5pp1/1qp1pn2/p2pBb1r/B2P3p/P1N1P2P/1P2QPPR/R3K3 b Q - 1 16
BB	-0.15	3.51	f6d7	h6g6	3rkb2/5pp1/1qp1pn1r/p2pBb2/B2P3p/P1N1P2P/1P2QPPR/2R1K3 b - - 3 17
BB	0.00	4.10	f6d7	f6e4	3rkb2/5pp1/1qp1pnr1/p2pBb2/B2P3p/P1N1P2P/1P2QPPR/2R2K2 b - - 5 18
BB	3.94	3.08	d8c8	d8d7	3rkb2/5pp1/1qp1p1r1/p2pBb2/B2PN2p/P3P2P/1P2QPPR/2R2K2 b - - 0 19
BB	7.15	0.77	b6d8	b6d8	4kb2/3r1pp1/1qR1p1r1/p2pBb2/B2PN2p/P3P2P/1P2QPPR/5K2 b - - 0 20
WB	0.32	-0.64	g1f3	b1c3	rnbqkb1r/pppppp1p/5np1/8/8/1P6/PBPPPPPP/RN1QKBNR w KQkq - 2 3
WB	0.27	-0.76	e2e3	c3a4	rnbqkb1r/pp3p1p/5np1/2Ppp3/8/1PN5/PBP1PPPP/R2QKBNR w KQkq - 0 6
WB	6.09	-0.53	b3b4	d1d4	r1b1k3/pp3p1p/6pb/q1P5/N2nn3/1PP1P3/P4PPP/R2QKBNR w KQq - 0 12
WB	8.32	-0.99	f2f3	h2h4	8/ppk2p1p/6pb/2P5/N2Nn1b1/1PP1P3/P4PPP/4KB1R w K - 4 18
WB	1.21	-0.66	c4d5	d1c2	r1bqkbnr/pp2pppp/n1p5/3p4/2PP4/5N2/PP2PPPP/RNBQKB1R w KQkq - 1 4
WB	1.07	-0.64	c2a4	c2c3	r1bqkbnr/pp2pppp/2p5/3p4/1nPP4/5N2/PPQ1PPPP/RNB1KB1R w KQkq - 3 5
WB	4.20	-0.78	c4d3	c4c3	r2qkbnr/pp3ppp/2p1b3/4p3/2QP4/5N2/PP2PPPP/RNB1KB1R w KQkq - 1 8
WB	4.88	-8.50	a2a3	b1a3	r2qkbnr/1p4pp/2p1p3/p7/8/2Q5/PP2PPPP/RNB1KB1R w KQkq - 0 11
WB	-3.40	-0.99	a3b1	c3d2	r2qk1nr/1p4pp/2p1p3/p7/1b6/N1Q5/PP2PPPP/R1B1KB1R w KQkq - 2 12
WB	-3.08	-1.45	d2c3	a1b1	r3k1nr/1p4pp/2p1p3/p7/3q4/N7/PP1BPPPP/R3KB1R w KQkq - 1 14
WB	-2.91	-0.85	e2e3	b1a1	2kr2nr/6pp/1pp1p3/3q4/8/N1B5/PP2PPPP/1R2KB1R w K - 2 17
WB	-1.50	-1.42	f1a6	h2h4	2kr2nr/6p1/1pp5/3qp2p/8/N1B1P3/PP3PPP/R3KB1R w K - 0 19
BB	0.50	1.62	a7a6	h7h5	r1b1k1nr/ppp1ppbp/2nq2p1/1B1p4/3P4/2N1PN2/PPP2PPP/R1BQ1RK1 b kq - 4 6
BB	0.75	1.19	g8f6	g7e5	r1b1k1nr/ppp1ppb1/2nq2p1/1B1pN2p/3P4/2N1P3/PPP2PPP/R1BQ1RK1 b kq - 1 7
BB	1.73	2.44	d6e5	d6c5	r1b1k1nr/ppp1pp2/2nq2p1/1B1pP2p/8/2N1P3/PPP2PPP/R1BQ1RK1 b kq - 0 8
BB	2.84	3.63	e8f8	c5b5	r1b1k1nr/ppp1pp2/2n3p1/1BqNP2p/8/4P3/PPP2PPP/R1BQ1RK1 b kq - 0 9
BB	6.22	0.59	h5h4	c6e5	r1b2knr/pp2pp2/2n3p1/1N2P2p/8/4P3/PPP2PPP/R1BQ1RK1 b - - 0 11
BB	6.50	1.33	h5h4	f8g7	r1b2knr/pp2pp2/6p1/1N2n2p/3Q4/4P3/PPP2PPP/R1B2RK1 b - - 1 12
BB	7.73	0.56	h5h4	a7a5	r1b3nr/ppQ1p1k1/5pp1/1N5p/8/4P3/PPP2PPP/R1B2RK1 b - - 1 14
BB	7.52	0.76	h4h3	h8h5	r1b3nr/1pQ1p1k1/5pp1/p7/3N3p/4P3/PPPB1PPP/R4RK1 b - - 1 16
BB	8.15	1.02	g7h8	b7b5	r1b3n1/1pQ1p1k1/5pp1/7r/3N3p/P3P2P/P1PB1PP1/3R1RK1 b - - 0 19
BB	-0.61	0.97	d7d5	d8a5	r1bqkb1r/pp1ppppp/2n2n2/2p5/4PP2/3PB3/PPP3PP/RN1QKBNR b KQkq - 0 4
BB	-0.67	0.90	e7e5	h7h5	r1b1kb1r/pp2pppp/2n2n2/q1pp4/4PP2/2PPB3/PPQ3PP/RN2KBNR b KQkq - 1 6
BB	0.27	0.54	g7g6	a8b8	r1b1kb1r/pp2ppp1/2n2n2/q1pp3p/4PP2/2PPBN2/PPQ3PP/RN2KB1R b KQkq - 1 7
BB	-0.68	1.00	g7g6	c8g4	1rb1kb1r/pp2ppp1/2n2n2/q1pp3p/4PP2/2PPBN2/PPQ3PP/RN2KBR1 b Qk - 3 8
BB	-0.89	0.78	g4f3	d5d4	1r2kb1r/pp2ppp1/2n2n2/q1pp3p/4PPb1/2PPBN1P/PPQ3P1/RN2KBR1 b Qk - 0 9
BB	-0.11	3.24	a5d8	c6b4	1r2kb1r/pp2ppp1/2n2n2/q1p4p/1P1pPPb1/2PPBN1P/P1Q3P1/RN2KBR1 b Qk - 0 10
BB	2.95	1.71	a5d8	a5b4	1r2kb1r/pp2ppp1/5n2/q1p4p/1P1pPPb1/3PBN1P/P1Q3P1/RN2KBR1 b Qk - 0 11
BB	4.74	0.73	e7e6	g7g6	1r2kb1r/pp2ppp1/3q1n2/2p1N3/P2pPPp1/N2P4/2QB2P1/R3KBR1 b Qk - 4 16
BB	4.87	0.56	d6b6	d6b6	1r2kb1r/pp2pp2/3q1np1/1Np1N3/P2pPPp1/3P4/2QB2P1/R3KBR1 b Qk - 1 17
BB	5.26	2.65	a7a6	b8d8	1r2kb1r/pp2pp2/1q3np1/1Np1N3/P2pPPp1/3P4/2QB2P1/1R2KBR1 b k - 3 18
BB	7.76	992.23	b6b5	b6e6	3rkb1r/pp2pp2/1q3np1/PNp1N3/3pPPp1/3P4/2QB2P1/1R2KBR1 b k - 0 19
BB	0.36	0.95	e5d4	h7h5	1rb2r2/p1qn1pkp/2pp1np1/1p2p3/1P1PP3/3B1N1P/P1PQNPP1/R4RK1 b - - 2 13
BB	0.91	1.09	a7a5	f8h8	1rb2r2/p1qn1pk1/2pp1np1/1p2p2p/1P1PP3/3B1N1P/P1PQNPP1/2R2RK1 b - - 1 14
BB	0.84	1.18	d6d5	c8b7	1rb4r/p1qn1pk1/2pp1np1/1p2p2p/1P1PP3/2PB1N1P/P2QNPP1/2R2RK1 b - - 0 15
BB	1.40	2.33	d6c5	b7e4	1r5r/pbqn1pk1/3p1np1/1pP1p2p/3PP3/2P2N1P/P2QNPP1/1BR2RK1 b - - 0 17
BB	-1.99	0.53	e4b1	d7c5	1r5r/p1qn1pk1/5np1/1pP1p1Np/4b3/2P4P/P2QNPP1/1BR2RK1 b - - 1 19
BB	-2.52	2.07	f6d5	e4f5	1r5r/p1q2pk1/5np1/1pn1p1Np/4b3/2P1Q2P/P3NPP1/1BR2RK1 b - - 1 20
WB	1.27	-1.15	b5c6	b5d3	r1bqkb1r/1pp1pppp/p1n5/1B1p4/3PnB2/4PN2/PPP2PPP/RN1QK2R w KQkq - 0 6
WB	0.81	-0.60	b1d2	b1c3	r1bqkb1r/1pp2ppp/p1n1p3/3p4/3PnB2/3BPN2/PPP2PPP/RN1QK2R w KQkq - 0 7
WB	3.86	-0.63	d1d3	e1g1	r1bqk2r/2p3pp/p1p1p3/5p2/3P1P2/5N2/PPP2PPP/R2QK2R w KQkq - 0 12
WB	3.89	-0.64	f1e1	f3e5	r1b2rk1/2p3pp/p1p1p3/3q1p2/3P1P2/3Q1N2/PPP2PPP/R4RK1 w - - 4 14
WB	3.77	-1.22	f1d1	a2a4	r1br2k1/2p3pp/p1p1p3/3qNp2/3P1P2/3Q4/PPP2PPP/R4RK1 w - - 6 15
WB	3.39	-0.96	d3f3	d3d4	r1br2k1/2p3pp/p1p1p3/4Np2/P2q1P2/3Q4/1PP2PPP/R4RK1 w - - 0 16
WB	2.48	-0.77	a1d1	e5d3	r1b3k1/2p3pp/p1p1p3/4Np2/P2r1P2/8/1PP2PPP/R4RK1 w - - 0 17
WB	3.12	-1.29	a1d1	d3e5	8/r1pb1kpp/p1p1p3/P4p2/3r1P2/3N4/1PP2PPP/R3R1K1 w - - 1 20
WB	4.60	-4.52	a1d1	e5d7	8/r1pb2pp/p1p1pk2/P3Np2/3r1P2/8/1PP2PPP/R3R1K1 w - - 3 21
BB	-0.91	0.78	b7c6	d7c6	r1bqkb1r/pp1p1ppp/n1P1pn2/8/8/4B3/PPP1PPPP/RN1QKBNR b KQkq - 0 5
BB	-0.33	0.91	a6c5	a8d8	r3kb1r/pp3pp1/n1p1b3/3pN2p/8/8/PPPBPPPP/2KR1B1R b - - 3 12
BB	-0.81	0.71	f7f6	f8e7	3rkb1r/pp3pp1/n1p1b3/3pN1Bp/8/8/PPP1PPPP/2KR1B1R b - - 5 13
BB	0.07	1.40	a6c5	d5e4	3r3r/pp2kpp1/n1p1b3/3pN2p/4P3/8/PPP2PPP/2KR1B1R b - - 0 15
BB	1.40	4.90	d8d1	b7a6	3r3r/pp2kpp1/B1p1b3/4N2p/4p3/8/PPP2PPP/2KR3R b - - 0 16
BB	6.39	0.58	h5h4	e6a2	3N3r/p4pp1/p3bk2/7p/4p3/8/PPP2PPP/2KR3R b - - 0 18
BB	-0.56	0.88	c6d4	c8g4	r1bq1rk1/1pp2pbp/p1np1np1/6B1/B2NP3/2P5/PP3PPP/RN1Q1RK1 b - - 0 10
BB	0.20	1.07	c6e4	g7e5	r4rk1/1pB2pbp/p1bp2p1/8/4P3/2P5/PP3PPP/RN3RK1 b - - 0 14
BB	0.96	3.53	f8c8	f8e8	r4rk1/1pB2p1p/p1bp2p1/4b3/4PP2/2P5/PP4PP/RN3RK1 b - - 0 15
BB	4.74	0.79	c6b5	g7g8	r3r3/1pB2pkp/p1b3p1/4p3/2N1P3/2P5/PP4PP/R4RK1 b - - 3 18
BB	4.75	1.11	c6e4	c8d8	2r1r1k1/1p3p1p/p1bB2p1/4N3/4P3/2P5/PP4PP/R4RK1 b - - 2 20
BB	-2.97	2.92	d8d2	h5g6	2kr1b1r/pp3ppp/2n1p3/7b/8/2P1PN1P/PP1NB1P1/R4RK1 b - - 2 13
BB	0.06	0.52	d8c7	a7a5	2kb4/pp3pp1/4p1b1/4N2p/8/2P1P2P/PP2B1P1/6K1 b - - 0 20
WB	0.63	-0.52	d2d4	e1g1	r1bqkb1r/ppp1pppp/2n2n2/3p4/8/5NP1/PPPPPPBP/RNBQK2R w KQkq - 2 4
WB	5.15	-1.41	a1d1	g5f4	r2q1rk1/pp3ppp/4bn2/2pp2B1/8/2NQ1BP1/PPP1PP2/R4RK1 w - - 0 12
WB	4.76	-1.24	f4g5	a2a4	2rq1rk1/pp3ppp/4bn2/2pp4/5B2/2NQ1BP1/PPP1PP2/R4RK1 w - - 2 13
WB	3.80	-0.60	f4e5	a4a5	2rq1rk1/pp3pp1/4bn1p/2pp4/P4B2/2NQ1BP1/1PP1PP2/R4RK1 w - - 0 14
WB	3.90	-1.00	f1d1	a1a4	2rq1rk1/1p3pp1/p3bn1p/P1pp4/5B2/2NQ1BP1/1PP1PP2/R4RK1 w - - 0 15
WB	3.09	-0.82	e2e4	f1d1	2rqr1k1/1p3pp1/p3bn1p/P1pp4/R4B2/2NQ1BP1/1PP1PP2/5RK1 w - - 2 16
WB	5.55	-0.91	a4c4	d5d3	2r1r1k1/1p4p1/p6p/P1pR1p2/R4Bb1/5BP1/1PP1PP2/6K1 w - - 0 20
WB	5.72	-0.57	f3g4	f3d5	2r1r1k1/1p6/p6p/P1p2pp1/R4Bb1/3R1BP1/1PP1PP2/6K1 w - - 0 21
BB	0.24	1.11	c8d7	a8b8	r1b1kb1r/ppq1pppp/2n2n2/1Bpp4/8/2NPPN2/PPP2PPP/R1BQ1RK1 b kq - 0 6
BB	0.52	1.15	e7e6	h7h5	1rb1kb1r/ppq1pppp/2n2n2/1Bpp4/8/2NPPN2/PPPB1PPP/R2Q1RK1 b k - 2 7
BB	1.08	1.01	a7a6	h5h4	1rb1kb1r/ppq1ppp1/2n2n2/1Bpp3p/8/2NPPN1P/PPPB1PP1/R2Q1RK1 b k - 0 8
BB	0.64	1.34	a7a6	c5c4	1rb1kb1r/ppq1ppp1/2n2n2/1Bpp4/3P3p/2N1PN1P/PPPB1PP1/R2Q1RK1 b k - 0 9
BB	0.73	1.68	c8f5	h8h5	1rb1kb1r/ppq1ppp1/2n2n2/1B1p4/2pP3p/2N1PN1P/PPPB1PP1/1R1Q1RK1 b k - 1 10
BB	0.94	0.75	a7a6	b8d8	1r2kb2/ppq1pp2/2n2np1/1B1pNb1r/P1pP3p/2N1P2P/1PPB1PP1/1R1Q1RK1 b - - 2 13
BB	-0.39	2.04	b4c3	b4d6	r1b2rk1/pppp1pp1/2n1pq1p/8/1bPP4/P1N1PN2/1P3PPP/R2QKB1R b KQ - 0 8
BB	1.46	0.59	g7g6	a7a5	r1b2rk1/pppp1pp1/2nbpq1p/8/2PP4/P1NBPN2/1P3PPP/R2QK2R b KQ - 2 9
BB	-0.42	0.88	f7f5	b7b6	r1b2rk1/1ppp1pp1/3b3p/p2Pq3/4P3/P1NB4/1P3PPP/R2QK2R b KQ - 0 13
BB	-2.53	1.07	c6b4	h7h5	r2qkbnr/ppp2ppp/2n1b3/3pP3/8/3B4/PB1N1PPP/RQ2K1NR b KQkq - 2 8
BB	-2.98	1.70	d5d4	a8b8	r2qkbnr/ppp2pp1/2n1b3/3pP2p/8/2BB4/P2N1PPP/RQ2K1NR b KQkq - 1 9
BB	-1.60	0.68	d5d4	h8h6	1r1qkbnr/ppp2pp1/2n1b3/3pP2p/8/2BB1N2/P2N1PPP/RQ2K2R b KQk - 3 10
BB	-2.30	4.81	g8e7	g8f6	1r1qkbn1/ppp2ppB/2n1b2r/3pP2p/8/2B2N2/P2N1PPP/RQ2K2R b KQ - 5 11
BB	2.39	0.71	h6f6	g7f6	1r1qkb2/ppp2ppB/2n1bP1r/3p3p/8/2B2N2/P2N1PPP/RQ2K2R b KQ - 0 12
BB	2.86	1.55	c6d4	d6e5	1r2kb2/ppp2p1B/2nqbp1r/3p3p/3N4/2B5/P2N1PPP/RQ3RK1 b - - 3 14
BB	4.60	0.60	e5c3	e5c3	1r2kb2/ppp2p1B/2N1bp1r/3pq2p/8/2B5/P2N1PPP/RQ3RK1 b - - 0 15
BB	4.58	1.46	f8a3	c3d2	1N2kb2/ppp2p1B/4bp1r/3p3p/8/2q5/P2N1PPP/RQ3RK1 b - - 0 16
BB	-0.19	3.59	d2c2	d2f4	1N2kb2/ppp2p1B/4bp1r/3p3p/8/8/P1Qq1PPP/R4RK1 b - - 1 17
BB	3.18	0.51	f4c4	f4c4	1N2kb2/ppp2p1B/4bp1r/3p3p/5q2/6P1/P1Q2P1P/R4RK1 b - - 0 18
BB	2.97	1.29	f6f5	b7b5	1N2kb2/ppp2p1B/4bp1r/3p3p/2q5/6P1/P1Q2P1P/1R3RK1 b - - 2 19
WB	1.23	-0.76	b3a4	b3b5	r1br2k1/ppp1bpp1/4p2p/n1Pp1q2/3P4/1QN1PN2/PP2BPPP/2R2RK1 w - - 1 13
WB	0.31	-1.34	b5b3	f3e5	r1br2k1/ppp1bpp1/2n4p/1QPppq2/3P4/2N1PN2/PP2BPPP/2R2R1K w - - 0 15
WB	-0.40	-0.52	b5d3	b5b4	r1br2k1/1pp1bpp1/p6p/1QPpPq2/8/2N1P3/PP2BPPP/2R2R1K w - - 0 17
WB	-0.71	-0.65	b4b3	b4b5	r1br2k1/1pp1bpp1/7p/p1Ppq3/1Q6/2N1P3/PP2BPPP/3R1R1K w - - 0 19
WB	-0.62	-0.54	c3a4	d1d4	r2r2k1/1p1bbpp1/1Qp4p/p1Ppq3/8/2N1P3/PP2BPPP/3R1R1K w - - 2 21
WB	1.97	-7.07	c4d5	d4d5	r1bqkb1r/ppp2ppp/5n2/3p4/2PQ4/2N3P1/PP2PP1P/R1B1KB1R w KQkq - 0 8
WB	-4.74	-1.68	f1g2	e2e4	r1bqk2r/ppp2ppp/8/3P4/1b6/2N3P1/PP2PP1P/R1B1KB1R w KQkq - 1 10
WB	-4.83	-2.47	f1g2	a2a4	r1bq1rk1/ppp2ppp/8/3P4/1b2P3/2N3P1/PP3P1P/R1B1KB1R w KQ - 1 11
WB	-4.89	-0.70	c1e3	h2h4	r1bq1rk1/ppp3pp/5p2/3P4/Pb2P3/2N3P1/1P3P1P/R1B1KB1R w KQ - 0 12
WB	-2.96	-0.57	f1c4	e1c1	r1bq1rk1/ppp4p/8/3P1p2/Pb2P2R/2N1B1P1/1P3P2/R3KB2 w Q - 0 15
WB	-2.83	-1.46	c3e4	h4e4	r1bq1rk1/ppp4p/8/3P4/Pb2p2R/2N1B1P1/1P3P2/2KR1B2 w - - 0 16
WB	-3.08	-1.46	f1c4	c1c2	r1bq1rk1/ppp4p/3b4/3P4/P3R3/2N1B1P1/1P3P2/2KR1B2 w - - 1 17
WB	-3.37	-0.52	g3g4	c4f7	r2q2k1/p4r1p/2pb4/5b2/P1B1R3/2N1B1P1/1PK2P2/3R4 w - - 2 21
WB	0.04	-0.51	d1f3	f2f4	rnbqk2r/4bppp/p2ppn2/1p6/3NP3/1BN5/PPP2PPP/R1BQ1RK1 w kq - 2 9
WB	3.52	-0.67	f1f7	d1h5	rnbq1rk1/3n1ppp/p3p3/1p2P3/1b1N4/1BN1B3/PPP3PP/R2Q1RK1 w - - 3 13
WB	3.31	-4.56	h5f3	h5g5	rnbq1rk1/3n1p1p/p3p1p1/1p2P2Q/1b1N4/1BN1B3/PPP3PP/R4RK1 w - - 0 14
WB	0.75	-1.54	c3e4	a1e1	rnb1r1k1/3n1p1p/p3p1p1/1p2P1B1/1b1N4/1BN5/PPP3PP/R4RK1 w - - 1 16
BB	-1.32	0.91	c8d7	c8e6	r1bqkbnr/ppp2ppp/2n5/4p3/Q1p5/6PN/PP1PPPBP/RNB1K2R b KQkq - 3 5
BB	-1.99	1.20	e6d7	e8e7	r2qkbnr/p1p2ppp/2Q1b3/4p3/2p5/6PN/PP1PPP1P/RNB1K2R b KQkq - 0 7
BB	-3.58	1.75	e7f6	e7e8	r2q1bnr/p1p1kppp/8/2Qbp1N1/2p5/6P1/PP1PPP1P/RNB1K2R b KQ - 4 9
BB	-2.11	0.64	a8b8	g8f6	r2qkbnr/pQ3ppp/2p5/3bp1N1/2p5/6P1/PP1PPP1P/RNB1K2R b KQ - 1 11
BB	-3.13	3.13	f6d7	h7h5	r2qkb1r/pQ3ppp/2p2n2/3bp1N1/2p5/6P1/PP1PPP1P/RNB2RK1 b - - 3 12
BB	0.00	0.81	a8b8	f7f5	r2qkb1r/pQ3pp1/2p5/4p2p/2p1b3/6P1/PP1P1P1P/RNB1R1K1 b - - 1 15
BB	-1.88	3.31	a8c8	h8h6	r2qkb1r/pQ4p1/2p5/4pp1p/2p1b3/P5P1/1P1P1P1P/RNB1R1K1 b - - 0 16
BB	1.48	4.50	a8b8	e4d3	r2qkb2/pQ4p1/2p4r/4pp1p/2p1b3/P2P2P1/1P3P1P/RNB1R1K1 b - - 0 17
BB	3.99	2.32	e5e4	g7h6	r2qkb2/pQ4p1/2p4B/4pp1p/2p5/P2b2P1/1P3P1P/RN2R1K1 b - - 0 18
BB	2.92	0.63	d8b6	a8b8	r2q1b2/p4k2/2Q4p/4Rp1p/2p5/P2b2P1/1P3P1P/RN4K1 b - - 0 20
BB	-1.82	1.47	f7f6	e7g6	rnbqkb1r/ppp1nppp/8/3pN3/4p3/2N1P3/PPPP1PPP/R1BQKB1R b KQkq - 3 6
BB	-1.90	0.94	d8g5	c8f5	r1bqkb1r/ppp2pp1/2n3p1/1B1p4/4p3/2N1P3/PPPP1PPP/R1BQK2R b KQkq - 3 9
BB	-9.36	7.14	d8h4	h8h5	r2qkb1r/ppp2pp1/2n3p1/1B1p1b2/4p3/2N1P3/PPPP1PPP/R1BQ1RK1 b kq - 5 10
BB	-5.20	3.78	d8h4	a7a5	r2qkb2/ppp2pp1/2n3p1/1B1p1b1r/3Pp3/2N1P3/PPP2PPP/R1BQ1RK1 b q d3 0 11
BB	-4.84	3.48	d8h4	f8b4	r2qkb2/1pp2pp1/2n3p1/pB1p1b1r/3Pp3/2N1P3/PPPB1PPP/R2Q1RK1 b q - 1 12
BB	-4.70	1.14	d8h4	a5b4	r2qk3/1pp2pp1/2n3p1/pB3b1r/1B1Pp3/4P3/PPP2PPP/R2Q1RK1 b q - 0 14
BB	-5.63	2.01	d8h4	f5e6	r2qk3/1pp2pp1/2n3p1/1B3b1r/1p1Pp3/4P3/PPP2PPP/R2QR1K1 b q - 1 15
BB	-5.27	1.00	h5d5	a8a2	r3k3/1pp2pp1/2q1b1p1/7r/1p2p3/4P3/PPPQ1PPP/R3R1K1 b q - 1 18
BB	-5.30	1005.29	c6d6	a2b2	4k3/1pp2pp1/2q1b1p1/7r/1p2p3/4P3/rPPQ1PPP/R2R2K1 b - - 1 19
WB	1.76	-0.51	e4e5	g1f3	rnbqkb1r/pppppppp/5n2/8/3PP3/2N5/PPP2PPP/R1BQKBNR w KQkq - 3 4
WB	3.34	-2.30	d4d5	c1g5	r1bqkb1r/pppppppp/2n2n2/8/3PP3/2N2N2/PPP2PPP/R1BQKB1R w KQkq - 5 5
WB	3.11	-1.20	e4e5	h2h4	r1bqkb1r/pppppppp/5n2/n5B1/3PP3/2N2N2/PPP2PPP/R2QKB1R w KQkq - 7 6
WB	3.38	-1.41	d4d5	a2a4	r1bqkbr1/pppppppp/5n2/n5B1/3PP2P/2N2N2/PPP2PP1/R2QKB1R w KQq - 1 7
WB	2.55	-0.80	g5d2	g5e3	r1bqkbr1/ppppppp1/5n1p/n5B1/P2PP2P/2N2N2/1PP2PP1/R2QKB1R w KQq - 0 8
WB	3.52	-1.98	e4e5	f3e5	r1bqkbr1/ppppppp1/5n1p/n7/P2PP2P/2N2N2/1PPB1PP1/R2QKB1R w KQq - 4 10
WB	2.85	-1.31	d4d5	h1h3	r1bqkb1r/ppppppp1/5n1p/n3N3/P2PP2P/2N5/1PPB1PP1/R2QKB1R w KQq - 6 11
WB	4.28	-1.58	f1d3	f1b5	1rbqkb2/pppppppr/5n1p/n3N3/P2PP2P/2N3R1/1PPB1PP1/R2QKB2 w Q - 10 13
WB	4.36	-1.03	b5d3	h4h5	r1bqkb2/pppppppr/5n1p/nB2N3/P2PP2P/2N3R1/1PPB1PP1/R2QK3 w Q - 12 14
WB	5.08	-1.84	e5g6	d2f4	1rbqkb2/pppppppr/5n1p/nB2N2P/P2PP3/2N3R1/1PPB1PP1/R2QK3 w Q - 1 15
WB	4.73	-1.79	c3d5	f4e3	r1bqkb2/pppppppr/5n1p/nB2N2P/P2PPB2/2N3R1/1PP2PP1/R2QK3 w Q - 3 16
WB	4.66	-1.04	e5g6	e3f4	1rbqkb2/pppppppr/5n1p/nB2N2P/P2PP3/2N1B1R1/1PP2PP1/R2QK3 w Q - 5 17
WB	4.67	-1.43	b5d3	f4e3	r1bqkb2/pppppppr/5n1p/nB2N2P/P2PPB2/2N3R1/1PP2PP1/R2QK3 w Q - 7 18
WB	-0.27	-0.82	c3b5	h2h4	r1bq1rk1/ppp2ppp/2nbpn2/3p4/P2P4/2N1PN2/1PPB1PPP/R2QKB1R w KQ - 1 7
WB	-0.57	-0.71	f1d3	f3g5	r1bq1rk1/p1p2ppp/1pnbpn2/3p4/P2P3P/2N1PN2/1PPB1PP1/R2QKB1R w KQ - 0 8
WB	-0.96	-1.06	f2f4	h1h3	r2q1rk1/pbp2ppp/1pnbpn2/3p2N1/P2P3P/2N1P3/1PPB1PP1/R2QKB1R w KQ - 2 9
WB	-0.81	-0.55	f2f4	c3b5	r2q1rk1/pbp2ppp/1pn1pn2/3p2N1/Pb1P3P/2N1P2R/1PPB1PP1/R2QKB2 w Q - 4 10
WB	-0.78	-0.81	f2f4	f1d3	r1bq1rk1/p1p2ppp/1pn1pn2/1N1p2N1/P2P3P/4P2R/1PPQ1PP1/R3KB2 w Q - 1 12
WB	-1.21	-1.74	d2c3	h3f3	r1bq1rk1/p1p2ppp/1pn2n2/1N1pp1N1/P2P3P/3BP2R/1PPQ1PP1/R3K3 w Q - 0 13
WB	-2.71	-0.71	f3f6	d2c3	r1bq1rk1/p1p2ppp/1pn2n2/1N1p2N1/P2Pp2P/3BPR2/1PPQ1PP1/R3K3 w Q - 0 14
WB	-0.50	-2.07	g5f3	g2f3	1rbq1rk1/p1p2ppp/1pQ2n2/1N1p2N1/P2P3P/3BPp2/1PP2PP1/R3K3 w Q - 1 16
WB	3.47	-2.10	d4d5	c1g5	r1bqkb1r/pppppppp/2n2n2/8/3PP3/2N2N2/PPP2PPP/R1BQKB1R w KQkq - 5 5
WB	2.88	-0.83	e4e5	h2h4	r1bqkb1r/pppppppp/5n2/n5B1/3PP3/2N2N2/PPP2PPP/R2QKB1R w KQkq - 7 6
WB	3.42	-1.36	d4d5	a2a4	r1bqkbr1/pppppppp/5n2/n5B1/3PP2P/2N2N2/PPP2PP1/R2QKB1R w KQq - 1 7
WB	2.54	-0.75	g5d2	g5e3	r1bqkbr1/ppppppp1/5n1p/n5B1/P2PP2P/2N2N2/1PP2PP1/R2QKB1R w KQq - 0 8
WB	3.58	-2.06	e4e5	f3e5	r1bqkbr1/ppppppp1/5n1p/n7/P2PP2P/2N2N2/1PPB1PP1/R2QKB1R w KQq - 4 10
WB	4.60	-0.80	d1d3	e3d4	r1b1k1r1/pppp1pp1/4pq1p/8/Pb2P2P/2N1B2R/1PP2PP1/R2QKB2 w Qq - 2 15
WB	5.11	-1.14	f1c4	a4a5	r1b2kr1/pppp1pp1/5q1p/4p3/P3P2P/2P1B2R/2P2PP1/R2QKB2 w Q - 1 18
WB	4.75	-0.54	c3c4	h4h5	r1b2k1r/pppp1pp1/4q2p/P3p3/4P2P/2P1BR2/2P2PP1/R2QKB2 w Q - 3 20
WB	5.42	-0.73	a1a4	f3g3	r1b2k2/pppp1ppr/4q2p/P3p2P/4P3/2P1BR2/2P2PP1/R2QKB2 w Q - 1 21
BB	-1.01	0.83	e5e4	f6e4	r1bqkb1r/ppp2ppp/2n2n2/3pp3/1P1P4/P1N2N2/2P1PPPP/R1BQKB1R b KQkq - 0 5
BB	-5.32	5.50	d4c2	d4c6	r1b1kb1r/ppp2ppp/8/4N3/1PPnp3/P7/4PPPP/R1B1KB1R b KQkq - 0 9
BB	-3.09	2.71	c6d4	c8e6	r1b1kb1r/ppp2ppp/2n5/4N3/1PP1pP2/P7/4P1PP/R1B1KB1R b KQkq f3 0 10
BB	-3.38	3.05	c6d4	e8c8	r3kb1r/ppp2ppp/2n1b3/4N3/1PP1pP1P/P7/4P1P1/R1B1KB1R b KQkq - 0 11
BB	-2.46	2.30	c6d4	f8e7	2kr1b1r/ppp2ppp/2n1b3/4N3/1PP1pPPP/P7/4P3/R1B1KB1R b KQ - 0 12
BB	-2.83	2.39	c6d4	h7h6	2kr3r/ppp1bppp/2n1b3/4N2P/1PP1pPP1/P7/4P3/R1B1KB1R b KQ - 0 13
BB	-1.89	2.70	c6e5	c8b8	2kr3r/ppp1bpp1/2n1b2p/4N2P/1PP1pPP1/P3P3/8/R1B1KB1R b KQ - 0 14
BB	-4.78	2.98	d8d1	e7g5	1k1r3r/ppp1bpp1/7p/1P2P2P/P1P1p3/4Pb1R/8/R1B1KB2 b Q - 2 18
BB	-3.58	0.90	d8d1	h8e8	1k1r3r/ppp2pp1/7p/PP2P1bP/2P1p3/4Pb1R/8/R1B1KB2 b Q - 0 19
BB	-4.45	1.28	d8d1	e8e5	1k1rr3/ppp2pp1/P6p/1P2P1bP/2P1p3/4Pb1R/8/R1B1KB2 b Q - 0 20
WB	1.24	-0.86	e2e3	a2a4	r1bqk1nr/ppp3pp/2n1pp2/3p4/1bPP4/5N2/PPQBPPPP/RN2KB1R w KQkq - 4 6
WB	0.84	-0.77	a4a5	h2h4	r1bqk2r/ppp3pp/2n1pp1n/3p4/PbPP4/5N2/1PQBPPPP/RN2KB1R w KQkq - 1 7
WB	-0.36	-2.81	c2d3	c2e4	r1bqk2r/ppp3pp/4pp2/3P4/Pb1n3P/8/1PQBPPP1/RN2KB1R w KQkq - 0 10
WB	-0.31	-4.03	a1c1	g2g4	r1b1k2r/ppp3pp/4pp2/3q4/P2nQ2P/8/1P1NPPP1/R3KB1R w KQkq - 0 12
WB	-0.25	-0.66	h1h3	a1a3	r1b1k2r/pppq2pp/4pp2/8/P2nQ1PP/8/1P1NPP2/R3KB1R w KQkq - 1 13
WB	-0.07	-1.65	f1b5	g4g5	r1b1k2r/pppq2pp/2n2p2/4p3/P3Q1PP/R3P3/1P1N1P2/4KB1R w Kkq - 1 15
WB	4.46	-4.46	a3d3	a3c3	r1bk3r/pppq2pp/2n2p2/4p1P1/P3Q2P/R3P3/1P1N1P2/4KB1R w K - 1 16
WB	0.00	-0.54	e4c4	e4f3	r1bk3r/pppq2pp/2n5/4ppP1/P3Q2P/2R1P3/1P1N1P2/4KB1R w K - 0 17
WB	-0.34	-1.09	f1e2	h4h5	r1bk3r/pppq2pp/8/4npP1/P3p2P/2R1P3/1P1N1P2/3QKB1R w K - 2 19
WB	4.49	-2.72	f1c4	h6g7	r1bk2r1/pppq2pp/2n4P/5pP1/P3p3/2R1P3/1P1N1P2/3QKB1R w K - 1 21
WB	2.58	-0.83	c4c5	c1d2	r1b1k2r/pppp1ppp/n2bpq1n/8/2PP4/2N1PN2/PP3PPP/R1BQKB1R w KQkq - 1 6
WB	4.32	-1.01	c3e4	h2h4	r1b1k2r/pppp1ppp/4pq2/2b2n2/8/2N1PN2/PP1B1PPP/R2QKB1R w KQkq - 0 9
WB	4.19	-1.08	c3e4	f3g5	r1b2rk1/pppp1ppp/4pq2/2b2n2/7P/2N1PN2/PP1B1PP1/R2QKB1R w KQ - 1 10
WB	4.14	-0.70	d1c2	h1h3	r1b2rk1/pppp1ppp/3bpq2/5nN1/7P/2N1P3/PP1B1PP1/R2QKB1R w KQ - 3 11
WB	5.06	-1.86	d1h5	e3e4	r1b2rk1/pppp1ppp/3bpq2/6N1/7n/2N1P2R/PP1B1PP1/R2QKB2 w Q - 0 12
WB	3.90	-5.95	d1e2	d2e3	r1b2rk1/pppp1ppp/4pq2/2b3N1/4P2n/2N4R/PP1B1PP1/R2QKB2 w Q - 1 13
WB	-1.77	-0.53	g5f3	h3e3	r1b2rk1/pppp1ppp/4pq2/6N1/4P2n/2N1b2R/PP3PP1/R2QKB2 w Q - 0 14
WB	-2.12	-2.04	g2g3	g2g4	r1b2rk1/pppp1ppp/4p3/6q1/4P2n/2N1R3/PP3PP1/R2QKB2 w Q - 0 15
WB	-3.16	-0.86	e3g3	a2a4	r1b2rk1/pppp1ppp/4pq2/8/4P1Pn/2N1R3/PP3P2/R2QKB2 w Q - 1 16
WB	-2.68	-1.35	c3b5	e3h3	r1b1r1k1/pppp1ppp/4pqn1/P7/4P1P1/2N1R3/1P3P2/R2QKB2 w Q - 1 18
WB	-3.18	-0.71	d1c2	a5a6	r1b3k1/pppprppp/4pqn1/P7/4P1P1/2N4R/1P3P2/R2QKB2 w Q - 3 19
WB	-3.56	-0.64	d1d2	a6b7	1rb3k1/pppprppp/P3pqn1/8/4P1P1/2N4R/1P3P2/R2QKB2 w Q - 1 20
BB	0.01	0.72	c6b4	b6d5	2r1kb1r/1p1q1ppp/pnn1p3/8/3P4/2N1B3/PP2BPPP/R2Q1RK1 b k - 1 14
BB	0.66	0.80	e6d5	d7d5	2r1kb1r/1p1q1ppp/p1n1p3/3N4/3P4/4B3/PP2BPPP/R2Q1RK1 b k - 0 15
BB	0.22	0.82	c6e7	c8d8	2r1kb1r/1p3ppp/p1n1p3/3q4/3P4/1P2B3/P3BPPP/R2Q1RK1 b k - 0 16
BB	-0.63	0.62	b5e2	c6d4	3rkb1r/1p3ppp/p1n1p3/1q6/3P4/1P2BB2/P3QPPP/R4RK1 b k - 4 18
BB	-0.07	1.08	f8a3	h7h5	3rkb1r/1B3ppp/4p3/1p6/3n4/1P2B3/P4PPP/R4RK1 b k - 0 20
BB	-2.81	0.80	f6d5	e6d5	3rkb1r/1p1b1ppp/p3pn2/3Q4/2p5/1P2BN1P/P3NPP1/R4RK1 b k - 0 15
BB	-4.33	0.71	f8e8	d7c6	3r1rk1/1p1bbppp/p4n2/8/2p5/5N1P/PB2NPP1/3R1RK1 b - - 1 19
BB	-1.72	0.57	a7a6	b8c6	rnbqkbnr/ppp2ppp/8/1N1pp3/8/5N2/PPPPPPPP/R1BQKB1R b KQkq - 1 3
BB	-2.32	1.11	a7a6	h7h5	r1bqkbnr/ppp2ppp/2n5/1N1pp3/8/5N2/PPPPPPPP/1RBQKB1R b Kkq - 3 4
BB	-3.02	1.05	a7a6	h8h6	r1bqkbnr/ppp2pp1/2n5/1N1pp2p/8/1P3N2/P1PPPPPP/1RBQKB1R b Kkq - 0 5
BB	-2.10	1.67	a7a6	f8b4	r1bqkbn1/ppp2pp1/2n4r/1N1pp2p/8/1P1P1N2/P1P1PPPP/1RBQKB1R b Kq - 0 6
BB	-0.54	1.81	b4e7	a7a6	r1bqk1n1/ppp2pp1/2n4r/1N1pp2p/1b6/1PPP1N2/P3PPPP/1RBQKB1R b Kq - 0 7
BB	0.84	0.56	a6b5	g8h6	r1bqk1n1/1pp2pp1/p1n4B/1N1pp2p/1b6/1PPP1N2/P3PPPP/1R1QKB1R b Kq - 0 8
BB	-2.91	0.60	e5g6	e5c6	r2qk3/1pp2pp1/7n/1p1pn2p/1P1P2b1/1P6/P2QPPPP/1R2KB1R b Kq - 0 12
BB	-4.19	1.57	g4f5	a8a4	r2q4/1ppk1pp1/2n4n/3p3p/PP1P2b1/4Q3/4PPPP/1R2KB1R b K - 0 15
BB	-3.19	1.90	d8a8	a4b4	3q4/1ppk1pp1/2n4n/3p3p/rP1P2b1/1Q6/4PPPP/1R2KB1R b K - 1 16
BB	-3.84	2.68	b4c2	b4c6	3k4/1pp2pp1/7n/7p/1n1PP1b1/8/5PPP/4KB1R b K - 0 20
BB	-2.88	3.14	d7a7	h7h6	1r3r1k/3q1ppp/2npb3/p2Np1b1/R1B1P3/1PP1NP2/6PP/3Q1RK1 b - - 0 20
WB	4.14	-2.87	d1h5	b1c3	r1bqkbnr/ppppp1pp/2n5/5P2/8/8/PPPP1PPP/RNBQKBNR w KQkq - 1 3
WB	5.87	-7.12	g6g7	h5f5	r1bqkb1r/ppppp2p/5nP1/7Q/8/2N5/PPnP1PPP/R1BK1BNR w kq - 2 7
WB	-1.31	-0.78	c3d5	g1f3	r1bqkb1r/ppppp2p/5nP1/5Q2/8/2N5/PP1P1PPP/n1BK1BNR w kq - 0 8
WB	1.59	-2.24	g5h4	h1e1	r1bqk1r1/pppp3p/4pnP1/6Q1/1b6/2NB1N2/PP1P1PPP/n1BK3R w q - 4 11
WB	4.89	-10.05	h6h7	h6h4	r1bqk1r1/pppp4/4p1PQ/8/1b4n1/2NB1N2/PP1P1PPP/n1BKR3 w q - 1 13
WB	-1.51	-0.69	e2f3	h4f3	r1b1k1r1/pppp4/4p1P1/8/1b4nN/2NB4/PP1PK1PP/n1B1R3 w q - 2 16
WB	2.55	-2.71	c3b5	c3a4	r1b1k1r1/pppp4/4p1P1/2b5/6n1/1PNB1N2/1B1PK1PP/4R3 w q - 1 20
WB	1.10	-0.69	a4c3	h2h4	r1b1k1r1/pppp4/3bp1P1/8/N5n1/1P1B1N2/1B1PK1PP/4R3 w q - 3 21
WB	5.22	-3.06	b5c6	f1d1	2rqkb1r/1p1bn1pp/p1n5/1BPp1p2/8/1N3N2/PPP1QPPP/R1B2RK1 w k - 0 11
WB	7.19	-1.28	c5d6	f4d6	3rkb1r/1p1bn1p1/2nq3p/2P2p2/1p3B1P/1N3N2/PPP1QPP1/3R2K1 w k - 0 17
WB	6.68	-0.84	d1e1	g1h2	3rkb1r/1p1bn1p1/2nB4/2P2p1p/1p5P/1N3N2/PPP1QPP1/3R2K1 w k - 0 18
WB	6.66	-1.15	d1e1	d6g3	3rkb1r/1p1bn3/2nB2p1/2P2p1p/1p5P/1N3N2/PPP1QPPK/3R4 w k - 0 19
BB	0.87	1.12	g8h8	a6a5	r3r1k1/1b1n1ppp/p1N1pn2/1pb5/1N6/P3PB2/1P1B1PPP/2RR2K1 b - - 8 18
BB	1.96	1.97	c5d6	b7c6	r3r1k1/1b1n1ppp/2N1pn2/ppb5/8/P2NPB2/1P1B1PPP/2RR2K1 b - - 1 19
WB	1.13	-0.54	d1g4	g1f3	r1bqk1nr/pppn1ppp/4p3/3pP3/1b1P4/2N5/PPP2PPP/R1BQKBNR w KQkq - 1 5
WB	0.72	-0.76	a2a3	c1e3	r1bqk2r/pppnnppp/4p3/3pP3/1b1P4/2N2N2/PPP2PPP/R1BQKB1R w KQkq - 3 6
WB	0.88	-1.30	f1d3	a2a4	r1bqk2r/pppnn1pp/4pp2/3pP3/1b1P4/2N1BN2/PPP2PPP/R2QKB1R w KQkq - 0 7
WB	-0.36	-1.06	e5f6	h2h4	r1bq1rk1/pppnn1pp/4pp2/3pP3/Pb1P4/2N1BN2/1PP2PPP/R2QKB1R w KQ - 1 8
WB	-0.83	-0.63	f1d3	e5f6	r1bq1rk1/pppn2pp/4pp2/3pPn2/Pb1P3P/2N1BN2/1PP2PP1/R2QKB1R w KQ - 1 9
WB	-1.35	-1.30	f1e2	f3g5	r1bq1rk1/ppp3pp/4pn2/3p4/Pb1P3P/2N1PN2/1PP3P1/R2QKB1R w KQ - 0 11
WB	-2.69	-1.79	f1d3	h1h3	r1b2rk1/ppp3pp/3qpn2/3p2N1/Pb1P3P/2N1P3/1PP3P1/R2QKB1R w KQ - 2 12
WB	-4.05	-1.89	g5f3	g5e6	r4rk1/ppp3p1/5n1p/3p2N1/P2P3P/2P4P/2P5/R3KB2 w Q - 0 18
WB	-5.89	-2.07	e1c1	a4a5	4rrk1/ppp3p1/4Nn1p/3p4/P2P3P/2P4P/2P5/R3KB2 w Q - 2 19
WB	-8.27	-0.92	e1d1	f1e2	5rk1/ppp3p1/4rn1p/P2p4/3P3P/2P4P/2P5/R3KB2 w Q - 0 20
WB	0.06	-1.96	d1f3	d3b5	rn1q1rk1/pb3ppp/1p2pn2/2ppN3/3P1P2/2NB4/PPP2PPP/R2Q1RK1 w - - 2 10
WB	-0.43	-0.51	e2f3	a2a4	rn1q1rk1/1b3ppp/p3p3/1pppP3/5P2/2NQ4/PPP1BPPP/R4RK1 w - - 0 14
WB	-0.76	-0.56	c3b1	c3a2	rn1q1rk1/1b3ppp/p3p3/2ppP3/Pp3P2/2NQ4/1PP1BPPP/R4RK1 w - - 0 15
WB	-1.02	-1.84	a1d1	e2f3	rn1q1rk1/1b3ppp/4p3/p1ppP3/Pp3P2/3Q4/NPP1BPPP/R4RK1 w - - 0 16
WB	-2.59	-1.02	d3e3	d3b3	rn1q1rk1/5ppp/b3p3/p1ppP3/Pp3P2/3Q1B2/NPP2PPP/R4RK1 w - - 2 17
WB	-3.25	-0.77	a2c1	f1d1	r2q1rk1/5ppp/2n1p3/p1ppP3/Pp3P2/1Q3B2/NPP2PPP/5RK1 w - - 1 19
WB	-3.69	-0.58	d1d4	b3d3	r2q1rk1/5ppp/4p3/p1ppP3/Pp1n1P2/1Q3B2/NPP2PPP/3R2K1 w - - 3 20
WB	-3.96	-0.78	f3g4	e5f6	r2q1rk1/6pp/4pp2/p1ppP3/Pp1n1P2/3Q1B2/NPP2PPP/3R2K1 w - - 0 21
BB	0.13	0.60	b8c6	b8d7	rn3rk1/1pq2ppp/4bn2/p1bp4/8/PPN1PN2/4BPPP/R1BQ1RK1 b - - 0 11
BB	0.77	1.66	c7d8	h7h5	r3r1k1/1pqn1ppp/4bn2/p1bp4/8/PPN1PN2/1B2BPPP/2RQ1RK1 b - - 4 13
BB	2.38	2.06	c7d6	e6g4	r3r1k1/1pqn1pp1/4bn2/p1bp3p/N7/PP2PN2/1B2BPPP/2RQ1RK1 b - - 1 14
BB	4.61	1.58	b6c5	c7c6	r3r1k1/2q2p2/1p3p2/2Pp3p/6b1/4PN2/4BPPP/2RQ1RK1 b - - 0 19
BB	4.93	1.20	c6b6	c6d6	r3r1k1/5p2/1Pq2p2/3p3p/6b1/4PN2/4BPPP/2RQ1RK1 b - - 0 20
WB	-0.04	-0.68	f3e5	e1d2	r3k2r/pp1b1ppp/2n1pn2/3p4/1b1P1B2/1PNBPN2/1P3PPP/R3K2R w KQkq - 5 11
WB	-0.66	-1.98	d3e4	d2c2	r3k2r/pp1b1ppp/2n1p3/3p4/1b1PnB2/1PNBPN2/1P1K1PPP/R6R w kq - 7 12
WB	-2.46	-1.97	f4d6	e3e4	r4rk1/pp1b2pp/4pp2/n2p4/1b1P1B1P/1PN1PN2/1PK3P1/R5R1 w - - 1 17
WB	-4.46	-0.81	a1f1	f4d2	r1r1b1k1/pp4pp/4pp2/n7/1b1P1B1P/1PN2N2/1PK3P1/R5R1 w - - 3 20
WB	-5.16	-1.92	c2d1	c2c1	r1r3k1/pp4pp/4ppb1/n7/1b1P3P/1PN2N2/1PKB2P1/R5R1 w - - 5 21
BB	-0.15	2.17	b7b6	h7h5	r2qkb1r/1p1n1ppp/4pn2/2Pp4/1P6/4PN2/P4PPP/RNBQK2R b KQkq - 0 9
BB	2.61	1.24	e4d2	a8a6	r2qkb2/1p1n2p1/4p2r/2PpNp1p/1P2n3/4P3/PB1N1PPP/R2Q1RK1 b q - 1 13
BB	3.51	1.19	e4d2	g7g6	3qkb2/1p1n2p1/r3p2r/2PpNp2/PP2n2p/4P2P/1B1N1PP1/R2Q1RK1 b - - 0 15
BB	4.77	0.56	e6e5	h6h5	4kb2/1p1q4/r3p1pr/2Pp4/PP2p2p/4PP1P/1B4P1/R2Q1RK1 b - - 0 18
BB	5.23	994.68	e6e5	d5e4	4kb2/1p1q4/r3p1p1/2Pp3r/PP2P2p/4P2P/1B4P1/R2Q1RK1 b - - 0 19
WB	0.19	-0.63	c1g5	h2h4	r2qkb1r/pbp1pppp/1pn2n2/3p4/3P4/2NQ2P1/PPP1PPBP/R1B1K1NR w KQkq - 5 6
WB	-0.40	-3.43	d4e5	g1f3	r2qkb1r/pbp2ppp/1pn2n2/3pp3/3P3P/2NQ2P1/PPP1PPB1/R1B1K1NR w KQkq - 0 7
WB	-2.89	-0.61	e3f4	e3g5	r2qkb1r/pbp2ppp/1pn5/3p4/3Pp1nP/2N1QNP1/PPP1PPB1/R1B1K2R w KQkq - 2 9
WB	-3.26	-0.90	h4h5	g4d4	r2qkb1r/pb3ppp/1pp5/3p4/6QP/2N2BP1/PP2PPK1/n1B4R w kq - 0 14
WB	-4.28	-1.55	e5f4	c1f4	r3kb1r/pb2qppp/1pp5/3pQ3/7P/2N2BP1/PPn1PPK1/2B4R w kq - 4 16
WB	-5.42	-0.89	h4h5	e5f4	3rkb1r/pb3ppp/1pp5/3pB3/7P/2N2BP1/PPn1PPK1/7R w k - 1 18
WB	-0.30	-3.79	d4e2	d4c6	r2qkb1r/p2n1ppp/1p3n2/3pp3/3N4/1P2P3/P1PN1PPP/R1BQK2R w KQkq - 0 10
WB	-3.94	-0.85	c6a7	c6d4	r3kb1r/p1qn1ppp/1pN2n2/3pp3/8/1P2P3/P1PN1PPP/R1BQK2R w KQkq - 2 11
WB	-4.47	-1.71	e1g1	d2f3	r4k1r/p1qn1ppp/1p1b1n2/3p4/3P4/1P6/P1PNQPPP/R1B1K2R w KQ - 3 14
WB	-6.13	-1.22	e2d2	c1d2	r4k1r/p2n1ppp/1p1b1n2/3p4/3P4/1Pq2N2/P1P1QPPP/R1B1K2R w KQ - 5 15
WB	-7.19	-1.65	d2e3	f3e5	4rk1r/p2n1ppp/1p1b1n2/3p4/3P4/1P3N2/P1PB1PPP/q2QK2R w K - 2 17
WB	-8.69	-991.19	e1g1	f2f4	4rk1r/p2n1ppp/1p1b1n2/3pN3/3q4/1P6/P1PB1PPP/3QK2R w K - 0 18
WB	-9.74	-990.25	d1e2	d1f3	5k1r/p4ppp/1p1b4/3pr3/3qn3/1P6/P1PB2PP/3Q1K1R w - - 2 21
BB	-0.02	1.35	f6d5	f6e4	r1b1r1k1/ppp2pbp/2n2np1/3Np1B1/2P1P3/5N1P/PP2BPP1/R3K2R b KQ - 2 11
BB	0.88	0.75	g8g7	c8f5	1rb2bk1/ppN2p1p/2n3p1/4p3/2P5/5P1P/PP2BP2/3RK2R b K - 4 16
BB	1.46	2.40	f8b4	b8d8	1r3bk1/ppN2p1p/2n3p1/4pb2/2P5/3B1P1P/PP3P2/3RK2R b K - 6 17
BB	0.01	1.46	f6d5	f6e4	r1b1r1k1/ppp2pbp/2n2np1/3Np1B1/2P1P3/5N1P/PP2BPP1/R3K2R b KQ - 2 11
BB	1.30	0.64	f7f6	f8d6	4rb2/p4pkp/2p3p1/4pb2/2P3N1/7P/PP3PP1/R3R1K1 b - - 7 19
BB	1.77	1.56	d6c7	e8e6	4r3/p4pkp/2pb2p1/4pb2/2P3N1/7P/PP3PP1/3RR1K1 b - - 9 20
WB	1.39	-1.83	b1b5	h2h4	1r2kb1r/ppp2ppp/2n5/3q1b2/Q3p3/2P3P1/P2PPPBP/1RB1K1NR w Kk - 6 11
WB	-0.84	-1.08	g1h3	h4h5	1r2kb1r/p1p2ppp/8/1p1qnb2/4p2P/2P3P1/P1QPPPB1/1RB1K1NR w Kk - 2 13
WB	-1.12	-0.99	g1h3	h5h6	1r2k2r/p1p1bppp/8/1p1qnb1P/4p3/2P3P1/P1QPPPB1/1RB1K1NR w Kk - 1 14
WB	-2.10	-2.44	a4b5	d2d3	1r2k2r/2p1bp1p/p6P/1p1qnbp1/P3p3/2P3P1/2QPPPB1/1RB1K1NR w Kk - 0 16
WB	-4.69	-1.34	e2e4	c3c4	1r2k2r/2p1bp1p/p6P/3Bnbp1/Pp6/2P3P1/2p1PP2/R1B1K1NR w Kk - 0 19
WB	0.29	-0.59	f1c4	d5c6	rnbqkbnr/pp2pppp/2p5/3P4/4N3/8/PPP2PPP/R1BQKBNR w KQkq - 0 6
WB	-0.20	-1.82	f1c4	f1d3	r1b1kbnr/pp3ppp/2n5/4p3/4N3/5N2/PPP2PPP/R1BK1B1R w kq - 0 9
WB	-1.81	-1.57	e4c3	e4g3	r1b1kbnr/pp4pp/2n5/4pp2/4N3/3B1N2/PPP2PPP/R1BK3R w kq - 0 10
WB	-3.31	-0.79	c2c3	a2a4	r3k2r/pp2b1pp/2n2n2/8/6b1/3B1N2/PPP2PPP/R1BKR3 w kq - 3 15
BB	-0.01	1.28	c8c4	d5c4	2r1kb1r/pp1q1pp1/4p3/3pP1Bp/2NP4/2PQ4/P4PPP/1R2R1K1 b k - 0 17
BB	1.02	0.89	b7b6	b7b5	2r1kb1r/pp1q1pp1/4p3/4P1Bp/2pPQ3/2P5/P4PPP/1R2R1K1 b k - 1 18
BB	2.38	0.56	d7e7	e8e7	2r1k2r/p2qBpp1/4p3/1p2P2p/2pPQ3/2P5/P4PPP/1R1R2K1 b k - 0 20
WB	0.43	-1.21	b5d4	d1d4	r2q1rk1/ppp1bppp/4b3/1N1n4/3n4/6P1/PP2PPBP/R1BQ1RK1 w - - 0 11
WB	-0.77	-2.79	b5c3	b5a7	r2q1rk1/pp2bppp/2p1b3/1N1n4/3Q4/6P1/PP2PPBP/R1B2RK1 w - - 0 12
WB	-3.47	-0.75	a7c6	c1e3	r4rk1/Np2bppp/2p1b3/q2n4/3Q4/6P1/PP2PPBP/R1B2RK1 w - - 1 13
WB	-3.69	-1.06	d4e3	f2e3	r4rk1/4bppp/2p1b3/q7/3Q4/4n1P1/PP2PPBP/R4RK1 w - - 0 15
WB	-4.26	-1.22	h2h4	e5d4	3q1rk1/5p1p/4b3/4Q3/2p5/4P1P1/rP2P1BP/5RK1 w - - 0 21
WB	0.82	-1.57	f1e2	b1a3	r2qkbnr/ppp2pp1/2n1p2p/3pPb2/3P4/2P2N2/PP3PPP/RNBQKB1R w KQkq - 0 6
WB	-0.78	-0.71	g2g4	h1h4	2rqk2r/ppp1nppb/4p2p/n2pP2P/3P4/P1P1BN2/P4PP1/R2QKB1R w KQk - 1 11
WB	-1.35	-0.63	h4h3	d1a4	2rqk2r/ppp2ppb/4p2p/n2pPn1P/3P3R/P1P1BN2/P4PP1/R2QKB2 w Qk - 3 12
WB	-1.98	-1.65	e1f2	e1c1	2rq1rk1/pp3ppb/2p1p2p/n2pP2P/Q2P4/P1P1PN1R/P5P1/R3KB2 w Q - 1 15
WB	-3.17	-1.14	c1d2	d4c5	2rq1rk1/pp3ppb/4p2p/n1ppP2P/Q2P4/P1P1PN1R/P5P1/2KR1B2 w - - 0 16
WB	-4.38	-1.84	f1c4	b2c1	2q2rk1/pp3ppb/4p2p/2rpP2P/1Qn5/P1P1PN1R/PK4P1/3R1B2 w - - 4 19
WB	-5.85	-2.15	f3d4	b4a4	2q2rk1/pp3ppb/4p2p/2rpP2P/1Q6/P1P1nN1R/P5P1/2KR1B2 w - - 0 20
WB	-7.96	-992.01	c1d2	c1b2	2q2rk1/pp3ppb/4p2p/3pP2P/Q7/P1r1nN1R/P5P1/2KR1B2 w - - 0 21
BB	0.59	3.08	d7e8	a8a5	r4rk1/1ppqppbp/2np1np1/8/p1PPP3/4BB1P/PP1QNPP1/R4RK1 b - - 1 12
BB	3.49	0.98	c6e5	d6e5	5rk1/1ppqppbp/2np1np1/r3P3/p1PP4/4BB1P/PP1QNPP1/R4RK1 b - - 0 13
WB	0.31	-0.65	d1a4	d1d3	r2qkb1r/p4ppp/2p1bn2/3pp3/2P5/6P1/PP2PPBP/RNBQ1RK1 w kq - 1 9
WB	-0.47	-3.69	c4d5	c3d5	r2q1rk1/p3bppp/2p1bn2/3pp3/2P5/2NQ2P1/PP2PPBP/R1B2RK1 w - - 5 11
WB	-4.05	-0.52	c4d5	b2b3	r2q1rk1/p3bppp/4bn2/3pp3/2P5/3Q2P1/PP2PPBP/R1B2RK1 w - - 0 12
WB	-4.45	-0.59	f1b1	a2a4	2r1r1k1/p4ppp/5b2/8/2P2B2/3P2P1/P4P1P/5RK1 w - - 1 21
WB	2.36	-1.93	d4b5	d4b3	rnb1kbnr/pp3ppp/8/4p3/3NP3/2N5/PP3PPP/R1B1KB1R w KQkq - 0 9
WB	1.44	-0.99	c3d5	h2h4	rn2kbnr/pp1b1ppp/8/4p3/4P3/1NN5/PP3PPP/R1B1KB1R w KQkq - 2 10
WB	1.51	-1.48	e4f5	h1h3	rn2kbnr/pp1b2pp/8/4pp2/4P2P/1NN5/PP3PP1/R1B1KB1R w KQkq - 0 11
WB	0.63	-0.63	g3c3	g3h3	2kr1b1r/pp1b2pp/2n5/4pn2/4N2P/1N4R1/PP1B1PP1/2R1KB2 w - - 5 16
WB	1.86	-0.60	f1d3	h3e3	2k4r/pp1r2p1/2n5/4p2p/3n3P/7R/PP1B1PP1/2R1KB2 w - - 0 20
WB	1.52	-1.07	d2c3	e3e5	2kr4/pp1r2p1/2n5/4p2p/3n3P/4R3/PP1B1PP1/2R1KB2 w - - 2 21
BB	0.76	3.14	g8f6	c8e6	r1bqk1nr/1pp1ppbp/p1np2p1/8/3PP3/2N1BN1P/PPP2PP1/R2QKB1R b KQkq - 2 6
BB	3.68	0.56	e6d7	g7c3	r2qk1nr/1pp1ppbp/p1npb1p1/3P4/4P3/2N1BN1P/PPP2PP1/R2QKB1R b KQkq - 0 7
BB	3.77	0.53	h7h6	e8g8	r2qk2r/1pp1pp1p/p1bp1np1/8/4P3/2PBB2P/P1PN1PP1/R2QK2R b KQkq - 3 11
BB	3.57	0.54	a4c6	g8g7	r4rk1/1ppqpp1p/p2p1np1/8/b3P3/2PBB2P/2PN1PP1/R1Q2RK1 b - - 1 14
BB	3.87	0.72	c6b5	d7e6	r4r2/1ppqppkp/p1b2np1/2B5/4P3/3B3P/2PN1PP1/R1Q2RK1 b - - 0 17
BB	4.30	0.99	b7b5	h7h5	r4r2/1pp1ppkp/2b1qnp1/p7/4P3/B2B3P/2PN1PP1/R1Q1R1K1 b - - 1 19
BB	4.96	1.18	a5a4	c6e4	r4r2/1pp1ppk1/2b1qnp1/p6p/4P3/B2B1N1P/2P2PP1/R1Q1R1K1 b - - 1 20
WB	0.40	-0.78	h2h4	f1e2	r3k2r/1bqnbppp/p2pp3/1p4P1/4PP2/PNN2Q2/1PP4P/2KR1B1R w kq - 1 15
WB	0.20	-0.65	b3d4	b1a2	2kr3r/1bq1bppp/p2pp3/1pn3P1/4PP2/PNN2Q2/1PP1B2P/1K1R3R w - - 5 17
WB	2.88	-2.67	d1c1	h2h4	2kr3r/1bq1bpp1/p2pp2p/1p4P1/4PP2/PPN2Q2/KP2B2P/3R3R w - - 0 19
WB	3.48	-1.26	c3b5	f3e3	1qkr3r/1b2bpp1/p2pp2p/1p4P1/4PP1P/PPN2Q2/KP2B3/3R3R w - - 1 20
WB	4.19	-1.63	c3b5	h1g1	1qkr1r2/1b2bpp1/p2pp2p/1p4P1/4PP1P/PPN1Q3/KP2B3/3R3R w - - 3 21
WB	0.39	-0.55	d2d4	e1g1	r1bqkb1r/ppp1pppp/2n2n2/3p4/8/5NP1/PPPPPPBP/RNBQK2R w KQkq - 2 4
WB	1.13	-0.52	c2c4	b1c3	r2qkb1r/ppp1pppp/2n2n2/3p4/3Pb3/5NP1/PPP1PPBP/RNBQ1RK1 w kq - 1 6
WB	1.15	-1.68	c2c3	d2b3	r3kb1r/ppp1ppp1/2n2n1p/8/3qp3/6P1/PPPNPPBP/R1BQ1RK1 w kq - 0 9
WB	0.85	-0.80	a2a3	c2c4	r3kb1r/ppp1ppp1/5n1p/8/1n2p3/1N4P1/PPP1PPBP/R1BR2K1 w kq - 1 11
WB	3.41	-2.34	a2a3	b3c1	4kb1r/pp2ppp1/2p2n1p/8/1nP1pB2/1N4P1/PP2PPBP/3R2K1 w k - 0 14
WB	1.33	-1.75	a2a3	a2a4	4kb1r/pp3pp1/2p1pn1p/8/1nP1pB2/6P1/PP2PPBP/2NR2K1 w k - 0 15
WB	0.19	-0.95	c1b3	d1f1	4kbr1/pp3pp1/2p1pn1p/P7/2P1pB2/6P1/1Pn1PPBP/2NR2K1 w - - 1 17
WB	0.18	-1.06	f1d1	c4c5	5br1/pp2kpp1/2p1pn1p/P7/2P1pB2/6P1/1Pn1PPBP/2N2RK1 w - - 3 18
WB	-0.04	-0.78	a5a6	c1b3	4kbr1/pp3pp1/2p1pn1p/P1P5/4pB2/6P1/1Pn1PPBP/2N2RK1 w - - 1 19
WB	0.23	-1.29	f4d2	e2e3	4k1r1/pp2bpp1/2p1pn1p/P1P5/4pB2/1N4P1/1Pn1PPBP/5RK1 w - - 3 20
WB	-0.25	-1.13	f4e5	f4d6	4k1r1/pp2bp2/2p1pn1p/P1P3p1/4pB2/1N2P1P1/1Pn2PBP/5RK1 w - - 0 21
WB	1.39	-0.86	c1b2	e2e3	r1bqk2r/pppp1ppp/8/3Pn3/1P1p4/P7/3PPPPP/R1BQKB1R w KQkq - 1 9
WB	1.25	-0.98	c1b2	a3a4	r1bq1rk1/ppp2ppp/3p4/3Pn3/1P1Q4/P3P3/5PPP/R1B1KB1R w KQ - 0 12
WB	0.34	-3.57	c1b2	e3e4	r2qr1k1/ppp2ppp/3p4/3Pnb2/PP1Q3P/4P3/5PP1/R1B1KB1R w KQ - 1 14
WB	0.28	-2.29	c1b2	h1h3	r2qr1k1/ppp2ppp/3p2b1/3Pn3/PP1QP2P/8/5PP1/R1B1KB1R w KQ - 1 15
WB	-0.73	-6.58	c1b2	a4a5	r3r1k1/ppp2ppp/3p1qb1/3Pn3/PP1QP2P/7R/5PP1/R1B1KB2 w Q - 3 16
WB	-6.94	-1.00	g2f3	h3f3	r3r1k1/ppp2ppp/3p1qb1/P2P4/1P1QP2P/5n1R/5PP1/R1B1KB2 w Q - 1 17
WB	-7.81	-992.01	f3a3	c1b2	r3r1k1/ppp2ppp/3p2b1/P2P4/1P1qP2P/5R2/5PP1/R1B1KB2 w Q - 0 18
WB	-13.36	-986.53	f3e3	a1a3	r3r1k1/ppp2ppp/3p2b1/P2P4/1P2P2P/5R2/1q3PP1/R3KB2 w Q - 0 19
BB	0.69	3.19	g8f6	c8e6	r1bqk1nr/1pp1ppbp/p1np2p1/8/3PP3/2N1BN1P/PPP2PP1/R2QKB1R b KQkq - 2 6
BB	3.64	0.57	e6d7	g7c3	r2qk1nr/1pp1ppbp/p1npb1p1/3P4/4P3/2N1BN1P/PPP2PP1/R2QKB1R b KQkq - 0 7
BB	3.36	0.63	f8e8	g8g7	r4rk1/1ppqpp1p/p2p1np1/8/2P1b3/4BN1P/P1P2PP1/R2QRBK1 b - - 2 14
BB	3.46	0.67	h7h5	b7b5	r4r2/1ppqppkp/p2p1np1/8/2P1b3/4B2P/P1P2PPN/R2QRBK1 b - - 4 15
BB	3.59	0.75	f8e8	a6a5	r4r2/2pqppkp/p1bp1np1/1p6/2P5/4BP1P/P1PQ2PN/R3RBK1 b - - 2 17
BB	3.75	0.87	f6g8	h7h5	r4r2/2pqppkp/2bp1np1/p7/2P3N1/4BP1P/P2Q2P1/R3RBK1 b - - 2 20
WB	0.37	-0.89	e4e5	c3d5	r2qk2r/2p1n1pp/pp1bbp2/2p5/P3P3/2NQBN2/1PP2PPP/R4RK1 w kq - 0 12
WB	-0.43	-0.83	f3d2	e3d2	r2q1rk1/2p1n1pp/pp1bbp2/2pN4/P3P3/3QBN2/1PP2PPP/R4RK1 w - - 2 13
WB	-0.20	-0.62	h2h3	g1h1	r2q1rk1/2p1n1pp/pp1b1p2/2pN4/P3P1b1/3Q1N2/1PPB1PPP/R4RK1 w - - 4 14
WB	-0.79	-0.99	d3d5	e4d5	r2q1rk1/2p3pp/pp1b1p2/2pn4/P3P1b1/3Q1N2/1PPB1PPP/R4R1K w - - 0 15
WB	-0.14	-0.51	d3f3	g2f3	r2q1rk1/2p3pp/pp1b1p2/2pP4/P7/3Q1b2/1PPB1PPP/R4R1K w - - 0 16
WB	-0.44	-1.34	h1g2	f1g1	r4rk1/2pq2pp/pp1b1p2/2pP4/P7/3Q1P2/1PPB1P1P/R4R1K w - - 1 17
WB	3.85	-3.74	c3f6	d3d5	r4rk1/3q2pp/pp1b1p2/2pp4/P7/2BQ1P2/1PP2P1P/R5RK w - - 0 19
WB	5.08	-0.70	a1e1	d6d3	1r3rk1/5qpp/pp1Q1p2/2p5/P7/2B2P2/1PP2P1P/R5RK w - - 1 21
WB	0.69	-0.90	f3e5	d1c2	rn1qkb1r/pp2pppp/5n2/3p4/3P2b1/2N2N2/PP2PPPP/R1BQKB1R w KQkq - 4 6
WB	2.37	-0.55	b2c3	c2c3	rn1qk2r/pp3pRp/4pn2/3p4/3P4/2b2P2/PPQ1PP1P/R1B1KB2 w Qkq - 0 10
WB	2.07	-1.35	c1g5	b2b4	r2qk2r/pp3pRp/2n1pn2/3p4/3P4/2Q2P2/PP2PP1P/R1B1KB2 w Qkq - 1 11
WB	2.18	-2.36	c3a1	b5c6	4k2r/1p1q1p1p/2n1p3/1P1p3n/3P4/2Q2PR1/4PP1P/r1B1KB2 w k - 0 16
WB	4.02	-1.40	a1a8	h2g3	4k2r/3q1p1p/2p1p3/3p4/3P4/5Pn1/4PP1P/Q1B1KB2 w k - 0 18
WB	3.46	-0.51	c1a3	a1c3	7r/3qkp1p/2p1p3/3p4/3P4/5PP1/4PP2/Q1B1KB2 w - - 1 19
WB	3.63	-1.11	c3c6	g3g4	r7/q3kp1p/2p1p3/3p4/3PP3/2Q2PP1/5P2/2B1KB2 w - - 1 21
BB	-0.54	4.77	d5d1	c6e5	r1b1kb1r/ppp2ppp/2n2n2/3qP3/8/2P2N2/PP3PPP/RNBQKB1R b KQkq - 0 6
BB	4.11	0.82	c7c6	c8d7	r1b1kb1r/ppp2ppp/1n6/1B2N3/8/2P5/PP3PPP/RNB1K2R b KQkq - 2 9
BB	4.40	0.57	e8e2	f7f5	2r1r3/pp1k1ppp/3p4/8/8/2P5/PPKN1PPP/R6R b - - 5 16
BB	4.81	1.73	e8e3	h5h4	2r1r3/p2k2p1/3p4/1p3p1p/8/2P1R3/PPKN1PPP/4R3 b - - 1 19
BB	6.80	0.58	c8e8	c8e8	2r1R3/p2k2p1/3p4/1p3p2/7p/2P5/PPKN1PPP/4R3 b - - 0 20
WB	3.61	-2.93	e4e5	g7g3	r2qk2r/pp1n1pR1/4pn1p/8/1b1PP3/2N5/PP1B1P1P/R2QKB2 w Qkq - 1 13
WB	0.64	-0.64	c1c8	f1e2	2rqk2r/pp3p2/1n2p2p/8/3P4/1R6/PP1Q1P1P/2R1KB2 w k - 3 18
WB	0.16	-0.58	e2b5	b3g3	4k2r/pp3p2/1n2p2p/8/3q4/1R6/PP2BP1P/2Q1K3 w k - 0 20
WB	0.00	-1.18	e1f1	c1d2	4k2r/pp3p2/1n2p2p/8/1q6/6R1/PP2BP1P/2Q1K3 w k - 2 21
BB	-0.11	0.55	b4c3	a7a5	r1b2rk1/pppp1pp1/2n1pq1p/8/1bPP4/2NBPN2/PP3PPP/R2QK2R b KQ - 2 8
BB	0.11	1.47	b4c3	b4d6	r1b2rk1/2pp1pp1/1pn1pq1p/p7/1bPP4/P1NBPN2/1PQ2PPP/R3K2R b KQ - 0 10
BB	0.15	0.72	c6e5	e6d5	r1b2rk1/2pp1pp1/1pnbpq1p/p2P4/2P5/P1NBPN2/1PQ2PPP/R3K2R b KQ - 0 11
BB	-1.87	1.86	f7f5	e5f6	r4rk1/2pp1pp1/1p1b3p/p2Pq3/4P3/P1N5/1P2QPPP/2R1K2R b K - 3 17
BB	-0.45	1.53	c8g4	e8d8	r1b1kb1r/ppn2ppp/2p2q2/3p4/3P4/2NBPN2/PP3PPP/R2QK2R b KQkq - 2 9
BB	1.12	0.78	f8g7	h7h5	r1bk1b1r/ppn2p1p/2p2qp1/3p4/3P4/2NBPN2/PPQ2PPP/R4RK1 b - - 1 11
BB	0.38	1.50	c8h3	a7a5	r1bk1b1r/ppn2p2/2p2qp1/3p3p/3P4/2NBPN1P/PPQ2PP1/R4RK1 b - - 0 12
BB	1.02	1.38	c8h3	f8d6	r1bk1b1r/1pn2p2/2p2qp1/p2p3p/3P4/2NBPN1P/PPQ2PP1/R3R1K1 b - - 1 13
BB	0.29	1.39	c8h3	h8e8	r1bk3r/1pn2p2/2pb1qp1/p2p3p/3P4/P1NBPN1P/1PQ2PP1/R3R1K1 b - - 0 14
BB	0.04	1.79	c8h3	h5h4	r1bkr3/1pn2p2/2pb1qp1/p2p3p/3P4/P1NBPN1P/1PQ2PP1/3RR1K1 b - - 2 15
BB	1.59	4.02	f6f4	b7b6	r1bkr3/1pn2p2/2pb1qp1/p2p4/3PP2p/P1NB1N1P/1PQ2PP1/3RR1K1 b - - 0 16
BB	5.47	1.43	f6e7	f6f4	r1bkr3/2n2p2/1ppb1qp1/p2pP3/3P3p/P1NB1N1P/1PQ2PP1/3RR1K1 b - - 0 17
BB	3.43	0.66	a5b4	a5b4	r1bkr3/2n2p2/1pp2qp1/p2p4/1P1P3p/P1NB1N1P/2Q2PP1/1R2R1K1 b - - 0 20
WB	-0.36	-6.81	e3d4	b2b3	r1br2k1/1pp1qppp/8/p1b1p3/P2nP3/2Q1BNP1/1PP2PBP/R4RK1 w - - 3 14
WB	-6.99	-1.74	a1e1	f3g5	r1br2k1/1pp1qppp/8/p1b1p3/P3P3/1Pn1BNP1/2P2PBP/R4R1K w - - 0 16
WB	-7.17	-1.65	h2h3	g2f3	r2r2k1/1pp1qppp/8/p3p1N1/Pb2P1b1/1Pn1B1P1/2P2PBP/R5RK w - - 4 18
WB	-7.28	-1.17	f3h4	f3g5	r5k1/1pp1qppp/3r4/p3p3/Pb2P3/1Pn1BNP1/2P2P1P/R5RK w - - 1 20
BB	1.40	0.95	g6h6	a6a5	r2qkb2/1pp2p1p/p1n1b1r1/3p1p2/3P4/2N1PNP1/PP3PBP/2RQ1RK1 b q - 1 12
BB	2.25	1.27	c6e7	g6g4	1r1qkb2/1pp2p1p/2n1b1r1/p2p1p2/3P3N/1QN1P1P1/PP3PBP/2R2RK1 b - - 3 14
BB	2.97	0.72	a5a4	d8h4	1r1qkb2/1pp2p1p/2n1b3/p2B1p2/3P2rN/1QN1P1P1/PP3P1P/2R2RK1 b - - 0 15
BB	3.65	1.52	e8d8	e8e7	1r2kb2/1pp2p1p/2B1b3/p4p2/3P2rq/1QN1P1P1/PP3P1P/2R2RK1 b - - 0 16
BB	4.99	1.52	g4b4	b7b6	1r3b2/1pp1kp1p/2B1b3/p2P1p2/6rq/1QN1P1P1/PP3P1P/2R2RK1 b - - 0 17
BB	5.72	1.62	h4f6	h4h5	1r3b2/2p2k1p/1p2p3/p4p2/6rq/1QN1P1P1/PP3PBP/2RR2K1 b - - 3 20
WB	-2.00	-2.78	g5f6	e2b5	r3r1k1/1p3pbp/p4np1/3p1bB1/P2P4/2N3Q1/1q2BPPP/R4RK1 w - - 0 17
WB	-5.05	-2.50	g3h4	f1b1	r3r1k1/1p3pbp/6p1/1N1p1bB1/P2Pn3/6Q1/1q3PPP/R4RK1 w - - 1 19
WB	-8.05	-991.92	b5a3	b1b2	4r1k1/1p3pbp/6p1/1N1p1bB1/r2Pn3/6Q1/1q3PPP/RR4K1 w - - 0 20
BB	-0.84	2.01	a7a6	g7g6	r1bqkb1r/ppp1n1pp/2n2p2/1B1pp3/Q3P3/2P2N2/PP1P1PPP/RNB2RK1 b kq - 3 6
BB	1.14	2.16	c8g4	e7f5	r1b1kb1r/ppp1n2p/2n2pp1/1B1qp3/Q2P4/2P2N2/PP3PPP/RNB2RK1 b kq - 0 8
BB	2.99	2.69	d5d6	d5e4	r1b1kb1r/ppp4p/2n2pp1/1B1qpn2/Q1PP4/5N2/PP3PPP/RNB2RK1 b kq - 0 9
BB	4.81	1.54	e4f3	e4d3	r1b1kb1r/ppp4p/2n2pp1/1B2pn2/Q1PPq3/2N2N2/PP3PPP/R1B2RK1 b kq - 2 10
BB	6.39	0.65	e8f7	c8d7	r1b1kb1r/p1p4p/2Q2pp1/4pn2/2PP4/2Nq1N2/PP3PPP/R1B2RK1 b kq - 0 12
BB	5.06	0.76	f5d4	d3c4	Q4b1r/p1pb1k1p/5pp1/4pn2/2PP4/P1Nq1N2/1P3PPP/R1B2RK1 b - - 0 14
BB	5.70	2.37	f8g7	a7a6	Q4b1r/p1pb1k1p/5pp1/4Pn2/2q5/P1N2N2/1P3PPP/R1B2RK1 b - - 0 15
BB	6.09	1.53	d7c6	f5e3	Q4b1r/2pb1k1p/p4pp1/4Pn2/2q5/P1N1BN2/1P3PPP/R4RK1 b - - 1 16
BB	5.47	0.68	c4c3	c4c3	Q4b1r/2pb1k1p/p4pp1/4P3/2q5/PPN1nN2/5PPP/R4RK1 b - - 0 17
BB	-4.86	2.24	d7c6	d7b5	Q4b1r/2pb1k1p/p4pp1/4P3/8/PPq2NP1/5P1P/3R1nK1 b - - 1 19
BB	-5.01	8.30	f7g7	f7e6	Q4b1r/2p2k1p/p3Ppp1/1b6/8/PPq2NP1/5P1P/3R1nK1 b - - 0 20
BB	-0.90	1.15	d6d5	b8c6	rnbqkb1r/ppp2ppp/3p1n2/4p3/4P3/3P1P2/PPP1N1PP/RNBQKB1R b KQkq - 1 4
BB	0.00	0.52	d6d5	a7a5	r2qkb1r/ppp2pp1/2npbn2/4p2p/2P1P3/1P1PBP2/P3N1PP/RN1QKB1R b KQkq - 1 7
BB	-1.19	0.88	d6d5	h5h4	r2qkb1r/1pp2pp1/2npbn2/p3p2p/P1P1P3/1P1PBP2/4N1PP/RN1QKB1R b KQkq - 0 8
BB	-1.79	1.56	d6d5	e8d7	r2qkb1r/1pp2pp1/2npbn2/p3p3/P1P1P2p/1P1PBP1P/4N1P1/RN1QKB1R b KQkq - 0 9
BB	-1.31	1.11	f6h5	d8g8	r2q3r/1ppkbpp1/2npbn2/pN2p3/P1P1P2p/1P1PBP1P/6P1/RN1QKB1R b KQ - 4 11
BB	-2.08	1.01	f6e4	g8h7	r5qr/1ppkbpp1/2npbn2/pN2p1B1/P1P1P2p/1P1P1P1P/6P1/RN1QKB1R b KQ - 6 12
BB	-3.35	0.81	f6f5	b8a8	1r4r1/1ppkbp1q/2npbp2/p3p3/P1P1P3/NPNP1PpP/6B1/R2QK2R b KQ - 3 17
BB	-7.78	3.04	g3g2	f5f4	r5r1/1ppkbp2/2npb3/p3pq2/P1P4P/NPNP1PpB/8/R2QK2R b KQ - 1 20
BB	0.15	3.46	f6d7	e8g8	r3k2r/2p2ppp/pbpqbn2/8/PP1pP3/3N4/3N1PPP/R1BQ1RK1 b kq - 5 13
BB	3.62	0.87	a6a5	g7f6	r4rk1/2p2ppp/pbp1bP2/3q4/PP1p4/3N4/3N1PPP/R1BQ1RK1 b - - 0 15
BB	4.08	1.22	a6a5	d5g5	r4rk1/2p2p1p/pbp1bp2/3q4/PP1p4/3N4/3N1PPP/R1BQR1K1 b - - 1 16
BB	5.15	0.54	g5f5	g5g6	r4rk1/2p2p1p/pbp1bp2/6q1/PP1pN3/3N4/5PPP/R1BQR1K1 b - - 3 17
BB	5.60	0.89	g6f5	g6g7	r4rk1/2p2p1p/pbp1bpq1/8/PP1pNN2/8/5PPP/R1BQR1K1 b - - 5 18
BB	6.38	4.68	g7g6	g7g4	r4rk1/2p2pqp/pbp1bp2/7N/PP1pN3/8/5PPP/R1BQR1K1 b - - 7 19
BB	14.68	985.18	g8h8	g8h8	r4rk1/2p2p1p/pbp1bN2/7N/PP1p2q1/8/5PPP/R1BQR1K1 b - - 0 20
BB	0.43	0.76	d7d6	e6e5	r4rk1/pbqpbppp/1pn1pn2/8/2P1PB2/2NQ1NP1/PP3PBP/R4RK1 b - - 2 11
BB	1.45	2.76	h7h6	e7c5	r4rk1/1bqpbppp/1p3n2/p3p1B1/1nP1P3/2N2NP1/PP2QPBP/3R1RK1 b - - 3 14
BB	3.96	0.70	c7d8	c7c6	r4r1k/1bqp1p1p/1p3p2/pNb1p3/1nP1P2N/6P1/PP2QPBP/3R1RK1 b - - 3 17
BB	4.58	1.27	c6e6	b4a2	r4r1k/1b1p1p1p/1pq2p2/pNb1pN2/1nP1P3/6P1/PP2QPBP/3R1RK1 b - - 5 18
BB	5.67	994.30	c5d6	b7a6	r4r1k/1b1p1p1p/1pqN1p2/p1b1pN2/2P1P3/6P1/nP2QPBP/3R1RK1 b - - 1 19
BB	-0.95	0.85	h7h6	e7e5	r1bqkb1r/pp2pppp/2n2n2/2pp2B1/8/2NP1N1P/PPP1PPP1/R2QKB1R b KQkq - 4 5
BB	-1.47	1.17	h7h6	h7h5	r2qkb1r/pp3ppp/2n1bn2/4p1B1/3p4/3P1N1P/PPP1BPP1/RN1QK2R b KQkq - 1 9
BB	-0.68	1.05	d8d7	a8c8	r2qkb1r/pp3pp1/2n1bn2/4p1Bp/3p4/3P1N1P/PPP1BPP1/RN1Q1RK1 b kq - 1 10
BB	0.03	0.52	f8e7	d8a5	2rqkb1r/pp3pp1/2n1bn2/4p1Bp/3p4/3P1N1P/PPPNBPP1/R2Q1RK1 b k - 3 11
BB	-0.12	1.53	e6c4	a5b5	2r1kb1r/pp3pp1/2n1bn2/q3p1Bp/2Np4/3P1N1P/PPP1BPP1/R2Q1RK1 b k - 5 12
BB	-0.13	0.94	d5d7	h5h4	2r1kb1r/pp3pp1/2n1bn2/3qp1Bp/P1Np4/3P3P/1PP1BPP1/R2QNRK1 b k - 2 14
BB	-1.79	1.95	d5d7	h8h6	2r1kb1r/pp3p2/2n1bp2/3qp3/P1Np3p/3P3P/1PP1BPP1/1R1QNRK1 b k - 1 16
BB	-2.15	6.21	e6h3	d5c4	2r1kb2/pp3p2/2n1bpr1/3qp3/P1Np3p/3P3P/1PP1BPP1/1R1QNRK1 b - - 5 18
WB	1.83	-0.51	c3d5	d2d4	rnb1kbnr/pppp1ppp/4q3/4p3/4P3/2N2N2/PP1P1PPP/R1BQKB1R w KQkq - 1 5
WB	3.88	-4.41	f1c4	a2a3	r1b1k1nr/pppp1ppp/2n1q3/4N3/1b1PP3/2N5/PP3PPP/R1BQKB1R w KQkq - 1 7
WB	-0.05	-0.59	f2f3	h2h4	r1b2rk1/pppp1ppp/8/3nP3/3P4/P7/5PPP/1RB1KB1R w K - 3 14
WB	0.27	-1.05	b1b3	b1b4	r1b2rk1/pppp1ppp/8/4P3/3P3P/P1n5/5PP1/1RB1KB1R w K - 1 15
WB	1.48	-1.16	f1b5	e5d6	r1b2rk1/p4ppp/8/1p1pP3/3P3P/P7/5PP1/2R1KB1R w K d6 0 19
WB	0.24	-3.59	c5c8	f1b5	2r2rk1/p2b1ppp/3P4/1pR5/3P3P/P7/5PP1/4KB1R w K - 3 21
WB	-0.12	-0.93	f1d1	g3g4	r2q1bk1/1pp2rpp/4bp2/n3pN2/p3P3/P1Q1B1P1/1PP2PBP/R4RK1 w - - 4 16
WB	-0.38	-0.74	e4e5	f4e3	r2q1bk1/1ppr2pp/2n1bp2/5N2/p3PBP1/P1Q5/1PP3BP/R4RK1 w - - 1 19
WB	0.00	-2.71	f1f2	f5h6	r2q1bk1/1ppr2pp/5p2/4nNP1/p1b1P3/P1Q1B3/1PP3BP/R4RK1 w - - 1 21
WB	0.89	-1.49	f1e2	b1a3	r2qkbnr/ppp2pp1/2n1p2p/3pPb2/3P4/2P2N2/PP3PPP/RNBQKB1R w KQkq - 0 6
WB	-0.58	-0.79	h1h3	h1h4	2rqk2r/ppp1nppb/4p2p/n2pP2P/3P4/P1P1BN2/P4PP1/R2QKB1R w KQk - 1 11
WB	-1.94	-1.60	e1f2	e1c1	2rq1rk1/pp3ppb/2p1p2p/n2pP2P/Q2P4/P1P1PN1R/P5P1/R3KB2 w Q - 1 15
WB	-3.13	-0.90	c1d2	d4c5	2rq1rk1/pp3ppb/4p2p/n1ppP2P/Q2P4/P1P1PN1R/P5P1/2KR1B2 w - - 0 16
WB	-4.15	-0.91	d1c1	f1d3	5rk1/ppq2ppb/4p2p/n1rpP2P/1Q6/P1P1PN1R/PK4P1/3R1B2 w - - 4 19
WB	-4.88	-1.56	b2a1	b2c2	5rk1/ppq2pp1/4p2p/2rpP2P/1Qn5/P1PRPN1R/PK4P1/8 w - - 1 21
BB	-0.05	4.14	e6d5	d6b4	r1bq1rk1/pp3ppp/2nbpn2/3P4/1P6/P1N1PN2/5PPP/R1BQKB1R b KQ - 0 9
BB	3.87	0.79	c6b4	f6d5	r1bq1rk1/pp3ppp/2n1pn2/3P4/1P6/2N1PN2/5PPP/R1BQKB1R b KQ - 0 10
WB	2.07	-0.55	c2c4	b1c3	r1bqkbnr/pp2nppp/2pp4/3P4/8/5N2/PPP1PPPP/RNBQKB1R w KQkq - 0 6
WB	3.20	-7.26	f1b5	d1d5	r1b1kbnr/pp2nppp/3p4/q2p4/4P3/2N2N2/PPP2PPP/R1BQKB1R w KQkq - 0 8
WB	-4.13	-1.91	e1g1	f3g5	r4b1r/pp1k1ppp/3p1n2/q2P4/8/2N2N2/PPP2PPP/R1B1K2R w KQ - 0 12
WB	-3.46	-0.76	f1e1	f1e1	r4b1r/pp2kpp1/3p1n1p/q2P2N1/8/2N5/PPP2PPP/R1B2RK1 w - - 0 14
WB	-3.46	-0.79	a1b1	h8f7	r4b1N/pp1k2p1/3p3p/8/8/4B3/P1q2PPP/R3R1K1 w - - 0 19
WB	-3.64	-0.55	a2a4	a1c1	r4b1N/pp1k2p1/3p1q1p/8/8/4B3/P4PPP/R3R1K1 w - - 4 21
BB	0.48	1.32	f8e7	h7h5	r2qkb1r/pp3ppp/2n1b3/1Bpn4/3P4/2N2N2/PP3PPP/R1BQ1RK1 b kq - 3 9
BB	1.32	0.65	f8e7	c5d4	r2qkb1r/pp3pp1/2n1b3/1Bpn2Np/3P4/2N5/PP3PPP/R1BQ1RK1 b kq - 1 10
BB	1.88	0.95	d8d7	d5c3	r2qkb1r/pp3pp1/2n1b3/1B1n2Np/3Q4/2N5/PP3PPP/R1B2RK1 b kq - 0 11
BB	2.92	3.58	f7e6	d5e6	r3kb1r/pp3pp1/2n1N3/1B1q3p/8/2Q5/PP3PPP/R1B2RK1 b kq - 0 13
BB	6.49	0.83	e6e1	e8c8	r3kb1r/pp3pp1/2n1q3/1B5p/8/2Q5/PP3PPP/R1B1R1K1 b kq - 1 14
BB	7.15	0.57	f7e6	f7e6	2kr1b1r/pp3pp1/2n1R3/1B5p/8/2Q5/PP3PPP/R1B3K1 b - - 0 15
BB	7.66	992.19	d8d6	a7a5	2kr1b1r/pp4p1/2n1p3/1B5p/8/2Q1B3/PP3PPP/R5K1 b - - 1 16
BB	0.42	0.76	c8g4	a7a5	rnb2rk1/ppq1ppbp/6p1/2p5/3PP3/2P2N2/P2BBPPP/2RQK2R b K - 7 11
BB	1.32	0.52	e6g4	e6d7	rn3rk1/1pq1ppbp/4b1p1/p1pP4/4P3/2P2N2/P2BBPPP/2RQ1RK1 b - - 0 13
BB	1.78	1.11	d7a4	h7h5	1n3rk1/1pqbppbp/r5p1/2pP4/2P1P3/p2B1N1P/P2B1PP1/1R1Q1RK1 b - - 1 17
BB	2.87	1.24	d7a4	g7e5	1n3rk1/1pqbppb1/r5p1/2pPP2p/2P5/p2B1N1P/P2B1PP1/1R1Q1RK1 b - - 0 18
BB	3.64	0.83	d7a4	a6f6	1n3rk1/1R1bpp2/r5p1/2pPq2p/2P5/p2B3P/P2B1PP1/3Q1RK1 b - - 0 20
BB	0.18	1.98	a8e8	f6d4	r4rk1/2pnqppp/1p3b2/p7/3Pb3/P5P1/1P1N1PBP/R2QR1K1 b - - 1 15
BB	1.52	1.87	d4e5	e7d6	r4rk1/2pnqppp/1p6/p7/3bR3/P5P1/1P1N1PBP/R2Q2K1 b - - 0 16
BB	3.20	2.28	d4f2	d4c5	r4rk1/2pn1ppp/1p1q4/p7/2NbR3/P5P1/1P3PBP/R2Q2K1 b - - 2 17
WB	2.61	-1.26	e1g1	e2b5	r1b1kbnr/ppp1pppp/8/5q2/1n1P4/2N2N2/PPP1BPPP/R1BQK2R w KQkq - 1 7
WB	1.68	-2.06	b5d7	b5d3	r3kbnr/pppbpppp/8/1B3q2/1n1P4/2N2N2/PPP2PPP/R1BQK2R w KQkq - 3 8
WB	-0.30	-0.58	c2d3	d1d3	r3kbnr/pppbpppp/8/5q2/3P4/2Nn1N2/PPP2PPP/R1BQK2R w KQkq - 0 9
WB	1.15	-1.24	f1e1	e5d7	r3k1nr/pppbp1b1/7p/4Np2/P2P2p1/2NP4/1P1B1PPP/R4RK1 w kq - 2 15
WB	0.58	-0.71	e3d4	a4a5	r6r/pppkn3/7p/4p3/P2b2p1/2NPB1P1/1P3P1P/R4RK1 w - - 2 20
WB	0.71	-1.14	g1f3	d4e5	r1b1kbnr/ppp2ppp/2n5/3qp3/3PN3/2PB4/PP3PPP/R1BQK1NR w KQkq - 0 7
WB	-0.30	-5.62	d3c2	d1a4	r1b1kbnr/ppp2ppp/8/3qn3/4N3/2PB4/PP3PPP/R1BQK1NR w KQkq - 0 8
WB	-5.74	-2.18	a4d4	e4f6	r3kbnr/pppb1ppp/8/3qn3/Q3N3/2PB4/PP3PPP/R1B1K1NR w KQkq - 2 9
WB	-7.92	-1.55	a4d7	a4h4	r3kb1r/pppb1ppp/5n2/3qn3/Q7/2PB4/PP3PPP/R1B1K1NR w KQkq - 0 10
WB	-7.56	-2.47	d3f1	g1e2	r3kb1r/pppb1ppp/5n2/4n3/7Q/2PB4/PP3PqP/R1B1K1NR w KQkq - 0 11
WB	-9.91	-1.32	e2g3	a2a4	r3kb1r/pppb1ppp/5n2/8/7n/2PB4/PPK1NP1P/R1B4q w kq - 0 14
WB	-10.48	-0.73	e2g3	e2g3	r3kb1r/pppb1ppp/8/8/P5nn/2PB4/1PK1NP1P/R1B4q w kq - 1 15
WB	-10.95	-1.50	g3f1	a1d1	r3kb1r/pppb1ppp/8/8/P5n1/2PB1nN1/1PKB1P1q/R7 w kq - 2 17
WB	-12.77	-987.17	d2h6	d1e1	r3kb1r/pppb1ppp/3q4/8/P7/2PB1n2/1PKB1n2/3R1N2 w kq - 2 19
BB	-1.55	1.33	a7a6	g8f6	r2qkbnr/ppp2ppp/2npb3/1N2p3/2P5/5N2/PPQPPPPP/R1B1KB1R b KQkq - 5 5
BB	-0.98	2.08	e6g4	c6d4	r2qkb1r/ppp2ppp/2npbn2/1N2p1N1/2P5/8/PPQPPPPP/R1B1KB1R b KQkq - 7 6
BB	-0.92	1.11	d7c6	d6d5	r2qkb1r/pppb1ppp/3p1n2/6N1/2P5/4P1P1/PPQ2P1P/R1B1KB1R b KQkq - 0 10
BB	-0.16	0.58	d5c4	h7h5	r2qkb1r/pppb1ppp/5n2/3p4/2P5/4PNP1/PPQ2P1P/R1B1KB1R b KQkq - 1 11
BB	-0.18	0.60	f8b4	a7a5	r2qkb1r/pppb1pp1/5n2/3p3p/2P4P/4PNP1/PPQ2P2/R1B1KB1R b KQkq - 0 12
BB	-2.86	3.01	d7e6	d7g4	r2qk2r/1ppb1pp1/5n2/p3N2p/1bQ4P/4P1P1/PP2KP2/R1B2B1R b kq - 0 15
BB	-0.56	0.63	c6c5	b8d7	rn1qkbnr/pp3ppp/2p1p3/3pP3/3P4/1P1Q4/P1P2PPP/RNB1K1NR b KQkq - 0 6
BB	-0.36	1.01	d5c4	h7h5	r2qkbnr/pp1n1ppp/2p1p3/3pP3/2PP4/1P1Q4/P4PPP/RNB1K1NR b KQkq - 0 7
BB	0.45	0.75	f8b4	a7a5	r2qkbnr/pp1n1pp1/2p1p3/3pP2p/2PP4/1P1Q1N2/P4PPP/RNB1K2R b KQkq - 1 8
BB	0.38	0.95	g8h6	h8h6	r2qk1nr/1p1n1pp1/2p1p3/p2pP2p/PbPP4/1P1Q1N2/3B1PPP/RN2K2R b KQkq - 2 10
BB	0.00	1.42	e7c6	a8a6	r2qk3/1p1nnpp1/7r/2ppP2p/Pp1P1Q2/1P3N2/3N1PPP/R3K2R b KQq - 3 15
BB	1.41	0.92	e7g6	e8f8	3qk3/1p1nnpp1/r6r/2ppP2p/Pp1P1Q2/1P3N2/3N1PPP/R4RK1 b - - 5 16
BB	0.60	0.55	f8g8	c5d4	3q1k2/1p1nnpp1/r6r/2ppP2p/Pp1P1Q1N/1P6/3N1PPP/R4RK1 b - - 7 17
BB	-0.37	1.85	e7c6	a6b6	3q1k2/1p1nnpp1/r6r/3pP2p/Pp1Q3N/1P6/3N1PPP/R4RK1 b - - 0 18
BB	1.37	0.74	f8g8	d8c8	3q1k2/1p1nnpp1/1r5r/3pP2p/Pp1Q3N/1P3N2/5PPP/R4RK1 b - - 2 19
BB	1.58	0.75	h6c6	c8d8	2q2k2/1p1nnpp1/1r5r/3pP2p/Pp1Q3N/1P3N2/5PPP/2R2RK1 b - - 4 20
BB	0.70	0.58	f8d6	h7h5	r2qkb1r/1ppb1ppp/p1n1pn2/3p4/2PP1B2/P3PN2/1P1N1PPP/R2QKB1R b KQkq - 0 7
BB	1.29	0.51	d5c4	f6g4	r2qkb1r/1ppb1pp1/p1n1pn2/3p3p/2PP1B2/P3PN2/1PQN1PPP/R3KB1R b KQkq - 1 8
BB	-0.30	0.78	a5a4	d7c8	r2qkb1r/1ppb1pp1/2n5/p2p3p/3P1Bn1/PQ2PN2/1P1NKPPP/R4B1R b kq - 1 11
BB	-0.49	0.83	c6e5	f6e4	r1bqkb1r/1pp2pp1/2n2n2/3pN2p/p2P1B2/P1Q1P2P/1P1NKPP1/R4B1R b kq - 3 14
BB	0.29	2.70	c6e5	d5e4	r1bqkb1r/1pp2pp1/2n5/3pN2p/p2PNB2/P1Q1P2P/1P2KPP1/R4B1R b kq - 0 15
BB	-0.67	0.57	g7g6	b8c6	rnbqkb1r/ppp1pppp/5n2/3p4/5P2/P4N2/1PPPP1PP/RNBQKB1R b KQkq - 0 3
BB	-0.70	1.15	e7e5	h7h5	r1b1kb1r/ppp1pppp/2nq1n2/3p4/5P2/P2PPN2/1PP3PP/RNBQKB1R b KQkq - 0 5
BB	-0.28	0.65	h5h4	a7a5	r1b1kb1r/ppp1pp2/2nq1np1/3p3p/1P3P2/P1PPPN2/6PP/RNBQKB1R b KQkq - 0 7
BB	-1.17	1.47	f8g7	h8g8	r1b1kb1r/1pp1pp2/2nq1np1/3p3p/5P2/P2PPN2/1B2B1PP/RN1Q1RK1 b kq - 3 11
BB	0.00	1.52	d6c5	d5d4	r1b1kbr1/1pp1pp2/2nq1np1/3p3p/5P2/P1NPPN2/1B2B1PP/R2Q1RK1 b q - 5 12
BB	1.39	5.36	d6d8	d6e6	r1b1kbr1/1pp1pp2/2nq1np1/1N5p/3p1P2/P2PPN2/1B2B1PP/R2Q1RK1 b q - 1 13
BB	5.96	0.74	d8e8	d4e3	r2k1br1/1p2pp2/2n1bnp1/6Np/3p1P2/P2PP3/1B2B1PP/R2Q1RK1 b - - 1 16
BB	5.94	1.11	e6d7	e6d5	r2k1br1/1p2pp2/2n1bnp1/6Np/5P2/P2PpB2/1B4PP/R2Q1RK1 b - - 1 17
BB	5.78	1.68	a8a5	d8c7	r2k1br1/1p2pp2/2n2np1/3b2Np/5P2/P2PpB2/1B4PP/2RQ1RK1 b - - 3 18
BB	7.35	992.57	c7c8	c7b6	r4br1/1pk1pp2/2n2np1/3bB1Np/5P2/P2PpB2/6PP/2RQ1RK1 b - - 5 19
WB	0.71	-0.56	a1d1	f2f4	r1bqr1k1/pppnppbp/3p1np1/6B1/2PPP3/2N5/PP1QBPPP/R3K1NR w KQ - 6 8
WB	0.37	-1.69	f4e5	g1f3	r1bqr1k1/pppn1pbp/3p1np1/4p1B1/2PPPP2/2N5/PP1QB1PP/R3K1NR w KQ - 0 9
WB	-0.02	-1.58	f4e5	g5h4	r1bqr1k1/pppn1pb1/3p1npp/4p1B1/2PPPP2/2N2N2/PP1QB1PP/R3K2R w KQ - 0 10
WB	-0.12	-2.04	h4g5	f4g5	r1bqr1k1/pppn1pb1/3p1n2/6p1/2PPPQ1B/2N5/PP2B1PP/R3K2R w KQ - 0 13
WB	-2.37	-0.69	a1d1	e1c1	r1bqr1k1/pp1n1pb1/3p1n2/2p3Q1/2PPP2B/2N5/PP2B1PP/R3K2R w KQ - 0 14
WB	0.12	-4.43	d1d3	g5e3	r1b1r1k1/pp1n1pb1/1q1p1n2/2p3Q1/2PPP2B/2N5/PP2B1PP/2KR3R w - - 2 15
WB	-4.13	-0.80	d1d4	e3d4	r1b1r1k1/pp1n1pb1/1q1p1n2/8/2PpP2B/2N1Q3/PP2B1PP/2KR3R w - - 0 16
WB	-1.05	-2.47	c3b5	c1c2	r1b1r1k1/pp3pb1/3R4/4n3/2P1P1nB/2N5/PP2B1PP/2K4R w - - 1 19
WB	-3.43	-1.01	c2b1	c2b3	r1b1r1k1/pp3pb1/3R4/4n3/2P1P2B/2N1n3/PPK1B1PP/7R w - - 3 20
WB	-4.26	-1.21	c3d5	d6d4	r3r1k1/pp3pb1/3Rb3/4n3/2P1P2B/1KN1n3/PP2B1PP/7R w - - 5 21
BB	-0.51	0.81	b7b6	b8c6	rnbqkb1r/ppp2ppp/4pn2/2Pp4/3P4/5N2/PP2PPPP/RNBQKB1R b KQkq - 0 4
BB	-0.14	0.61	b7b6	c8d7	r1bqkb1r/ppp2ppp/2n1pn2/2Pp4/3P4/2N2N2/PP2PPPP/R1BQKB1R b KQkq - 2 5
BB	-1.81	2.77	b7b6	h7h5	1r1qkb1r/pppb1ppp/2n1p3/2P3N1/3Pp3/1Q2B3/PP2PPPP/R3KB1R b KQk - 1 9
BB	0.40	1.30	b7b6	e6e5	1r1qkb1r/pppb1pp1/2n1p3/2P4p/3PN3/1Q2B3/PP2PPPP/R3KB1R b KQk - 0 10
BB	-0.22	0.64	d8e7	e5g4	1r1qkb1r/pppb1pp1/8/2PQn2p/4N3/4B3/PP2PPPP/R3KB1R b KQk - 1 12
BB	-0.57	2.71	d8e7	e8e7	1r1qk2r/pppbBpp1/8/2PQ3p/4N1n1/8/PP2PPPP/R3KB1R b KQk - 0 14
BB	1.96	1.01	g4f6	h8h6	1r1q3r/pppbkpp1/8/2PQ3p/4N1n1/8/PP2PPPP/3RKB1R b K - 1 15
BB	2.86	2.60	g4f6	d7c6	1r1q4/pppbkpp1/7r/2PQ3p/4N1n1/5P2/PP2P1PP/3RKB1R b K - 0 16
BB	5.30	0.74	e7e8	h6f6	1r1q4/ppp1kpp1/2b4r/2P3Qp/4N1n1/5P2/PP2P1PP/3RKB1R b K - 2 17
BB	6.22	0.52	g7f6	g4f6	3r4/ppp1kpp1/2b2N2/2P3Qp/6n1/5P2/PP2P1PP/4KB1R b K - 0 19
BB	6.75	0.74	d8d5	a7a5	3r4/ppp1kpQ1/2b2n2/2P4p/8/5P2/PP2P1PP/4KB1R b K - 0 20
BB	-0.45	0.75	f6e4	b8c6	rnbqkb1r/pppp1ppp/5n2/1B2p3/4P3/5N2/PPPP1PPP/RNBQK2R b KQkq - 3 3
BB	-0.38	0.75	c8g4	e8g8	r1bqk2r/ppp2ppp/3p1n2/2b1p1B1/2BnP3/3P1N2/PPP2PPP/RN1Q1RK1 b kq - 1 7
BB	-0.09	0.53	h7h6	c8e6	r1bq1rk1/ppp2ppp/3p1n2/2b1p1B1/2BnP3/3P1N2/PPPN1PPP/R2Q1RK1 b - - 3 8
BB	-0.43	0.51	h7h6	d8e7	r2q1rk1/ppp2ppp/3pbn2/2b1p1B1/2BnP3/1P1P1N2/P1PN1PPP/R2Q1RK1 b - - 0 9
BB	-0.19	1.82	h7h6	b7b6	r4rk1/1pp1qppp/3p1n2/p1bPp1B1/8/1PPP1N2/P4PPP/R2Q1RK1 b - - 0 13
BB	1.34	0.90	c5a3	e5d4	r4rk1/2p1qppp/1p1p1n2/p1bPp1B1/3P4/1PP2N2/P4PPP/R2Q1RK1 b - - 0 14
BB	1.51	1.55	c5a3	c5b4	r4rk1/2p1qppp/1p1p1n2/p1bP2B1/3P4/1P3N2/P4PPP/R2Q1RK1 b - - 0 15
BB	2.97	1.01	c7c5	g8h8	r4rk1/2p1qppp/1p1p1n2/p2P2B1/1b1P4/1P3N2/P4PPP/R1Q2RK1 b - - 2 16
BB	2.12	2.00	f6d5	b4c5	r4r1k/2p1qp2/1p1p1n1p/p2P2p1/1b1P4/PP3NB1/5PPP/R1Q2RK1 b - - 1 19
BB	3.42	1.28	c5a3	f6e4	r4r1k/2p1qp2/1p1p1n1p/p1bP2p1/3P4/PP3NB1/5PPP/R1Q1R1K1 b - - 3 20
WB	2.71	-0.78	e4e5	c1g5	r1bqkb1r/pppppp1p/n4np1/8/2PPP3/2N2N2/PP3PPP/R1BQKB1R w KQq - 1 6
WB	2.41	-1.10	e4e5	h2h4	r1bqk2r/ppppppbp/n4np1/6B1/2PPP3/2N2N2/PP3PPP/R2QKB1R w KQq - 3 7
WB	2.73	-1.28	h4h5	a2a4	r1bqk2r/ppppppbp/6p1/2P3B1/1n1PP1nP/2N2N2/PP3PP1/R2QKB1R w KQq - 1 9
WB	5.31	-2.69	a1a4	c3d5	r1bq1b1r/pppp1k1p/4pp2/P1P4R/1n1PP1n1/2N2N2/1P1B1PP1/R2QKB2 w Q - 1 14
WB	4.13	-0.92	f1c4	d1b3	r1bq1b1r/pppp1k1p/5p2/P1P4R/1B1Pp1n1/5N2/1P3PP1/R2QKB2 w Q - 0 16
WB	4.28	-4.30	b3d5	h5h4	r1bq1b1r/pppp3p/5pk1/P1P4R/1B1Pp1n1/1Q3N2/1P3PP1/R3KB2 w Q - 2 17
WB	6.48	-7.74	h4g4	f3e5	r1bq1b1r/pppp3p/6k1/P1P2p2/1B1Pp1nR/1Q3N2/1P3PP1/R3KB2 w Q - 0 18
WB	-1.33	-0.82	b3h3	h4h3	r1bq1b1r/pppp3p/6k1/P1P1np2/1B1Pp2R/1Q6/1P3PP1/R3KB2 w Q - 0 19
WB	2.08	-4.03	b4d2	b4c3	r1bq1b1r/pppp3p/2n2k2/P1P2p2/1B1Pp3/1Q4R1/1P3PP1/R3KB2 w Q - 4 21
BB	-4.01	7.82	f8b4	d7b6	r1b1kb1r/pppn1ppp/8/3n2N1/3P4/8/PP2PPPP/R2QKB1R b KQkq - 0 8
BB	2.66	1.47	f8b4	h7h5	r1b1kb1r/ppp2ppp/1n6/3n2N1/3P4/3Q4/PP2PPPP/R3KB1R b KQkq - 2 9
BB	3.44	0.72	f8b4	f8e7	r1b1kb1r/ppp2pp1/1n6/3n2Np/3PP3/3Q4/PP3PPP/R3KB1R b KQkq - 0 10
BB	3.21	2.09	c7c6	c7d6	r1b1k2r/ppp2pp1/1n1P4/6bp/3P4/3Q4/PP3PPP/R3KB1R b KQkq - 0 12
BB	5.51	994.48	c8d7	h8h6	r1b2k1r/pp3pp1/1n1p4/6Qp/3P4/8/PP3PPP/R3KB1R b KQ - 0 14
WB	0.41	-0.52	g1f3	e2e3	r1bqkb1r/pppppppp/2n2n2/8/8/1P6/PBPPPPPP/RN1QKBNR w KQkq - 3 3
WB	1.12	-2.28	b5c6	b5c4	r1bqkb1r/1ppp1ppp/p1n2n2/1B2p3/8/1P2P3/PBPP1PPP/RN1QK1NR w KQkq - 0 5
WB	-0.99	-0.62	c4e2	c4d3	r1bqkb1r/1pp2ppp/p1n2n2/3pp3/2B5/1P2P3/PBPP1PPP/RN1QK1NR w KQkq - 0 6
WB	-1.32	-0.72	d3e2	b1c3	r1bqk2r/1pp2ppp/p1n2n2/2bpp3/8/1P1BP3/PBPP1PPP/RN1QK1NR w KQkq - 2 7
WB	0.52	-3.11	c3e2	e1e2	r2qk2r/2p2pp1/2n1bn2/p1bpp2p/R6P/1PNBPN2/1BPP1PP1/3QK2R w Kkq - 0 12
WB	4.26	-2.65	d3b5	b2a3	r2qk3/2p2p2/2n1bnpr/p1bpp2p/R6P/1PNBPN2/1BPPKPP1/Q6R w q - 2 14
WB	4.34	-3.33	d3b5	h1g1	r2qk3/2pn1p2/2n1b1pr/p1bpp2p/R6P/BPNBPN2/2PPKPP1/Q6R w q - 4 15
WB	4.94	-3.92	d3b5	g1h1	r2qk3/2pn4/2n1b1pr/p1bppp1p/R6P/BPNBPN2/2PPKPP1/Q5R1 w q - 0 16
WB	3.98	-1.46	d3b5	a3c5	r2q1k2/2pn4/2n1b1pr/p1bppp1p/R6P/BPNBPN2/2PPKPP1/Q6R w - - 2 17
WB	2.79	-2.45	d3b5	a1a3	r2q1k2/2p5/2n1b1pr/p1nppp1p/R6P/1PNBPN2/2PPKPP1/Q6R w - - 0 18
WB	4.20	-4.79	a3a4	a3e7	r5k1/2p1q3/2n1N1pr/p2ppp1p/n6P/QPNBP3/2PPKPP1/7R w - - 1 21
WB	2.59	-0.67	c4c5	c1d2	r1b1k2r/pppp1ppp/n2bpq1n/8/2PP4/2N1PN2/PP3PPP/R1BQKB1R w KQkq - 1 6
WB	4.37	-0.98	c3e4	h2h4	r1b1k2r/pppp1ppp/4pq2/2b2n2/8/2N1PN2/PP1B1PPP/R2QKB1R w KQkq - 0 9
WB	4.25	-0.95	c3e4	f3g5	r1b2rk1/pppp1ppp/4pq2/2b2n2/7P/2N1PN2/PP1B1PP1/R2QKB1R w KQ - 1 10
WB	4.25	-0.69	f1d3	h1h3	r1b2rk1/pppp1ppp/3bpq2/5nN1/7P/2N1P3/PP1B1PP1/R2QKB1R w KQ - 3 11
WB	5.15	-1.87	d1h5	e3e4	r1b2rk1/pppp1ppp/3bpq2/6N1/7n/2N1P2R/PP1B1PP1/R2QKB2 w Q - 0 12
WB	3.95	-5.88	d1e2	d2e3	r1b2rk1/pppp1ppp/4pq2/2b3N1/4P2n/2N4R/PP1B1PP1/R2QKB2 w Q - 1 13
WB	-2.10	-2.15	g2g3	g2g4	r1b2rk1/pppp1ppp/4p3/6q1/4P2n/2N1R3/PP3PP1/R2QKB2 w Q - 0 15
WB	-3.12	-0.80	e3g3	a2a4	r1b2rk1/pppp1ppp/4pq2/8/4P1Pn/2N1R3/PP3P2/R2QKB2 w Q - 1 16
WB	-2.56	-1.44	c3b5	e3h3	r1b1r1k1/pppp1ppp/4pqn1/P7/4P1P1/2N1R3/1P3P2/R2QKB2 w Q - 1 18
WB	-3.13	-0.67	d1c2	a5a6	r1b3k1/pppprppp/4pqn1/P7/4P1P1/2N4R/1P3P2/R2QKB2 w Q - 3 19
WB	-3.62	-0.52	d1d2	a6b7	1rb3k1/pppprppp/P3pqn1/8/4P1P1/2N4R/1P3P2/R2QKB2 w Q - 1 20
WB	3.92	-0.79	f1g2	f2f3	r2qk2r/pbpp1ppp/1p2pn2/8/1b1PPB1P/2N3P1/PPQ2P2/1R2KBNR w Kkq - 2 9
WB	3.40	-0.68	a3a4	b1b4	r3k2r/pbppqppp/1p2p3/8/3PPP1P/P1P2P2/2Q5/1R2KBNR w Kkq - 1 13
WB	2.77	-0.93	f1d3	h4h5	2kr2r1/pbppqppp/1p2p3/8/1R1PPP1P/P1P2P2/6Q1/4KBNR w K - 5 15
WB	2.32	-0.93	f1d3	h5h6	1k1r2r1/pbppqppp/1p2p3/7P/1R1PPP2/P1P2P2/6Q1/4KBNR w K - 1 16
WB	2.32	-1.23	e4e5	h1h6	1k1r2r1/pbp1qp1p/1p2p2p/3p4/1R1PPP2/P1P2P2/5Q2/4KBNR w K - 0 18
WB	2.18	-1.27	e4e5	f2h2	1k1r4/pbp1qprp/1p2p2R/3p4/1R1PPP2/P1P2P2/5Q2/4KBN1 w - - 1 19
WB	0.85	-0.95	f3e4	h6h7	1k1r4/pbp1qprp/1p2p2R/8/1R1PpP2/P1P2P2/7Q/4KBN1 w - - 0 20
BB	-1.38	1.17	c7c5	b8c6	rnbqkbnr/ppp2ppp/8/3p4/3Np3/2P1P3/PP1P1PPP/RNBQKB1R b KQkq - 0 4
BB	-0.63	0.83	f8d6	c8g4	r1bqkb1r/p1p2ppp/2p2n2/3p4/4p3/1PP1P3/PB1P1PPP/RN1QKB1R b KQkq - 2 7
BB	-3.10	1.27	d8d6	a8b8	r2qkb1r/p1p2pp1/2p2n2/3p4/4p1p1/1PP1P3/PB1P1PPP/RN1Q1RK1 b kq - 1 10
BB	-3.88	1.73	f8d6	b8b6	1r1qkb1r/p1p2pp1/2p2n2/3p4/4p1p1/1PP1P3/PBQP1PPP/RN3RK1 b k - 3 11
BB	-2.36	2.24	f6d7	d5c4	3qkb1r/p1p2pp1/1rp2n2/3p4/2P1p1p1/1P2P3/PBQP1PPP/RN3RK1 b k - 0 12
BB	-0.66	1.72	d8d5	h8h5	3qkb1r/p1p2pp1/1rp2n2/8/2Q1p1p1/1P2P3/PB1P1PPP/RN3RK1 b k - 0 13
BB	0.12	0.75	f8d6	d8d2	3qkb2/p1p2pp1/1rp2n2/7r/2Q1p1p1/1PN1P3/PB1P1PPP/R4RK1 b - - 2 14
BB	-1.57	1.09	f8d6	f8e7	4kb2/p1p2pp1/1rp2n2/7r/6p1/1PNpP3/P4PPP/R1BR2K1 b - - 1 17
BB	-0.53	3.92	e7d6	h5d5	4k3/p1p1bpp1/1rp2n2/7r/6p1/1PNRP3/P4PPP/R1B3K1 b - - 0 18
BB	3.19	0.60	c6d5	f6d5	4k3/p1p1bpp1/1rp2n2/3N4/6p1/1P1RP3/P4PPP/R1B3K1 b - - 0 19
WB	1.60	-1.03	e3e4	g5e6	rn2kb1r/pp2pppp/2pqbn2/6N1/2pP4/2N1P3/PP3PPP/R1BQKB1R w KQkq - 5 7
WB	1.70	-1.50	f1c4	h2h4	rn2kb1r/pp2pppp/2p5/8/2pPq3/4P3/PP1B1PPP/R2QKB1R w KQkq - 0 10
WB	0.25	-1.31	d4e5	a2a4	rn2kb1r/pp3ppp/2p5/4p3/2pPq2P/4P3/PP1B1PP1/R2QKB1R w KQkq - 0 11
WB	-1.05	-1.30	d1f3	h1h3	rn2kb1r/pp3ppp/2p5/8/P1ppq2P/4P3/1P1B1PP1/R2QKB1R w KQkq - 0 12
WB	-0.50	-2.27	d1f3	h4h5	rn2k2r/pp2bppp/2p5/8/P1ppq2P/4P2R/1P1B1PP1/R2QKB2 w Qkq - 2 13
WB	-1.74	-1.62	h6g7	d2c3	rn3rk1/pp2bppp/2p4P/8/P1p1q3/3pP2R/1P1B1PP1/R2QKB2 w Q - 0 15
WB	-0.23	-1.86	c3f6	h6g7	rn3rk1/pp3ppp/2p2b1P/8/P1p1q3/2BpP2R/1P3PP1/R2QKB2 w Q - 2 16
WB	0.61	-0.79	d1h5	a4a5	rn3r2/pp3pkp/2p5/8/P1p1q3/2PpP2R/5PP1/R2QKB2 w Q - 0 18
WB	-0.11	-2.99	d1h5	a5a6	r4r2/pp1n1pkp/2p5/P7/2p1q3/2PpP2R/5PP1/R2QKB2 w Q - 1 19
WB	-0.89	-3.12	d1h5	h3h5	r4r2/p2n1pkp/Ppp5/8/2p1q3/2PpP2R/5PP1/R2QKB2 w Q - 0 20
WB	-3.60	-1.69	d1f3	g2g4	3r1r2/p2n1pkp/Ppp5/7R/2p1q3/2PpP3/5PP1/R2QKB2 w Q - 2 21
WB	-0.36	-0.59	e3g5	d1c1	r2q1rk1/1p2bppp/2np1n2/p1p1p3/P1P3bP/2NPBBP1/1P2PP2/R2QK1NR w KQ - 0 10
WB	5.14	-0.90	e3g5	c6f3	1r1q1rk1/4bppp/1pBp1n2/p1p1p3/P1P3bP/2NPB1P1/1P2PP2/R1Q1K1NR w KQ - 1 12
WB	4.77	-0.67	f3h2	e3g5	1r1q1rk1/4bppp/1p1p4/p1p1p3/P1P3nP/2NPBNP1/1P2PP2/R1Q1K2R w KQ - 1 14
WB	4.65	-0.88	f3h2	e1g1	1r3rk1/4qpp1/1p1p3p/p1p1p3/P1P3nP/2NP1NP1/1P2PP2/R1Q1K2R w KQ - 0 16
WB	3.92	-0.58	c3d5	c1d2	1r3rk1/4q1p1/1p1p3p/p1p1p3/P1P2pnP/2NP1NP1/1P2PPK1/R1Q2R2 w - - 0 18
WB	4.65	-1.17	f3h2	c3d5	1r3rk1/4q1p1/1p1p1n1p/p1p1p3/P1P4P/2NP1NP1/1P1QP1K1/R4R2 w - - 1 20
WB	0.29	-0.51	g1f3	f1g2	rnbqkbnr/ppp1pppp/8/3p4/8/6P1/PPPPPP1P/RNBQKBNR w KQkq - 0 2
WB	0.72	-0.54	c2c3	e1g1	r1bqkbnr/1pp2pp1/2n4p/pN2p3/3p4/3P1NP1/PPP1PPBP/R1BQK2R w KQkq - 0 7
WB	1.11	-1.07	e2e3	a2a3	r1bqkbnr/1pp2p2/2n4p/1N2p1p1/p2p4/3P1NP1/PPPBPPBP/R2Q1RK1 w kq - 0 9
WB	0.95	-1.57	c2c3	h2h4	r2qkbnr/1pp2p2/2n4p/1N2p1p1/p2p2b1/P2P1NP1/1PPBPPBP/R2Q1RK1 w kq - 1 10
WB	0.76	-0.60	e2f3	g2f3	r2qkbnr/1pp2p2/2n4p/1N2p1p1/p2p3P/P2P1bP1/1PPBPPB1/R2Q1RK1 w kq - 0 11
WB	0.15	-0.97	e2e3	g1g2	r2qkbnr/1pp2p2/2n4p/1N2p3/p2p3p/P2P1BP1/1PPBPP2/R2Q1RK1 w kq - 0 12
WB	0.72	-1.01	c2c3	f1h1	r2q1bnr/1ppk1p2/2n4p/1N2p3/p2p3p/P2P1BP1/1PPBPPK1/R2Q1R2 w - - 2 13
WB	1.16	-1.27	c2c3	d2b4	3q1bnr/rppk1p2/7p/4p3/p2p4/P2P1BP1/1PPBP1K1/R2Q3R w - - 0 16
WB	0.34	-3.16	b4d2	d1d2	3q1bnr/rp1k1p2/7p/2p1p3/pB1p4/P2P1BP1/1PP1P1K1/R2Q3R w - - 0 17
WB	-2.04	-0.73	c2c4	b2b3	3q1bnr/r2k1p2/7p/1p2p3/pP1p4/3P1BP1/1PPQP1K1/R6R w - - 0 19
WB	-2.95	-0.72	c3d4	c3c4	5bnr/r2k1p2/1q5p/1p2p3/1P1p4/pPPP1BP1/3QP1K1/R6R w - - 1 21
WB	1.19	-0.62	b2b3	c1f4	r2qk2r/pp3ppp/2p1pn2/2np1b2/8/3P1NP1/PPP1PPBP/R1BQ1RK1 w kq - 0 9
WB	2.51	-1.71	f4e3	f3e5	3r1rk1/pp3ppp/1qp1pnb1/2np4/1Q3B2/P2P1NP1/1PP1PPBP/R4RK1 w - - 1 13
WB	4.88	-0.64	e2d3	e5d3	3r1rk1/pp3ppp/2p1pnb1/3pN3/1P3B2/3n2P1/1PP1PPBP/R4RK1 w - - 0 15
WB	4.81	-0.81	d3c5	g2f3	3r1rk1/1p3ppp/p1p1pnb1/3p4/1P3B2/3N2P1/1PP1PPBP/R4RK1 w - - 0 16
WB	4.59	-0.81	f3e4	g1g2	3r1rk1/1p3ppp/p1p1p1b1/3p4/1P2nB2/3N1BP1/1PP1PP1P/R4RK1 w - - 2 17
WB	4.26	-0.60	d3e5	h2h4	3rr1k1/1p3pp1/p1p1p1b1/3p3p/1P2nB2/3N1BP1/1PP1PPKP/R6R w - - 0 19
WB	5.00	-1.39	h1e1	d3c5	3rr1k1/1p4p1/p1p1p1b1/5p1p/1P1pnB1P/1P1N1BP1/2P1PPK1/R6R w - - 0 21
BB	-1.45	2.44	a7a6	f8b4	r1bqkbnr/ppp2ppp/2n5/1N1pp3/3P4/5N2/PPP1PPPP/R1BQKB1R b KQkq - 0 4
BB	-0.54	1.41	e5e4	e5d4	r1b1k1nr/1pq2ppp/p1n5/3pp3/1P1P4/5N2/PP2PPPP/R1BQKB1R b KQkq - 0 7
BB	-0.07	1.69	b8b7	b8b5	1r2r1k1/B4ppp/p1p3n1/3p4/4b3/2K5/PP2PPPP/3R1B1R b - - 15 19
BB	-2.09	2.11	c6c5	b5b8	4r1k1/5ppp/p1p3n1/1r1p4/4b3/2K1B3/PP2PPPP/3R1B1R b - - 17 20
BB	-2.51	2.12	b6f6	e7e6	r1b1kbnr/pp1npppp/1q6/3p4/5B2/1P3N2/P1P1PPPP/RN1QKB1R b KQkq - 0 6
BB	-0.54	0.60	g8f6	h7h5	r1b1kbnr/pp1n1ppp/1q2p3/3p4/5B2/1P2PN2/P1P2PPP/RN1QKB1R b KQkq - 0 7
BB	-0.06	0.56	f8d6	a7a5	r1b1kb1r/pp1n1pp1/1q2pn2/3p3p/5B2/1P1BPN1P/P1P2PP1/RN1QK2R b KQkq - 2 9
BB	-0.39	1.57	b4c3	g8h8	r1b2rk1/1p1n1pp1/1q2pn2/p2p3p/Pb3B2/1P1BPN1P/2PN1PP1/R2Q1RK1 b - - 4 12
BB	-1.38	1.71	h8g8	b7b6	r1b2r1k/1p1n1pp1/4pn2/p2p3p/Pq3B2/1P1BPN1P/2QN1PP1/2R3K1 b - - 2 16
BB	-3.48	0.71	b4c3	c8a6	r1b2r1k/3n1pp1/1p2pn2/p2p3p/Pq3B2/1PQBPN1P/3N1PP1/2R3K1 b - - 1 17
BB	-3.35	0.91	b4c3	a8a6	r4r1k/3n1pp1/Bp2pn2/p2p3p/Pq3B2/1PQ1PN1P/3N1PP1/2R3K1 b - - 0 18
WB	2.31	-1.45	h2h3	h2h4	r1b1kb1r/pppqpppp/2np4/6B1/3PP1n1/2N2N2/PPP2PPP/R2QKB1R w KQkq - 3 6
WB	4.09	-2.37	d4d5	a2a4	r1b1kb1r/ppp1pppp/2npq3/6B1/3PP1nP/2N2N2/PPP2PP1/R2QKB1R w KQkq - 1 7
WB	6.21	-4.02	d4d5	a4a5	r3kb1r/pppbpppp/2npq3/6B1/P2PP1nP/2N2N2/1PP2PP1/R2QKB1R w KQkq - 1 8
WB	4.68	-0.62	a5a6	a1d1	r3kbr1/pppbpppp/2npq3/P2Q2B1/4P2P/2N2N2/1PP2PP1/R3KB1R w KQq - 1 11
WB	4.52	-0.71	d5d2	f3d4	2r1kbr1/pppbpppp/2npq3/P2Q2B1/4P2P/2N2N2/1PP2PP1/3RKB1R w K - 3 12
WB	5.83	-0.95	f1c4	d4b4	r3kbr1/pppbpppp/3pq3/P5B1/3QP2P/2N5/1PP2PP1/3RKB1R w K - 1 14
WB	5.84	-1.42	f1b5	h4h5	r4br1/pppkpppp/2bpq3/P7/1Q2P2P/2N1B3/1PP2PP1/3RKB1R w K - 5 16
WB	6.70	-1.33	f1c4	h3g3	r4br1/pppkpppp/2bpq3/P6P/1Q2P3/2N1B2R/1PP2PP1/3RKB2 w - - 3 18
WB	6.72	-0.86	f1c4	f1e2	r4b1r/pppkpppp/2bpq3/P6P/1Q2P3/2N1B1R1/1PP2PP1/3RKB2 w - - 5 19
WB	7.06	-1.36	e2g4	e1f1	r4br1/pppkpppp/2bpq3/P6P/1Q2P3/2N1B1R1/1PP1BPP1/3RK3 w - - 7 20
WB	1.22	-0.99	c3d5	c1d2	r1bqkb1r/pppppppp/5n2/3n4/3P4/2N1PN2/PPP2PPP/R1BQKB1R w KQkq - 5 5
WB	0.86	-0.78	f1d3	c2c3	1rbqkb1r/1ppppppp/8/p7/3Pn3/B3PN2/PPP2PPP/R2QKB1R w KQk - 2 9
WB	0.89	-2.12	a3f8	h2h4	1rbqkb1r/1ppp1ppp/4p3/p7/3Pn3/B1P1PN2/PP3PPP/R2QKB1R w KQk - 0 10
WB	-1.00	-0.56	d1c2	d1b3	1rbqk2r/1ppp1ppp/4p3/p7/3P3P/P1n1PN2/P4PP1/R2QKB1R w KQk - 0 12
WB	-1.16	-1.10	e3e4	f3e5	1rbq1rk1/1ppp1ppp/4p3/p2n4/3P3P/PQ2PN2/P4PP1/3RKB1R w K - 4 14
WB	-1.17	-0.61	f1d3	h4h5	1rbqr1k1/1ppp1ppp/4p3/p2nN3/3P3P/PQ2P3/P4PP1/3RKB1R w K - 6 15
WB	-0.67	-1.29	h5h6	g2g4	1rb1r1k1/1ppp1ppp/4p3/p2nN1qP/3P4/PQ2P3/P4PP1/3RKB1R w K - 1 16
WB	-0.21	-3.92	e5f3	e5c4	1rb1r1k1/1ppp2pp/4pp2/p3N2P/3P1qP1/PQ6/P7/3RKB1R w K - 0 19
WB	-4.08	-0.53	e1d2	c4e3	1rb1r1k1/1ppp2pp/4pp2/p6P/2NPq1P1/PQ6/P7/3RKB1R w K - 2 20
WB	-4.55	-0.73	e1d2	d1d2	1rb1r1k1/1ppp2pp/4pp2/p6P/3P2P1/PQ2N3/P7/3RKB1q w - - 0 21
BB	-1.47	2.38	a7a6	f8b4	r1bqkbnr/ppp2ppp/2n5/1N1pp3/3P4/5N2/PPP1PPPP/R1BQKB1R b KQkq - 0 4
BB	-0.64	1.39	e5e4	e5d4	r1b1k1nr/1pq2ppp/p1n5/3pp3/1P1P4/5N2/PP2PPPP/R1BQKB1R b KQkq - 0 7
BB	-0.56	0.53	g6f8	a8b8	r3r1k1/5ppp/p1p3n1/3p4/4b3/2K1B3/PP2PPPP/3R1B1R b - - 13 18
BB	-0.07	1.60	b8b7	b8b5	1r2r1k1/B4ppp/p1p3n1/3p4/4b3/2K5/PP2PPPP/3R1B1R b - - 15 19
BB	-2.20	2.20	c6c5	b5b8	4r1k1/5ppp/p1p3n1/1r1p4/4b3/2K1B3/PP2PPPP/3R1B1R b - - 17 20
BB	-0.64	3.94	e5c4	c8d7	r1b2rk1/2q1bppp/p2ppn2/1p2n3/3NPP2/PBN3Q1/1PP3PP/R1B1R1K1 b - - 0 13
BB	3.28	0.57	a6a5	e7c5	r4rk1/2qbbppp/p3pn2/1p2p3/4P3/PBN2NQ1/1PP3PP/R1B1R1K1 b - - 1 15
BB	3.68	0.60	f6e8	f6h5	r4rk1/2qb1ppp/p2bpn1B/1p2p3/4P3/PBN2NQ1/1PP3PP/R3R2K b - - 5 17
BB	3.18	0.92	d7c6	h5f4	5rk1/2qb1p1p/p2bp1p1/1p2p2n/4P2Q/PBN2N2/1PP3PP/R3R2K b - - 1 20
BB	-1.51	1.62	e5e4	f6g4	r1bqkb1r/ppp2ppp/2n2n2/3pp3/3P4/2P2N2/PP2PPPP/RNBQKB1R b KQkq - 0 5
BB	0.04	1.65	g4f2	e5e4	r1bqkb1r/ppp2ppp/2n5/3pp3/3P2n1/2P2N1P/PP2PPP1/RNBQKB1R b KQkq - 0 6
BB	1.91	0.87	h7h5	d5e4	r2qkb1r/ppp2ppp/2n1b3/3p4/3PP1P1/2P2P2/PP3P2/RNBQKB1R b KQkq - 0 9
BB	2.58	1.21	d8f6	a7a5	r2qkb1r/ppp2ppp/2n1b3/8/3PP1P1/2P5/PP3P2/RNBQKB1R b KQkq - 0 10
BB	3.87	0.61	f8d6	f8e7	3rkb1r/1pp2ppp/2b5/p7/4P1P1/2P2P2/PP6/RNB1KB1R b KQk - 0 14
BB	4.01	1.03	h7h5	e8g8	3rk2r/1pp1bppp/2b5/p7/4P1P1/2P2P2/PP2B3/RNB1K2R b KQk - 2 15
BB	-1.73	1.69	e5f4	h7h5	r1bqkbnr/ppp2ppp/2n5/3pp3/5P2/2N1P3/PPPPQ1PP/R1B1KBNR b KQkq - 1 4
BB	-2.17	1.62	c8g4	h8h6	r1bqkbnr/ppp2pp1/2n5/3pp2p/5P2/1PN1P3/P1PPQ1PP/R1B1KBNR b KQkq - 0 5
BB	-0.55	0.55	e5d7	f8d6	r2qkbn1/pQ3pp1/2p4r/3pn2p/6b1/1PN1P3/PBPP2PP/R3KBNR b KQq - 0 9
BB	-999.92	999.96	d8h4	e8f8	r2qk1n1/p4pp1/Q1pb3r/3pn2p/6b1/1PN1P3/PBPP2PP/R3KBNR b KQq - 2 10
BB	0.00	1.60	g4c8	h6e6	r2q1kn1/p4pp1/Q1pb3r/3pn2p/6b1/1PN1P3/PBPPB1PP/R3K1NR b KQ - 4 11
BB	0.38	1.22	g4f3	e6h6	r2q1kn1/p4pp1/Q1pbr3/3pn2p/6b1/1PN1PN2/PBPPB1PP/R3K2R b KQ - 6 12
BB	1.46	1.32	e5d7	h6e6	r2q1kn1/p4pp1/Q1pb3r/3pn2p/6b1/1PN1PN2/PBPPB1PP/2KR3R b - - 8 13
BB	2.62	1.60	e6g6	g4e2	r2q1kn1/p4pp1/Q1pbr3/3pn2p/3N2b1/1PN1P3/PBPPB1PP/2KR3R b - - 10 14
BB	4.36	1.82	g4h6	a8b8	r2q1k2/p5p1/2pbpn2/3p3p/3P2n1/1PN1P2P/PBP1Q1P1/2KR3R b - - 0 18
BB	4.49	2.00	g4h6	f8f7	1r1q1k2/p5p1/2pbpn2/3p3p/3P2n1/1PN1P2P/PBP1Q1P1/1K1R3R b - - 2 19
BB	6.29	1.10	f6g4	h5g4	1r1q4/p4kp1/2pbpn2/3p3p/3P2P1/1PN1P3/PBP1Q1P1/1K1R3R b - - 0 20
BB	-0.70	0.96	f6d7	h7h5	r1bqkb1r/pp3ppp/2n2n2/3Np3/3p4/1Q1P2P1/PP2PPBP/R1B1K1NR b KQkq - 1 8
BB	-0.16	0.73	f8d6	d8a5	r1bqkb1r/pp3pp1/2n2n2/3Np1Bp/3p4/1Q1P2P1/PP2PPBP/R3K1NR b KQkq - 1 9
BB	0.52	6.85	a5d8	a5a6	r1b1kb1r/pp3pp1/2n2n2/q2Np2p/3p4/1Q1P2P1/PP1BPPBP/R3K1NR b KQkq - 3 10
BB	7.78	1.35	f8d6	d8e8	r1bk1b1r/pp3pp1/N1n2n2/4p2p/3p4/1Q1P2P1/PP1BPPBP/R3K1NR b KQ - 0 12
BB	8.95	1.98	e5e4	d8e8	N1bk1b1r/pp3pp1/2n2n2/4p2p/3p4/1Q1P2P1/PP1BPPBP/R3K1NR b KQ - 0 14
BB	9.56	1.10	e8d8	e8e7	2b1kb1r/ppN2pp1/2n2n2/4p2p/3p4/1Q1P2P1/PP1BPPBP/R3K1NR b KQ - 2 15
BB	9.91	1.25	f8d6	h5h4	2bk1b1r/p1N2pp1/2p2n2/Q3p2p/3p4/3P2P1/PP1BPP1P/R3K1NR b KQ - 3 18
BB	9.94	1.17	d8e8	d8e8	2bk1b1r/p4pp1/2p2n2/Q2Np3/3p3p/3P2P1/PP1BPP1P/R3K1NR b KQ - 1 19
BB	9.68	1.46	e8d7	e8d8	2b1kb1r/p1N2pp1/2p2n2/Q3p3/3p3p/3P2P1/PP1BPP1P/R3K1NR b KQ - 3 20
BB	0.11	0.51	d7d5	g8f6	rnbqkbnr/pp1ppppp/8/2p5/8/2N2N2/PPPPPPPP/R1BQKB1R b KQkq - 1 2
BB	-2.97	2.00	f8e7	h8h6	1rb1kb1r/p1q2pp1/2p2n2/3pp1Qp/8/2N1P3/PPP1BPPP/R1B2RK1 b k - 1 11
BB	-2.42	1.94	e5e4	f6e4	1rb1kb2/p1q2pp1/2p2n1r/3pp1Qp/8/P1N1P3/1PP1BPPP/R1B2RK1 b - - 0 12
BB	-0.93	2.07	c8h3	g7g6	1rb1kb2/p1q2pp1/2p4r/4p1Qp/4p2P/P3P3/1PP1BPP1/R1B2RK1 b - - 0 14
BB	0.13	1.55	c8g4	a7a5	1rb1kb2/p1q2p2/2p3pr/4p1Qp/2B1p2P/P3P3/1PP2PP1/R1B2RK1 b - - 1 15
BB	0.29	3.19	c8g4	c8e6	1rb1kb2/2q2p2/2p3pr/p3p1Qp/2B1p2P/P3P3/1PP2PP1/1RB2RK1 b - - 1 16
BB	2.69	0.81	c7d8	e4f3	1r2kb2/2q5/2p1p1pr/p3p1Qp/4p2P/P3PP2/1PP3P1/1RB2RK1 b - - 0 18
BB	3.33	1.86	c7g7	b8d8	1r2kb2/2q5/2p1p1pr/p3p1Qp/7P/P3PR2/1PP3P1/1RB3K1 b - - 0 19
WB	1.70	-2.42	g1f3	d2d4	r1bqkb1r/ppp2ppp/5n2/3Pp3/1n6/2N3P1/PP1PPPBP/R1BQK1NR w KQkq - 1 6
WB	-0.56	-5.92	c3e4	d1d4	r1bqkb1r/ppp2ppp/5n2/3P4/1n1p4/2N3P1/PP2PPBP/R1BQK1NR w KQkq - 0 7
WB	-6.29	-0.60	h2h4	g1f3	r1bqkb1r/ppp2ppp/5n2/3P4/3n4/2N3P1/PP2PPBP/R1B2KNR w kq - 0 9
WB	-6.39	-0.75	h2h4	a2a4	r1b1k2r/ppp2ppp/5n2/3q2B1/8/2P2NP1/P1n1PPBP/1R3K1R w kq - 0 13
WB	-6.34	-0.54	f1g1	f3e1	r1b1k2r/ppp2p1p/5p2/q7/P7/2P2NP1/2n1PPBP/1R3K1R w kq - 0 15
BB	-0.26	1.17	d8b6	a7a5	3qkb1r/pp1n1ppp/2r1p3/3p1b2/Q2P1B2/2N1PN2/PP3PPP/R4RK1 b k - 1 11
BB	0.85	2.07	f8b4	h7h5	3qkb1r/1p1n1ppp/2r1p3/p2p1b2/Q2P1B2/2N1PN2/PP3PPP/R1R3K1 b k - 1 12
BB	2.79	2.64	f7f6	g7g6	3qkb1r/1p1n1pp1/2r1p3/pN1p1b1p/Q2P1B2/4PN2/PP3PPP/R1R3K1 b k - 1 13
BB	5.80	994.18	g6g5	f8g7	3q1b1r/2Nnkp2/2Q1p1p1/p2p1b1p/3P1B2/4PN2/PP3PPP/R5K1 b - - 0 16
BB	0.55	1.94	f7f5	d8f6	r2q1rk1/pb1n1p2/2p1p2b/1p5p/3PP1pP/1PN3B1/2Q1BPP1/R2R2K1 b - - 4 18
BB	2.10	0.76	f6e7	f6g6	r4rk1/pb1n1p2/2p1pq1b/1p2P2p/3P2pP/1PN3B1/2Q1BPP1/R2R2K1 b - - 0 19
BB	0.21	0.64	f8d6	h7h5	r2qkb1r/pp1b1ppp/2n1pn2/3p4/3P4/2NBPN2/PP1B1PPP/R2QK2R b KQkq - 3 8
BB	0.75	0.58	f8d6	f6g4	r2qkb1r/pp1b1pp1/2n1pn2/3p3p/3P4/2NBPN2/PP1B1PPP/R2Q1RK1 b kq - 1 9
BB	1.24	0.74	d5e4	c6b4	r2qkb1r/pp1b1pp1/2n1p3/3p3p/3PP1n1/2NB1N2/PP1B1PPP/R2Q1RK1 b kq - 0 10
BB	1.81	2.59	d8a5	d5e4	r2qkb1r/pp1b1pp1/4p3/3p2Bp/1n1PP1n1/2NB1N2/PP3PPP/R2Q1RK1 b kq - 2 11
BB	4.35	1.02	e4f3	e4d3	r2Bkb1r/pp1b1pp1/4p3/7p/1n1Pp1n1/2NB1N2/PP3PPP/R2Q1RK1 b kq - 0 12
BB	6.06	2.18	h8d8	f6d5	2r4r/pp1bkpp1/4pn2/4N2p/1b1P4/2NQ3P/PP3PP1/R4RK1 b - - 2 17
WB	2.06	-0.68	e1g1	b1c3	r1bqkb1r/1ppn1ppp/5n2/p2pN3/3P4/6P1/PPP1PPBP/RNBQK2R w KQkq - 1 6
WB	3.18	-1.07	c1g5	b2c3	r1bk1b1r/1pp2ppp/5P2/p7/8/2p3P1/PPP1PPBP/R1B1K2R w KQ - 0 10
WB	3.72	-1.12	e1c1	e1d2	2b1k2r/rpp2pbp/8/p5B1/8/2P3P1/P1P1PPBP/R3K2R w KQ - 2 13
WB	3.25	-1.39	a1b1	g5e3	2b1k2r/1pp2pbp/r7/p5B1/8/2P3P1/P1PKPPBP/R6R w - - 4 14
WB	2.19	-3.16	d2c1	e3d4	2b1k2r/1pp2pbp/3r4/p7/8/2P1B1P1/P1PKPPBP/R6R w - - 6 15
WB	1.02	-0.62	c2c4	b1c3	r1bqkbnr/ppp1p1pp/2n5/3p1p2/3P4/5NP1/PPP1PP1P/RNBQKB1R w KQkq - 0 4
WB	0.14	-0.67	c1g5	h1g1	r1bqkb1r/ppp3pp/2n1pn2/3p1p2/3P4/2NQ1NP1/PPP1PP1P/R1B1KB1R w KQkq - 0 6
WB	-0.25	-0.61	c1g5	a2a4	r1bqk2r/ppp3pp/2nbpn2/3p1p2/3P4/2NQ1NP1/PPP1PP1P/R1B1KBR1 w Qkq - 2 7
WB	-0.73	-0.67	c1f4	a4a5	r2qk2r/pppb2pp/2nbpn2/3p1p2/P2P4/2NQ1NP1/1PP1PP1P/R1B1KBR1 w Qkq - 1 8
WB	5.23	-1.22	c3a4	a1a4	2krq2r/1pp3Rp/p3pn2/P2pNp2/bn1P1P2/2N1P3/1PP2P1P/R2QKB2 w Q - 1 15
WB	999.89	-991.78	d1b1	g7g3	2kr1q1r/1pp3Rp/p3p3/P2pNp2/1R1P1P2/2P1P3/2P2P1P/3QKB2 w - - 1 18
WB	25.40	-17.26	d1b1	b4b3	2kr1q1r/1pp5/p3p3/P2pNp1p/1R1P1P2/2P1P1R1/2P2P1P/3QKB2 w - - 0 19
WB	9.47	-1.13	f1a6	g3g5	2kr1q1r/1pp5/p3p3/P2pNp2/3P1P1p/1RP1P1R1/2P2P1P/3QKB2 w - - 0 20
WB	999.90	-993.79	d1b1	g5g3	2kr1qr1/1pp5/p3p3/P2pNpR1/3P1P1p/1RP1P3/2P2P1P/3QKB2 w - - 2 21
WB	1.53	-1.69	b1b5	h2h4	1r2kb1r/ppp2ppp/2n5/3q1b2/Q3p3/2P3P1/P2PPPBP/1RB1K1NR w Kk - 6 11
WB	-0.73	-1.03	g1h3	h4h5	1r2kb1r/p1p2ppp/8/1p1qnb2/4p2P/2P3P1/P1QPPPB1/1RB1K1NR w Kk - 2 13
WB	-1.09	-0.75	g1h3	h5h6	1r2k2r/p1p1bppp/8/1p1qnb1P/4p3/2P3P1/P1QPPPB1/1RB1K1NR w Kk - 1 14
WB	-1.85	-2.40	a4b5	d2d3	1r2k2r/2p1bp1p/p6P/1p1qnbp1/P3p3/2P3P1/2QPPPB1/1RB1K1NR w Kk - 0 16
WB	-4.49	-1.45	c3b4	c3c4	1r2k2r/2p1bp1p/p6P/3Bnbp1/Pp6/2P3P1/2p1PP2/R1B1K1NR w Kk - 0 19
WB	1.10	-0.92	f3e5	d2d3	r2qkbnr/1bpp1ppp/p7/1p2p3/4P3/1P3N2/1PPP1PPP/RNBQ1RK1 w kq - 1 8
WB	0.60	-3.63	c3e2	c1g5	r2qk1nr/1bpp1ppp/p2b4/4p3/1p2P3/1PNP1N2/1PP2PPP/R1BQ1RK1 w kq - 0 10
WB	-2.83	-0.65	f3d2	d1e2	r2qk2r/1bppn1pp/p2b1p2/4p3/4P3/1PPPBN2/2P2PPP/R2Q1RK1 w kq - 1 13
WB	-3.42	-0.64	f3d2	g1h1	r2q1rk1/1bppn1pp/p2b1p2/4p3/4P3/1PPPBN2/2P1QPPP/R4RK1 w - - 3 14
WB	-3.26	-0.55	e3f4	c3c4	r4rk1/1bppq1pp/p2b1p2/4p3/4Pn2/1PPPBN2/2PQ1PPP/R5RK w - - 9 17
WB	-2.54	-1.15	b3b4	d2c2	r4rk1/1bppq1pp/p2b1p2/4p3/2P1Pn2/1PPPBN2/3Q1PPP/R5RK w - - 1 19
WB	-2.79	-1.53	e3f4	h2h4	r4rk1/1b1pq2p/p2b1p2/2p1p1p1/2P1Pn2/1PPPBN2/2Q2PPP/R3R2K w - - 0 21
BB	0.22	1.84	g8f6	g8h6	r1b1k1nr/ppp1bppp/2nq4/3p4/3P4/N1P2N2/PP2QPPP/R1B1KB1R b KQkq - 2 7
BB	-0.26	2.13	c6e7	d8e7	r1bq1rk1/ppp1Bppp/2n4n/1N1p4/3P4/2P2N2/PP2QPPP/R3KB1R b KQ - 0 10
BB	1.61	1.46	f8d8	c8f5	1rb2rk1/ppN1nppp/7n/3p4/3P4/2P2N2/PP3PPP/2KR1B1R b - - 2 13
BB	2.95	0.70	e7c8	f5e4	1r3rk1/ppN1nppp/7n/3p1b2/3P4/2P2N2/PP3PPP/2K1RB1R b - - 4 14
BB	2.60	1.41	f8d8	e7c6	1r3rk1/ppN1nppp/7n/3pN3/3Pb3/2P5/PP3PPP/2K1RB1R b - - 6 15
BB	3.91	0.61	e4f5	b8c8	1r3rk1/ppN2ppp/2n4n/3pN3/3Pb3/2P2P2/PP4PP/2K1RB1R b - - 0 16
BB	2.97	1.40	c6e5	f8d8	1r3rk1/pp3ppp/2nNb2n/1B1pN3/3P2P1/2P2P2/PP5P/2K1R2R b - - 4 20
WB	1.33	-1.35	c3e4	d1h5	rnbq1rk1/3n1ppp/p3p3/1pb1P3/3N4/1BN1B3/PPP3PP/R2Q1RK1 w - - 3 13
WB	0.24	-1.52	a1d1	a2a4	rn1q1rk1/1b1n1ppp/p3p3/1pb1P2Q/3N4/1BN1B3/PPP3PP/R4RK1 w - - 5 14
WB	0.17	-1.63	c3a4	a1a4	rn1q1rk1/1b1n1ppp/p3p3/2b1P2Q/p2N4/1BN1B3/1PP3PP/R4RK1 w - - 0 15
WB	0.90	-4.11	h5h6	h5g5	rn1q1rk1/1b1n1p1p/p3p1p1/2b1P2Q/R2N4/1BN1B3/1PP3PP/5RK1 w - - 0 16
WB	-3.13	-2.01	f1f4	h2h4	rn3rk1/1b3p1p/pn2p1p1/2b1P1B1/R2N4/1BN5/1PP3PP/5RK1 w - - 1 18
WB	-5.04	-0.55	f1f4	b3a4	rn3rk1/1b3p1p/p3p1p1/2b1P1B1/n2N3P/1BN5/1PP3P1/5RK1 w - - 0 19
WB	-5.55	-0.53	g2g3	h2g1	rn3rk1/1b3p1p/p3p1p1/4b1B1/B6P/2N5/1PP3PK/5R2 w - - 0 21
BB	0.10	2.10	b4c3	b4d6	rnbq1rk1/pppp1ppp/4pn2/8/1bPP4/P1N2N2/1P2PPPP/R1BQKB1R b KQ - 0 5
BB	2.09	2.24	d6e7	b8c6	rnbq1rk1/pppp1ppp/3bpn2/8/2PPP3/P1N2N2/1P3PPP/R1BQKB1R b KQ - 0 6
BB	4.33	0.80	c8f5	c8d7	r1b2rk1/ppp1qppp/2n2b2/1N1p4/3P1B2/P4N2/1P2BPPP/R2Q1RK1 b - - 5 13
BB	4.88	0.64	d7f5	f8d8	r4rk1/ppNb1ppp/2nB1b2/3p4/3Pq3/P4N2/1P2BPPP/R2Q1RK1 b - - 2 15
BB	5.13	0.58	d7h3	d8a8	N2r2k1/pp1b1ppp/2nB1b2/3p3q/3P4/P2B1N1P/1P3PP1/R2Q1RK1 b - - 0 18
WB	0.92	-0.69	f1d3	c1g5	rnbqkbnr/2p2ppp/p2pp3/1p6/3PP3/2N2N2/PPP2PPP/R1BQKB1R w KQkq - 0 5
WB	0.23	-0.78	f1d3	a2a4	rn1qk1nr/1bp1bppp/p2pp3/1p4B1/3PP2P/2N2N2/PPP2PP1/R2QKB1R w KQkq - 1 7
WB	0.63	-0.89	d1e2	g5e4	rn3rk1/2pqn1pp/p2pp3/5pN1/PN1Pb2P/2P5/1P3PP1/R2QKB1R w KQ - 2 13
WB	-0.31	-1.66	f2f3	h3e3	rn3rk1/2pqn1pp/p3p3/3p4/PN1Pp2P/2P4R/1P3PP1/R2QKB2 w Q - 0 15
WB	-1.06	-0.67	b4c6	b4a6	r4rk1/2pq2pp/p1n1p3/3p1n2/PN1Pp2P/2P4R/1P3PP1/R2QKB2 w Q - 4 17
WB	-1.44	-0.65	d1e2	a4a5	3r1rk1/2p2qpp/8/2Npnn2/PP2p2P/2P4R/5PP1/R2QKB2 w Q - 1 21
BB	-0.11	0.74	c8f5	h7h5	r1b1kb1r/ppp1pppp/2nq1n2/3p4/3P3P/2N1PN2/PPP2PP1/R1BQKB1R b KQkq - 2 5
BB	-0.50	1.12	c8g4	a7a5	r1b1kb1r/ppp1pp2/2nq1np1/1B1p3p/3P3P/2N1PN2/PPP2PP1/R1BQ1RK1 b kq - 1 7
BB	-0.20	2.36	f8g7	h8g8	r1b1kb1r/1pp1pp2/2nq1np1/pB1pN2p/3P3P/2N1P3/PPP2PP1/R1BQ1RK1 b kq - 1 8
BB	1.82	1.54	c8e6	g6g5	r1b1kbr1/1pp1pp2/2nq1np1/pB1pN2p/3P3P/2N1PQ2/PPP2PP1/R1B2RK1 b q - 3 9
BB	2.97	1.05	c8e6	g8g5	r1b1kbr1/1pp1pp2/2nq1n2/pB1pN1Pp/3P4/2N1PQ2/PPP2PP1/R1B2RK1 b q - 0 10
BB	0.12	0.83	h5h4	g5g4	r1b1kb2/1pp1pp2/2nq1n2/pB1p2rp/3P4/2NNPQ2/PPP2PP1/R1B2RK1 b q - 1 11
BB	0.89	2.31	g4g7	g4e4	r1b1kb2/1pp1pp2/2nq1n2/pB1pN2p/3P2r1/2N1PQ2/PPP2PP1/R1B2RK1 b q - 3 12
BB	0.74	1.17	f6g4	a8b8	r1b1kb2/2p1pp2/2pq1n2/p3N2p/3Pp3/4P3/PPP2PP1/R1BQ1RK1 b q - 1 15
BB	1.83	0.84	c6c5	b8b5	1rb1kb2/2p1pp2/2pq1n2/p3N2p/3Pp3/4PP2/PPP3P1/R1BQ1RK1 b - - 0 16
BB	2.88	1.38	b4b8	b4b2	2b1kb2/2p1pp2/2pq1n2/p3N2p/1rPPp3/4PP2/PP1B2P1/R2Q1RK1 b - - 2 18
BB	3.05	2.07	b2b8	b2b6	2b1kb2/2p1pp2/2pq1n2/p3N2p/2PPp3/2B1PP2/Pr4P1/R2Q1RK1 b - - 1 19
WB	0.30	-0.56	f3h4	b1c3	rn1qk2r/ppp1bppp/4pn2/3p1b2/8/1P2PN2/PBPPBPPP/RN1QK2R w KQkq - 4 6
WB	-0.38	-0.81	d2d4	d1b1	rn1q1rk1/pp2bpp1/4pn1p/2pp1b2/P7/1PN1PN2/1BPPBPPP/R2Q1RK1 w - - 0 9
WB	-0.66	-0.65	f3e1	g1h1	rn1qr1k1/pp1nbppb/4p2p/P1pp4/R7/1PN1PN2/1BPPBPPP/1Q3RK1 w - - 3 12
WB	-0.69	-0.93	f3e1	e2d3	rn1qr1k1/pp1n1ppb/4pb1p/P1pp4/R7/1PN1PN2/1BPPBPPP/1Q3R1K w - - 5 13
WB	-0.29	-1.15	b2a3	f1g1	rn1qrnk1/pp3pp1/4pb1p/P1pp4/R7/1PNPPN2/1B1P1PPP/1Q3R1K w - - 1 15
WB	0.12	-2.98	b3b4	c5a7	1r2r1k1/pP1q1pp1/2n1nb1p/2Bpp3/R7/1PNPPN2/3P1PPP/1Q4RK w - - 1 20
WB	-2.71	-1.72	d3d4	a7d4	4r1k1/Br1q1pp1/2n1nb1p/3pp3/R7/1PNPPN2/3P1PPP/1Q4RK w - - 0 21
WB	4.06	-3.73	e5c6	c1f4	r1b1kb1r/pp2pppp/n1pp4/q3N3/3P4/2P3P1/PP2PKBP/RNBQ3R w kq - 0 8
WB	4.47	-4.25	d4d3	d2c4	r1b1kb1r/pp2pppp/n7/2p1P3/3Q1B2/2P3P1/Pq1NPKBP/R6R w kq - 0 12
WB	0.01	-1.88	f4e3	h2h4	r1b1kb1r/pp3ppp/4p3/2n1P3/P4B2/2pN2P1/4PKBP/R6R w kq - 1 16
WB	-0.31	-1.25	h1c1	e3f4	1r2k2r/pp1b1ppp/4p3/4P3/P3B2P/2pPK1P1/8/R6R w k - 3 21
WB	0.66	-2.13	e4e5	f3g5	rnbqkb1r/1pp2ppp/p3pn2/3p4/3PP3/2N2N2/PPP2PPP/R1BQKB1R w KQkq - 2 5
WB	-0.32	-1.14	e4d5	c1e3	rnbqkb1r/1p3ppp/p3pn2/2pp2N1/3PP3/2N5/PPP2PPP/R1BQKB1R w KQkq - 0 6
WB	-1.42	-0.82	g5f3	e4e5	rnbqkb1r/1p3pp1/p3pn1p/2pp2N1/3PP3/2N1B3/PPP2PPP/R2QKB1R w KQkq - 0 7
WB	-2.12	-1.71	d1d4	e5f6	rnbqkb1r/1p3pp1/p3pn1p/3pP1N1/3p4/2N1B3/PPP2PPP/R2QKB1R w KQkq - 0 8
WB	-3.70	-0.80	g5h3	g5f3	rnbqkb1r/1p3pp1/p3pP1p/3p2N1/8/2N1p3/PPP2PPP/R2QKB1R w KQkq - 0 9
WB	-4.46	-2.18	f2e1	f3d4	rnbqk2r/1p3pp1/p3pP1p/2bp4/8/2N2N2/PPP2KPP/R2Q1B1R w kq - 1 11
WB	-6.97	-1.24	e3d2	c2c3	r1b1k2r/1p3pp1/p1n2q1p/2bpp3/3N4/4K3/PPP1N1PP/R2Q1B1R w kq - 0 14
WB	-8.20	-1.51	e3d2	g2g3	r1b2rk1/1p3pp1/p1n2q1p/2bpp3/3N4/2P1K3/PP2N1PP/R2Q1B1R w - - 1 15
WB	-7.47	-1.29	e3d2	f1g2	r1b2r1k/1p3pp1/p1n2q1p/2bpp3/3N4/2P1K1P1/PP2N2P/R2Q1B1R w - - 1 16
WB	-7.28	-1.36	d1f1	g2d5	r1b2r1k/1p3pp1/2n2q1p/p1bpp3/3N4/2P1K1P1/PP2N1BP/R2Q3R w - - 0 17
WB	-8.10	-1.06	e3d2	d1b3	r4r1k/1p3pp1/2n2q1p/p1bBp3/3N2b1/2P1K1P1/PP2N2P/R2Q3R w - - 1 18
WB	-8.68	-991.20	b3c4	b3b7	r4r1k/1p3pp1/2n2q1p/2bBp3/p2N2b1/1QP1K1P1/PP2N2P/R6R w - - 0 19
WB	-8.74	-991.19	b7a8	e2f4	r2r3k/1Q3pp1/2n2q1p/2bB4/p2p2b1/2P3P1/PP1KN2P/R6R w - - 2 21
WB	3.99	-0.78	d5e6	c1e3	r1bqkb1r/pppp1ppp/4p3/3P4/8/P1P5/2P2PPP/R1BQKBNR w KQkq - 0 8
WB	4.44	-0.71	d5e6	h2h4	r1b1kb1r/ppppqpp1/4p2p/3P4/8/P1P1BN2/2P2PPP/R2QKB1R w KQkq - 0 10
WB	4.60	-0.80	d5e6	h4h5	r1b1kbr1/ppppqpp1/4p2p/3P4/7P/P1P1BN2/2P2PP1/R2QKB1R w KQq - 1 11
WB	4.84	-0.91	d5e6	h1h4	r1b1kbr1/1pppqpp1/4p2p/p2P3P/8/P1P1BN2/2P2PP1/R2QKB1R w KQq - 0 12
WB	5.80	-1.42	e3d2	f3d2	r1b1kbr1/1ppp1pp1/4P2p/p6P/7R/P1q1BN2/2P2PP1/R2QKB2 w Qq - 0 14
WB	4.64	-1.13	d2f3	c2c3	r1b1kbr1/1ppp2p1/4p2p/p3q2P/2R5/P3B3/2PN1PP1/R2QKB2 w Qq - 2 16
WB	4.15	-1.45	d2f3	c4d4	r1b1kbr1/1pp3p1/4p2p/p2pq2P/2R5/P1P1B3/3N1PP1/R2QKB2 w Qq - 0 17
WB	3.55	-0.88	f1d3	a3a4	r1b1k1r1/1pp1b1p1/4p2p/p2pq2P/3R4/P1P1B3/3N1PP1/R2QKB2 w Qq - 2 18
WB	3.05	-1.64	a1b1	d2b3	r3k1r1/1ppbb1p1/4p2p/p2pq2P/P2R4/2P1B3/3N1PP1/R2QKB2 w Qq - 1 19
WB	2.83	-1.01	d1e2	d1f3	r3k1r1/1ppb2p1/4p2p/p2pq1bP/P2R4/1NP1B3/5PP1/R2QKB2 w Qq - 3 20
WB	3.00	-3.00	f3e3	f2e3	r3k1r1/1ppb2p1/4p2p/p2pq2P/P2R4/1NP1bQ2/5PP1/R3KB2 w Qq - 0 21
WB	0.40	-0.52	d2d4	e1g1	r1bqkb1r/ppp1pppp/2n2n2/3p4/8/5NP1/PPPPPPBP/RNBQK2R w KQkq - 3 4
WB	0.98	-1.13	c1g5	b1c3	r3kb1r/pppq1ppp/2n2n2/3p4/3Pp3/6P1/PPP1PPBP/RNBQ1RK1 w kq - 0 8
WB	0.54	-0.81	f4g5	d1d2	r3k2r/pppq1ppp/2nb1n2/3p4/3PpB2/2N3P1/PPP1PPBP/R2Q1RK1 w kq - 4 10
WB	0.14	-0.75	f4g5	a2a4	r4rk1/pppq1ppp/2nb1n2/3p4/3PpB2/2N3P1/PPPQPPBP/R4RK1 w - - 6 11
WB	0.02	-1.24	f4g5	a4a5	r3r1k1/pppq1ppp/2nb1n2/3p4/P2PpB2/2N3P1/1PPQPPBP/R4RK1 w - - 1 12
WB	-0.51	-1.01	f4g5	g1h1	r3r1k1/p1pq1ppp/Ppn2n2/3p4/1b1PpB2/2N3P1/1PPQPPBP/R4RK1 w - - 0 14
WB	-1.43	-1.28	f4g5	f1g1	r3r1k1/p1pq1ppp/Pp3n2/n2p4/1b1PpB2/2N3P1/1PPQPPBP/R4R1K w - - 2 15
WB	-2.52	-997.47	g1f1	f2f3	r3r1k1/p1pq1ppp/Pp6/3p4/2nPpBn1/2P3P1/2P1PPBP/R1Q3RK w - - 1 18
WB	1.57	-0.95	f3e5	b1c3	r1bqkb1r/p1pnpppp/1p1p1n2/8/3P4/5NP1/PPP1PPBP/RNBQK2R w KQkq - 1 5
WB	1.39	-0.84	f3e5	d1d3	r1bqkb1r/p2npppp/1p1p1n2/2p5/3P4/2N2NP1/PPP1PPBP/R1BQK2R w KQkq - 0 6
WB	4.34	-0.79	d4e5	f3e5	r1bqkb1r/p2n1ppp/1p1p1n2/2p1p3/3P4/2NQ1NP1/PPP1PPBP/R1B1K2R w KQkq - 0 7
WB	3.87	-5.81	d4e5	e1g1	r1bqkb1r/p2n1ppp/1p3n2/2p1p3/3P4/2NQ2P1/PPP1PPBP/R1B1K2R w KQkq - 0 8
WB	-1.26	-2.23	d4e5	d4c5	1rbqkb1r/p2n1ppp/1p3n2/2p1p3/3P4/2NQ2P1/PPP1PPBP/R1B2RK1 w k - 2 9
WB	-2.50	-3.91	d3d8	c1e3	1rbqkb1r/p4ppp/1p3n2/2n1p3/8/2NQ2P1/PPP1PPBP/R1B2RK1 w k - 0 10
WB	-6.48	-0.55	f1d1	a2a4	1r1qk2r/p4ppp/1p3n2/4p3/1b2P3/2N1B1P1/PP2PP1P/R4RK1 w k - 1 14
WB	-7.00	-0.75	a5b6	a5a6	1r3rk1/p4ppp/1p3n2/P3p3/2q1P3/2P1B1P1/4PPKP/R4R2 w - - 1 18
WB	-7.45	-992.45	e3d2	f1h1	1r3rk1/p4ppp/Pp6/4p3/2q1P1n1/2P1B1P1/4PPKP/R4R2 w - - 1 19
WB	2.19	-0.58	b1c3	g1f3	rnb1kb1r/ppppqppp/8/4P3/2P2Bn1/6P1/PP2PP1P/RN1QKBNR w KQkq - 1 6
WB	1.75	-0.53	f1g2	d1d5	r1b1kb1r/ppppqppp/2n5/4P3/2P2Bn1/5NP1/PP2PP1P/RN1QKB1R w KQkq - 3 7
WB	2.51	-2.07	f4g5	f4d2	r1b1kb1r/ppppqp1p/2n5/3QP1p1/2P2Bn1/5NP1/PP2PP1P/RN2KB1R w KQkq - 0 8
WB	0.54	-0.99	f1g2	f3g5	r1b1kb1r/ppppqp1p/8/3Qn1p1/2P3n1/5NP1/PP1BPP1P/RN2KB1R w KQkq - 0 9
WB	0.19	-4.84	f2f4	g5h7	r1b1k2r/pp1pqp1p/2p4b/4n1N1/2P1Q1n1/6P1/PP1BPP1P/RN2KB1R w KQkq - 2 11
WB	3.55	-4.26	e2f3	f1g2	r1b1kb2/pp1pqp1Q/2p5/8/2P5/5nP1/PP1BPn1P/RNK2B1R w q - 2 15
WB	4.75	-4.81	c1c2	c4d5	r1b1kb2/pp3p1Q/2p5/3p4/2P5/6P1/PP1NqnBP/R1K2R2 w q - 0 18
WB	0.00	-5.56	d5e6	d5b7	r3kb2/pp3p1Q/4b3/3B4/8/6P1/PP1Nqn1P/R1K2R2 w q - 1 20
WB	-5.62	-0.82	c1b1	c1c2	r3kb2/pB3p1Q/4b3/8/8/3n2P1/PP1Nq2P/R1K2R2 w q - 1 21
WB	0.39	-0.57	c2c4	b1c3	rnbqkb1r/ppp1ppp1/5n2/3p3p/3P4/5NP1/PPP1PP1P/RNBQKB1R w KQkq - 0 4
WB	0.45	-1.12	f3h4	h1g1	rn1qkb1r/pp2ppp1/2p2n2/3p3p/3P2b1/2NQ1NP1/PPP1PP1P/R1B1KB1R w KQkq - 2 6
WB	0.35	-1.61	f3h4	a2a4	rnq1kb1r/pp2ppp1/2p2n2/3p3p/3P2b1/2NQ1NP1/PPP1PP1P/R1B1KBR1 w Qkq - 4 7
WB	-0.86	-1.62	d3d1	a4a5	r1q1kb1r/pp2ppp1/n1p2n2/3p3p/P2P2b1/2NQ1NP1/1PP1PP1P/R1B1KBR1 w Qkq - 1 8
WB	-0.97	-0.53	c3d1	c1f4	r1q1kb1r/pp3pp1/n1p1pn2/P2p3p/3P2b1/2NQ1NP1/1PP1PP1P/R1B1KBR1 w Qkq - 0 9
WB	-0.85	-4.02	c3b1	e2e3	r2qkb1r/pp3pp1/2p1pn2/P2p3p/1n1P1Bb1/2N2NP1/1PP1PP1P/R2QKBR1 w Qkq - 4 11
WB	-1.20	-2.35	h2h4	d3f1	r2qkb1r/pp3pp1/2p1p3/P2p1b1p/1n1PnB2/2NBPNP1/1PP2P1P/R2QK1R1 w Qkq - 3 13
WB	-3.24	-1.11	f4d6	f3e5	r2qk2r/pp4p1/2pbpp2/P2p1b1p/3P1B2/2P1PNP1/3KBP1P/Q5R1 w kq - 0 18
WB	-4.16	-0.81	d4e5	f4e5	r2qk2r/pp4p1/2pbp3/P2ppb1p/3P1B2/2P1P1P1/3KBP1P/Q5R1 w kq - 0 19
WB	-5.13	-0.56	a1a2	e2h5	r2q1rk1/pp4p1/2p1p3/P2pPb1p/8/2P1P1P1/3KBP1P/Q5R1 w - - 1 21
BB	-3.38	0.53	c4d3	d8c7	rnbqk1nr/3pbppp/p3p3/8/2p1P3/2NP1N2/PPP2PPP/R1BQ1RK1 b kq - 0 8
BB	-3.09	2.27	c6e5	e6d5	r1b1k1nr/2qpbppp/p1n1p3/3P4/2p1P3/2N2N2/PPP2PPP/R1BQ1RK1 b kq - 0 10
BB	-1.16	3.08	c6d8	c6b4	r1b1k1nr/2qpbppp/p1n5/3P4/2p5/2N2N2/PPP2PPP/R1BQ1RK1 b kq - 0 11
BB	1.81	2.12	b4c2	c7a5	r1b1k1nr/2qpbppp/p7/3P4/1np5/P1N2N2/1PP2PPP/R1BQ1RK1 b kq - 0 12
BB	3.20	1.16	d7d6	h7h5	r1b1k1nr/3pbppp/p7/q2P4/1np5/P1N2N2/1PP2PPP/R1BQR1K1 b kq - 2 13
BB	3.95	2.60	b4a2	h8h6	r1b1k1nr/3pbpp1/p7/q2P2Bp/1np5/P1N2N2/1PP2PPP/R2QR1K1 b kq - 1 14
BB	5.57	2.56	h6g8	b4d5	r1b1k3/3pbpp1/p6n/q2P3p/1np5/P1N2N2/1PP1QPPP/R3R1K1 b q - 1 16
BB	7.83	992.07	a5c5	a5e1	r1b1k3/3pbpp1/p6n/q2N3p/2p5/P4N2/1PP1QPPP/R3R1K1 b q - 0 17
WB	3.45	-2.18	d1a4	e2e4	r1bqkbnr/ppp1pppp/8/8/1npP4/2N2N2/PP2PPPP/R1BQKB1R w KQkq - 2 5
WB	3.14	-1.06	c1f4	c1g5	1rbqkb1r/ppp1pppp/5n2/8/3PP3/2NQ1N2/PP3PPP/R1B2RK1 w k - 3 9
WB	3.58	-1.63	d4d5	d3b5	1r1qkb1r/ppp1pppp/4bn2/6B1/3PP3/2NQ1N2/PP3PPP/R4RK1 w k - 5 10
WB	3.40	-1.43	d4d5	a2a4	1r2kb1r/pppqpppp/4bn2/1Q4B1/3PP3/2N2N2/PP3PPP/R4RK1 w k - 7 11
WB	3.05	-1.40	b5a5	a4a5	1r2kbr1/pppqpppp/4bn2/1Q4B1/P2PP3/2N2N2/1P3PPP/R4RK1 w - - 1 12
WB	2.41	-1.16	g5f4	g5d2	1r2kbr1/pppqppp1/4bn1p/PQ4B1/3PP3/2N2N2/1P3PPP/R4RK1 w - - 0 13
WB	1.98	-1.73	f1c1	c7d5	1r1k1br1/ppNbppp1/5n1p/P7/3PP3/5N2/1P1B1PPP/R4RK1 w - - 1 16
WB	0.85	-0.56	f3e5	f1e1	1r1k1br1/pp1bppp1/3n3p/P2N4/3P1B2/5N2/1P3PPP/R4RK1 w - - 2 18
WB	5.88	-3.60	g3d6	a5a6	1rk2br1/pp2ppp1/3n3p/P4b2/3P4/2N2NB1/1P3PPP/R3R1K1 w - - 8 21
BB	-0.30	0.89	g6h4	b7b5	r3r1k1/pp1b1ppp/2pq1nn1/3p2N1/3P4/1QNBP2P/PP3PP1/3R1RK1 b - - 5 16
BB	-4.06	4.05	e8b8	c6c5	r3r1k1/1Q1b1ppp/2pq1nn1/p2p4/p2P4/2NBPN1P/1P3PP1/3R1RK1 b - - 1 19
BB	0.52	0.53	b8d7	f6e4	rnb2rk1/2q1ppbp/2p2np1/ppPpN3/3P1P2/2N1P3/PP1BB1PP/R2Q1RK1 b - - 5 11
BB	-0.34	1.86	f7f6	a8a6	rnb2rk1/2q1ppbp/2p3p1/ppPp4/3P1P2/2N1P3/PP1NB1PP/R2Q1RK1 b - - 0 13
BB	1.19	1.86	b5b4	b5a4	1nb2rk1/2q1ppbp/r1p3p1/ppPp4/P2P1P2/2N1P3/1P1NB1PP/R2Q1RK1 b - - 0 14
BB	3.41	1.26	c7a5	b4a6	2b2rk1/2q1ppbp/2p3p1/Q1Pp4/1n1P1P2/2N1P3/1P1N2PP/R4RK1 b - - 0 17
BB	3.81	0.99	e6d4	c8a6	2b2rk1/4Rpbp/2p1n1p1/2Pp4/3P1P2/2N1P3/1P1N2PP/5RK1 b - - 0 20
WB	1.73	-0.77	e5f6	d1d2	r1b1nrk1/p2p2pp/1pn1p3/2p1Pp2/2PP1Bq1/P1PB4/4NPPP/R2Q1RK1 w - f6 0 13
WB	5.81	-2.03	f2f3	f4h6	r1b2rk1/p1np3p/1pn1p1p1/2p1Pp2/2PP1Bq1/P1PB4/3QNPPP/1R3RK1 w - - 0 15
WB	5.93	-1.79	f2f3	d4c5	r1b1r1k1/p1np3p/1pn1p1pB/2p1Pp2/2PP2q1/P1PB4/3QNPPP/1R3RK1 w - - 2 16
WB	4.44	-8.92	f2f3	c5b6	r1b1r1k1/p1np3p/1p2p1pB/2P1np2/2P3q1/P1PB4/3QNPPP/1R3RK1 w - - 0 17
WB	4.60	-9.14	f2f3	b1b6	r1b1r1k1/2np3p/1p2p1pB/4np2/2P3q1/P1PB4/3QNPPP/1R3RK1 w - - 0 18
WB	3.81	-2.71	d3d6	h6e3	2b1r1k1/2np3p/1R2p1pB/5p2/2P3q1/r1PQ4/4NPPP/5RK1 w - - 0 20
WB	1.37	-0.77	g2g4	d4d5	r1bqknnr/ppp1bppp/3pp3/8/3PP3/2N1BN2/PPP2PPP/R2QKB1R w KQkq - 5 6
WB	1.08	-0.55	d5e6	a2a4	r2qknnr/pppbbppp/3pp3/3P4/4P3/2N1BN2/PPP2PPP/R2QKB1R w KQkq - 1 7
WB	1.20	-1.61	g2g3	f3g5	r2qk1nr/pppbbpp1/3p2n1/P2Pp2p/4P2P/2N1BN2/1PP2PP1/R2QKB1R w KQkq - 1 10
WB	0.62	-0.64	f2f3	g2g4	r2qk1nr/pppb1pp1/3p3b/P2Pp2R/4P3/2N1B3/1PP2PP1/R2QKB2 w Qkq - 1 13
WB	3.70	-4.17	e3h6	a5a6	r2qk3/pppb1p2/3p1npr/P2Pp3/4P1P1/2N1B3/1PP2P2/R2QKB2 w Qq - 0 16
WB	-0.15	-3.13	a1a7	f1a6	1r1qk3/pPpb1p2/3p1np1/3Pp3/4P1Pr/2N1B3/1PP2P2/R2QKB2 w Q - 1 18
WB	-2.59	-1.11	d1c1	a6b5	1r1qk3/pPp2p2/B2p1np1/3Pp3/4P1br/2N1B3/1PP2P2/R2QK3 w Q - 0 19
WB	-3.62	-0.86	d1d2	d1c1	1r1q1k2/pPp2p2/3p1np1/1B1Pp3/4P1br/2N1B3/1PP2P2/R2QK3 w Q - 2 20
WB	-3.14	-0.69	b5f1	e3h6	1r1q1k2/pPp2p2/3p1np1/1B1Pp3/4P2r/2N1Bb2/1PP2P2/R1Q1K3 w Q - 4 21
WB	2.66	-3.48	c5d6	c3e4	r1bqk2r/ppp2ppp/2np1n2/2P5/2P5/2N1PP2/PP3P1P/R1BQKB1R w KQkq - 0 8
WB	0.50	-1.01	d1d8	c1d2	r1bqk2r/ppp2ppp/2n5/2p5/2P1P3/4P3/PP3P1P/R1BQKB1R w KQkq - 0 10
WB	0.14	-1.15	d2c3	d1a4	r1b1k2r/ppp2ppp/8/2p5/2P1P3/3qP3/PP1B1P1P/R2QK1R1 w Qkq - 0 13
WB	0.12	-1.41	f2f3	e4e5	r1b1k2r/pp3ppp/2p5/2p5/Q1P1P3/3qP3/PP1B1P1P/R3K1R1 w Qkq - 0 14
WB	10.38	-0.66	d2d1	d2d1	2k4r/pp3ppp/2p5/2p1P3/Q1P2R2/4P3/PP1R1P1P/2K2q2 w - - 1 19
WB	999.91	-992.69	a4a7	h2h4	2k4r/pp3ppp/2p5/2p1P3/Q1P2R2/4P3/PP3PqP/2KR4 w - - 3 20
WB	1.21	-1.45	d4d6	e2g3	1rb1kb1r/p2ppppp/1p1q1n2/8/3QP3/1NP2P2/PP2N1PP/R3KB1R w KQk - 3 12
WB	0.86	-0.81	d4d6	a1d1	1rbk1b1r/p2ppppp/1p1q1n2/8/3QP3/1NP2PN1/PP4PP/R3KB1R w KQ - 5 13
WB	1.48	-2.71	d4e6	d4f5	1r1k3r/pb1p1ppp/1p1bpn2/8/3NP3/2P2PN1/PP4PP/3RKB1R w K - 2 17
WB	1.45	-2.68	d4e6	d4f5	1r1k3r/pb1p1ppp/1p1bpn2/8/3NP3/2P2PN1/PP4PP/3RKB1R w K - 6 19
BB	1.12	2.41	c7b8	h8e8	3r3r/ppk2p1p/1npb1pbP/3p4/3P1P2/2N1P1N1/PP3KP1/2R2B1R b - - 6 17
BB	3.82	1.02	d6d7	b6c4	1k2r3/pp3p1p/1npr1pbP/3p1P2/3P4/4P1N1/PP3KP1/2R2B1R b - - 0 20
BB	-0.14	3.81	e6d5	f6d5	r1bqkb1r/pp3ppp/2n1pn2/2pP4/4P3/2N2N1P/PP1P1PP1/R1BQKB1R b KQkq - 0 6
BB	3.35	0.89	d5d4	c8e6	r1bqkb1r/pp3ppp/2n5/1Bpp4/8/2N2N1P/PP1P1PP1/R1BQK2R b KQkq - 1 8
BB	3.46	0.60	f8d6	h7h5	r2qkb1r/pp3ppp/2n1b3/1Bpp4/8/1PN2N1P/P2P1PP1/R1BQK2R b KQkq - 0 9
BB	3.33	0.88	f8d6	h8h6	r2qkb1r/pp3pp1/2n1b3/2pp3p/B7/1PN2N1P/P2P1PP1/R1BQK2R b KQkq - 1 10
BB	4.58	1.60	g2g6	d8e7	r2qkb2/p2b1pp1/8/2pB3p/3P4/1PN4P/P4Pr1/R1BQK2R b KQq - 0 15
BB	5.53	5.48	g2f2	d7c6	r3kb2/p2bqpp1/8/2pB3p/3P4/1PN1B2P/P4Pr1/R2QK2R b KQq - 2 16
BB	10.98	1.64	e8d8	e7d7	r3kb2/p3qpp1/2B5/2p4p/3P4/1PN1B2P/P4Pr1/R2QK2R b KQq - 0 17
BB	14.39	985.54	e8d7	e8e7	r3kb2/p2B1pp1/8/2p4p/3P4/1PN1B2P/P4Pr1/R2QK2R b KQq - 0 18
BB	11.54	988.38	a8c8	g2f2	r4b2/p3kpp1/2B5/2p4p/3P4/1PN1B2P/P4Pr1/R2QK2R b KQ - 2 19
BB	-0.40	0.73	a7a6	b8c6	rnbqkb1r/ppp2ppp/4pn2/3p4/8/2N1PN1P/PPPP1PP1/R1BQKB1R b KQkq - 0 4
BB	-0.20	0.65	a7a6	h7h5	r2qkb1r/pppb1ppp/2n1p3/1B1p4/8/2PPPN1P/P1P2PP1/R1BQ1RK1 b kq - 0 8
BB	-0.93	1.12	e6e5	a7a5	r2qkb1r/pppb1pp1/4p3/3p3p/3N4/2PPP2P/PBP2PP1/R2Q1RK1 b kq - 3 11
BB	-0.49	0.56	e6e5	h8h6	r2qkb1r/1ppb1pp1/4p3/p2p3p/P2N4/2PPP2P/1BP2PP1/R2Q1RK1 b kq - 0 12
BB	-1.39	0.82	e5e4	a8a6	r2qkb2/1ppb1pp1/7r/p2pp2p/P7/2PPP2P/1BPN1PP1/R2Q1RK1 b q - 1 14
BB	-3.89	1.70	b6g6	d8g5	3qkb2/1ppb1pp1/1r5r/p6p/P1N1p3/2P1P2P/1BP2PP1/R2Q1RK1 b - - 3 18
BB	-4.51	1.59	f8d6	h6b6	4kb2/1ppb1pp1/1N5r/p6p/P3p2q/2P1P3/1BP2PP1/R2Q1RK1 b - - 0 20
BB	0.19	3.27	d5c4	b6b2	r1b2rk1/pp3ppp/1qn1pn2/2bp4/2P2B2/P1N1PN2/1P2BPPP/R2QK2R b KQ - 0 9
BB	3.07	1.02	b4c3	a8b8	r1b2rk1/pp3ppp/1Nn1pn2/3p4/1bP2B2/4PN2/4BPPP/Q4K1R b - - 3 14
BB	3.53	0.66	f6e4	b4c5	2b2rk1/1pB2ppp/1pn1pn2/3p4/1bP5/4PN2/4BPPP/Q4K1R b - - 1 16
BB	3.79	0.81	c8d7	c6b4	2b2rk1/1pB2ppp/1pn2n2/2bp4/8/4PN2/1Q2BPPP/5K1R b - - 1 18
BB	-1.69	0.62	h7h6	d8e7	r2q1rk1/ppp2ppp/2nbbn2/1B1p2B1/P2P3P/2N2N2/1PP2PP1/R2QK2R b KQ - 0 9
BB	-2.66	1.38	c6b4	e6d7	r4rk1/ppp1qppp/2nbbn2/1B1p2B1/P2P3P/2N2N2/RPP2PP1/3QK2R b K - 2 10
BB	-1.14	3.01	c6b4	a7a5	r3r1k1/pppb1ppp/2nb1n2/1B1p2B1/P2P3P/2N2N2/RPP2PP1/5K1R b - - 2 13
BB	0.90	2.29	d7e6	d7g4	r3r3/1ppb1pkp/2nb1p2/pB1N3P/P2P4/5N2/RPP2PP1/5K1R b - - 0 16
BB	1.24	0.61	g4e6	f6f5	r3r3/1pp2pkp/2nb1p2/pB1N3P/P2P2bR/5N2/RPP2PP1/5K2 b - - 2 17
BB	0.37	1.61	g4f3	f7f6	r3r3/1pp2p1p/2nb2kP/pB3p2/P2P2bR/2N2N2/RPP2PP1/5K2 b - - 2 19
BB	1.94	1.04	c6b4	g4f3	r3r3/1pp4p/2nb1pkP/pB1P1p2/P5bR/2N2N2/RPP2PP1/5K2 b - - 0 20
WB	1.20	-1.12	b5c6	b5d3	r1bqkb1r/1pp1pppp/p1n5/1B1p4/3PnB2/4PN2/PPP2PPP/RN1QK2R w KQkq - 0 6
WB	0.83	-0.66	b1d2	b1c3	r1bqkb1r/1pp2ppp/p1n1p3/3p4/3PnB2/3BPN2/PPP2PPP/RN1QK2R w KQkq - 0 7
WB	2.38	-1.61	c2c3	f3g5	r1br2k1/1pp2ppp/p1n1pq2/8/3PBP2/5N2/PPPQ1PPP/R4RK1 w - - 3 13
WB	1.34	-1.08	d2c3	e4h7	r1b3k1/1pp2ppp/p1n1pq2/6N1/3rBP2/8/PPPQ1PPP/R4RK1 w - - 0 14
WB	0.37	-1.28	h7d3	d2c3	r1b2k2/1pp2ppB/p1n1pq2/6N1/3r1P2/8/PPPQ1PPP/R4RK1 w - - 1 15
WB	0.62	-0.54	c3e3	c3c5	r1b2k2/1pp2ppB/p1n1p3/6N1/3r1q2/2Q5/PPP2PPP/R4RK1 w - - 0 16
WB	0.25	-0.86	c5c3	c5d6	r1b2k2/1pp2ppB/p1nqp3/2Q3N1/3r4/8/PPP2PPP/R4RK1 w - - 2 17
WB	-0.23	-2.15	d3e2	g5f3	2b2k2/rp3pp1/p2pp3/4n1N1/P2r4/3B4/1PP2PPP/R4RK1 w - - 1 20
WB	0.25	-0.81	d2d4	b1c3	r1bqkbnr/1pp1pppp/p1n5/3p4/8/4PNP1/PPPP1P1P/RNBQKB1R w KQkq - 2 4
WB	-0.57	-0.60	d2d3	d2d4	r1bqkbnr/1pp2ppp/p1n5/3pp3/8/2N1PNP1/PPPP1P1P/R1BQKB1R w KQkq - 0 5
WB	0.11	-1.02	e1g1	e3e4	r2qkb1r/1pp2ppp/p4n2/3p4/8/2N1PQP1/PPP2P1P/R1B1K2R w KQkq - 1 10
WB	0.66	-0.72	e1f1	c1d2	r2qk2r/1pp2ppp/p4n2/8/1b2N3/5QP1/PPP2P1P/R1B1K2R w KQkq - 1 12
WB	0.46	-0.61	h1e1	d1e1	r4rk1/1p3ppp/p1p2n2/8/3q3P/5QP1/PPPN1P2/2KR3R w - - 1 16
WB	0.04	-1.76	e1e2	f3f4	3r1rk1/1p3ppp/p1p2n2/8/3q3P/5QP1/PPPN1P2/2K1R2R w - - 3 17
WB	-0.69	-1.14	d2b3	h1g1	3rr1k1/1p3ppp/p1p2n2/8/5P1P/8/PPPN1P2/2K1R2R w - - 1 19
BB	-0.58	3.88	d5e4	f6e4	rnb2rk1/1pq1ppbp/2p2np1/p2p4/2P1P3/1P1P1NP1/PB3PBP/RN1Q1RK1 b - - 0 9
BB	3.24	0.52	e4f2	g8g7	rnb2rk1/1pq1ppBp/2p3p1/p2p4/2P1n3/1P1P1NP1/P4PBP/RN1Q1RK1 b - - 0 10
BB	3.63	0.58	e7e5	a8a6	rnb2r2/1pq1p1kp/2p2pp1/p7/2P1Q3/1P3NP1/P4PBP/RN3RK1 b - - 0 13
BB	4.08	0.55	a6a8	c6c5	1nb2r2/1pq3kp/r1p2pp1/p3p3/2P1Q3/1PN2NP1/P4PBP/R3R1K1 b - - 1 15
BB	3.84	1.11	a5a4	c8e6	1nb2r2/1p2q1kp/r4pp1/pNp1p3/2P1Q3/1P3NP1/P4PBP/3RR1K1 b - - 3 17
BB	5.05	1.69	e7f6	g7g8	1n3r2/1p2q1kp/r3b1p1/pNp1Q3/2P5/1P4P1/P4PBP/3RR1K1 b - - 0 19
BB	6.46	1.50	e7g7	f8e8	1n3rk1/1p2q2p/r3b1p1/pNpBQ3/2P5/1P4P1/P4P1P/3RR1K1 b - - 2 20
WB	0.76	-0.80	b3b4	g2f3	2rq1rk1/pb1n2pp/1pp1pb2/3p1p2/P1PP4/1P4P1/1BQNPPBP/R4RK1 w - - 1 16
WB	0.81	-1.84	d4e5	c4d5	2rq1rk1/pb1n2pp/1pp2b2/3ppp2/P1PP4/1P3BP1/1BQNPP1P/R4RK1 w - - 0 17
WB	-1.02	-2.79	c2d3	b2c3	2rq1r1k/pb1n2pB/1p3b2/3p4/P2P4/1P4P1/1BQ1PP1P/R4RK1 w - - 1 21
BB	-1.23	6.58	d5d7	g8f6	r1b1kbnr/pp2pp1p/2n3p1/1Npq4/8/5PP1/PP1PP2P/R1BQKBNR b KQkq - 1 6
BB	4.12	0.68	f7f5	h8f8	r1bk3r/ppn1ppbp/2n3p1/2p5/4P3/1Q3PPP/PP1P4/R1B1KBNR b KQ - 2 11
BB	4.10	1.04	f7f5	a7a5	r1bk1r2/ppn1pp1p/2n3p1/2p5/3bP3/3Q1PPP/PP1PN3/R1B1KB1R b KQ - 6 13
BB	4.75	0.79	c7e6	d4f6	r1bk1r2/1pn1pp1p/6p1/p1p5/1n1bP3/5PPP/PP1PN1B1/RQB1K2R b KQ - 3 15
BB	3.85	0.51	c5c4	a8a6	r2k1r2/1pnbpp1p/5bp1/p1p5/1n2P3/4KPPP/PP1PN1B1/RQB4R b - - 7 17
BB	4.17	1.68	b4c6	f6g5	3k1r2/1pnbpp1p/r4bp1/p1p5/1n2P3/P3KPPP/1P1PN1B1/RQB4R b - - 0 18
BB	5.66	0.67	b4c6	g5f6	3k1r2/1pnbpp1p/r5p1/p1p3b1/1n2PP2/P3K1PP/1P1PN1B1/RQB4R b - - 0 19
WB	1.36	-0.95	c3b5	a2a4	r1bqk2r/pppp1pp1/2nb1n2/4p2p/8/1PN1PN2/PBPP1PPP/R2QKB1R w KQkq - 0 6
WB	1.61	-1.18	c3b5	h2h4	r1bqk2r/1ppp1pp1/2nb1n2/p3p2p/P7/1PN1PN2/1BPP1PPP/R2QKB1R w KQkq - 0 7
WB	2.88	-5.28	d2d3	f3d4	r1bqk2r/1p1p1p2/2np2p1/p3p2p/P3n2P/1P2PN2/1BPP1PP1/R2QKB1R w KQkq - 0 10
WB	-2.33	-0.85	f1c4	e3d4	r1bqk2r/1p1p1p2/2np2p1/p6p/P2pn2P/1P2P3/1BPP1PP1/R2QKB1R w KQkq - 0 11
WB	-0.29	-2.31	d4d5	h1h3	r1bqk2r/1p1p4/2np2p1/p4p1p/P2Pn2P/1P6/1BPP1PP1/R2QKB1R w KQkq - 0 12
WB	0.07	-1.38	c2c4	f1c4	r1bq1rk1/1p1pn3/3p2p1/p2P1p1p/P3n2P/1P5R/1BPP1PP1/R2QKB2 w Q - 1 14
WB	1.43	-4.25	d1f3	b2d4	r1bq1rk1/1p1pn3/3p2p1/p2P3p/P1B1np1P/1P5R/1BPP1PP1/R2QK3 w Q - 0 15
WB	-2.64	-2.00	d4b2	h3d3	r1bq1rk1/1p1p4/3p2p1/p2P1n1p/P1BBnp1P/1P5R/2PP1PP1/R2QK3 w Q - 2 16
WB	-4.18	-2.00	d1e2	d4b6	r1b2rk1/1p1p4/3p2p1/p2P1n1p/P1BBnp1q/1P1R4/2PP1PP1/R2QK3 w Q - 0 17
WB	-5.00	-0.68	e1e2	e1e2	r1b2rk1/1p1p4/1B1p2p1/p2P1n1p/P1B1np2/1P1R4/2PP1PP1/R2QK2q w Q - 2 18
WB	-5.15	-3.19	d3f3	d1h1	r1b2rk1/1p1p4/1B1p2p1/p2P1n1p/P1B1np2/1P1R4/2PPKPq1/R2Q4 w - - 0 19
WB	-7.68	-992.31	d3g3	e2d1	r1b2rk1/1p1p4/1B1p2p1/p2P1n1p/P1B2p2/1P1R2n1/2PPKPq1/R6Q w - - 2 20
BB	-1.32	0.65	c7c6	b8c6	rnbqkbnr/ppp2ppp/8/3p3Q/3Pp3/4P3/PPPN1PPP/R1B1KBNR b KQkq - 1 4
BB	-2.48	0.78	h7h6	c8e6	r1bqkb1r/ppp2ppp/2n2n2/1B1p2Q1/3Pp3/4P3/PPPN1PPP/R1B1K1NR b KQkq - 5 6
BB	-3.44	2.69	h7h6	h7h5	r2qkb1r/ppp2ppp/2n1bn2/1B1p2Q1/3Pp3/4P3/PPPNNPPP/R1B1K2R b KQkq - 7 7
BB	-1.77	0.68	e6c8	e6g4	r2qkb1r/p1p2pp1/2p1bn2/3p2Qp/3PpN2/4P3/PPPN1PPP/R1B1K2R b KQkq - 1 9
BB	-1.27	4.80	g4c8	h8h6	r2qkb1r/p1p2pp1/2p2n2/3p2Qp/3PpNb1/4P2P/PPPN1PP1/R1B1K2R b KQkq - 0 10
BB	3.36	0.84	f6g4	h5g4	r2qkb2/p1p2pp1/2p2n1r/3p2Qp/3PpNP1/4P3/PPPN1PP1/R1B1K2R b KQq - 0 11
BB	-2.00	3.59	d8d7	a8b8	r2qkb2/p1p2pp1/2p2n1r/3p2Q1/3PpNp1/4P3/PPPN1PP1/R1B2RK1 b q - 1 12
BB	1.35	0.87	f8d6	b8b6	1r1qkb2/p1p2pp1/2p2n1r/3p2Q1/2PPpNp1/4P3/PP1N1PP1/R1B2RK1 b - - 0 13
BB	-0.75	3.64	g4f3	d8d7	3qkb2/p1p2pp1/1r3n1r/3p2Q1/3PpNp1/4PP2/PP1N2P1/R1B2RK1 b - - 0 15
BB	2.83	0.52	f6e4	d5e4	4kb2/p1pq1pp1/1r3n1r/3p2Q1/3PPNp1/4P3/PP1N2P1/R1B2RK1 b - - 0 16
BB	2.59	0.92	e8d8	d7e7	4kb2/p1pq1pp1/1r3n1r/4Q3/3PpNp1/4P3/PP1N2P1/R1B2RK1 b - - 1 17
BB	2.94	0.53	b6c6	e7d7	4kb2/p1p1qpp1/1r3n1r/5Q2/3PpNp1/4P3/PP1N2P1/R1B2RK1 b - - 3 18
BB	2.69	0.85	f8e7	d7e7	4kb2/p1pq1pp1/1r3n1r/4Q3/3PpNp1/4P3/PP1N2P1/R1B2RK1 b - - 5 19
BB	2.97	0.55	b6c6	e7d7	4kb2/p1p1qpp1/1r3n1r/5Q2/3PpNp1/4P3/PP1N2P1/R1B2RK1 b - - 7 20
BB	-0.82	1.02	f6d5	d8d5	r1bqkb1r/pp2pppp/2n2n2/2pP4/P7/5NP1/1P1PPP1P/RNBQKB1R b KQkq - 0 5
BB	0.08	1.15	d5d8	d5c4	r1b1kb1r/pp2pppp/2n2n2/2pq4/P7/2N2NP1/1P1PPP1P/R1BQKB1R b KQkq - 1 6
BB	0.50	0.83	c4e6	c4b4	r1b1kb1r/pp2pppp/2n2n2/2p5/P1q1P3/2N2NP1/1P1P1P1P/R1BQKB1R b KQkq - 0 7
BB	0.58	2.27	e4c3	g7g5	r1b1kb1r/pp2pppp/2n5/1Bp1P3/Pq2n3/2N2NP1/1P1P1P1P/R1BQK2R b KQkq - 2 9
BB	2.18	1.09	f7f5	c8f5	r1b1kb1r/pp2pp1p/2n5/qBp1P1p1/P3n3/5NP1/NP1PQP1P/R1B1K2R b KQkq - 3 11
BB	-3.77	1.67	f5e4	h8g8	r3kb1r/pp2pp1p/2n5/qBp1PbnQ/P7/6P1/NP1P1P1P/R1B1K2R b KQkq - 1 13
BB	-4.98	2.85	f5d3	a8d8	r3kbr1/p3pp1p/2p5/q1p1PbnQ/P7/2N3P1/1P1P1P1P/R1B1K2R b KQq - 1 15
BB	-2.70	1.19	a5c7	a5b6	3rkb2/p3pp2/2p4p/q1p1Pbr1/P7/2N2QP1/1P1P1P2/R1B1K2R b KQ - 1 18
BB	-3.23	1.38	c5d4	g5g6	3rkb2/p3pp2/1qp4p/2p1P1r1/P2P2b1/2N3P1/1P3PQ1/R1B1K2R b KQ - 2 20
BB	-0.61	0.69	d5d4	c8d7	r1bqkb1r/pp3ppp/2n1pn2/2pp4/2P5/2NPPN2/PP2BPPP/R1BQK2R b KQkq - 1 6
BB	-0.24	1.05	d5d4	h7h5	r2qkb1r/pp1b1ppp/2n1pn2/2pp4/2P5/2NPPN2/PP2BPPP/R1BQ1RK1 b kq - 3 7
BB	0.37	0.60	d7g4	d7e6	r2qkb1r/pp1b1pp1/2n5/2pp3p/4P3/3P1N2/PP2BPPP/R1BQ1RK1 b kq - 0 10
BB	0.25	0.84	f8e7	a8c8	r2qkb1r/pp3pp1/2n1b3/2p4p/Q3P3/5N2/PP2BPPP/R1B2RK1 b kq - 0 12
BB	0.50	1.18	d8b6	a7a5	2rqkb1r/pp3pp1/2n1b3/1Bp4p/Q3P3/5N2/PP3PPP/R1B2RK1 b k - 2 13
BB	0.26	3.56	f8d6	h5h4	2r1kb1r/1pq2pp1/2n1b3/pBp1N2p/Q3PB2/8/PP3PPP/R4RK1 b k - 3 15
BB	3.60	1.41	c7d8	f7g6	2r1kb1r/1pq2pp1/2n1b1N1/pBp5/Q3PB1p/8/PP3PPP/R4RK1 b k - 1 16
BB	4.85	0.93	c8c7	e8f7	2r1kb1r/1pB3p1/2n1b1p1/pBp5/Q3P2p/8/PP3PPP/R4RK1 b k - 0 17
BB	5.93	1.14	c5c4	e7f6	2r4r/1p2bkp1/4b1p1/1Bp5/4P2p/2Q5/PP3PPP/R4RK1 b - - 2 20
WB	1.97	-1.53	e4e5	d2d3	rnbqk2r/pp1p1ppp/2p1pn2/8/1bP1P3/2N2N2/PP1P1PPP/R1BQKB1R w KQkq - 1 5
WB	1.46	-0.98	e4e5	c1e3	rnbqk2r/pp1p1pp1/2p1pn1p/8/1bP1P3/2NP1N2/PP3PPP/R1BQKB1R w KQkq - 0 6
WB	0.55	-1.17	a2a3	h2h4	rnbq1rk1/pp1p1pp1/2p1pn1p/8/1bP1P3/2NPBN2/PP3PPP/R2QKB1R w KQ - 2 7
WB	0.31	-1.28	b3b6	f3d4	rnb2rk1/pp1p1pp1/1qp1p2p/8/2P1P2P/PQPPPN2/6P1/R3KB1R w KQ - 3 12
WB	2.24	-2.30	b5c7	a1d1	rn3rk1/pb1p1pp1/1p2p2p/1Np5/2P1P2P/P1PPP3/6P1/R3KB1R w KQ - 2 16
WB	2.15	-2.23	b5c7	f1e2	rn3rk1/p2p1pp1/1pb1p2p/1Np5/2P1P2P/P1PPP3/6P1/3RKB1R w K - 4 17
WB	2.48	-3.06	b5c7	e2f3	rn3rk1/p2p2p1/1pb1p2p/1Np2p2/2P1P2P/P1PPP3/4B1P1/3RK2R w K - 0 18
WB	-0.05	-1.90	e4e5	b5a6	rn3rk1/3p2p1/pp2p2p/1Pp5/4P2P/P1P1PB2/6P1/3RK2R w K - 0 21
WB	1.85	-1.00	c2c3	b1c3	r1bqk1nr/pppp1ppp/2n5/4P3/1b6/5N2/PPP1PPPP/RNBQKB1R w KQkq - 3 4
WB	1.55	-0.59	c1d2	e2e4	r1bqk2r/ppppnppp/2n5/4P3/1b6/2N2N2/PPP1PPPP/R1BQKB1R w KQkq - 5 5
WB	0.85	-0.75	f3d4	e3g5	r1bq1rk1/pppp1ppp/2n3n1/4P3/4P3/2P1BN2/P1P2PPP/R2QKB1R w KQ - 3 8
WB	0.19	-0.68	f1e2	h2h4	r1b1qrk1/pppp1ppp/2n3n1/4P1B1/4P3/2P2N2/P1P2PPP/R2QKB1R w KQ - 5 9
WB	-0.44	-0.63	f3d4	a1b1	r1b1qrk1/pppp1ppp/2n5/4n1B1/4P2P/2P2N2/P1P2PP1/R2QKB1R w KQ - 0 10
WB	-0.39	-1.49	f3d4	d1d5	r1b1qrk1/pppp1ppp/2n5/6B1/4P1nP/2P2N2/P1P2PP1/1R1QKB1R w K - 2 11
WB	-1.78	-0.64	f1e2	g5c1	r1b1qrk1/pppp1pp1/2n4p/3Q2B1/4P1nP/2P2N2/P1P2PP1/1R2KB1R w K - 0 12
WB	-2.27	-1.30	d5d3	d5c5	r1b1qrk1/pppp1pp1/2n2n1p/3Q4/4P2P/2P2N2/P1P2PP1/1RB1KB1R w K - 2 13
WB	-2.88	-4.67	c5e3	c5d5	r1b1qrk1/pppp1pp1/2n4p/2Q5/4n2P/2P2N2/P1P2PP1/1RB1KB1R w K - 0 14
WB	-7.44	-1.59	f3d4	b3b2	r1b1qrk1/pppp1pp1/7p/3n4/1n5P/1R2BN2/P1P2PP1/4KB1R w K - 2 17
WB	-9.00	-1.03	c2c3	f2e3	r1b1qrk1/pppp1pp1/7p/8/1n5P/4nN2/PRP2PP1/4KB1R w K - 0 18
WB	-9.62	-0.96	e1d1	f1e2	r1b2rk1/pppp1pp1/7p/8/1n5P/4qN2/PRP3P1/4KB1R w K - 0 19
WB	-9.99	-0.71	f3d2	e1f2	r1b2rk1/pppp1pp1/7p/8/1n5P/2q2N2/PRP1B1P1/4K2R w K - 2 20
BB	0.84	1.06	b4c3	b4d6	r4rk1/pbppqppp/1pn1pn2/8/1bPP4/P1NBPN2/1PQB1PPP/R3K2R b KQ - 0 9
BB	0.41	1.68	a8e8	c6a5	r4rk1/pbppqppp/1pnbpn2/8/2PP4/P1NBPN2/1PQBKPPP/R6R b - - 2 10
BB	2.03	0.99	b7f3	a5c6	r4rk1/pbppqppp/1p1bpn2/n7/1PPP4/P1NBPN2/2QBKPPP/R6R b - - 0 11
BB	2.85	0.52	d6c5	b6c5	r4rk1/pbppqppp/1pnbpn2/2P5/1P1P4/P1NBPN2/2QBKPPP/R6R b - - 0 12
BB	1.95	1.71	c5h5	c5b6	r4rk1/pbpp1ppp/2n1pn2/1Nq5/8/P2BPN2/2QBKPPP/R6R b - - 1 15
BB	3.55	1.38	c6b4	c6d4	r4rk1/1bpp1ppp/1qnNpn2/p7/8/P2BPN2/2QBKPPP/1R5R b - - 1 17
BB	4.68	0.97	d6a3	g8h8	r4rk1/1Rpp1ppp/3qpn2/p7/3N4/P2BP3/2QBKPPP/7R b - - 0 19
BB	-1.22	1.98	d8d6	g8f6	r1bqkbnr/ppp2ppp/2n5/1B2p3/N2pP3/5N2/PPPP1PPP/R1BQK2R b KQkq - 3 5
BB	0.64	0.81	d8e7	d8d6	r1bqkb1r/ppp2ppp/2n2n2/1B2N3/N2pP3/8/PPPP1PPP/R1BQK2R b KQkq - 0 6
BB	0.72	0.69	f6h5	c8e6	1rb1kb1r/p1p2ppp/2p2n2/4q3/N2pP3/2PB1P2/PP1P2PP/R1BQK2R b KQk - 0 10
BB	-7.94	3.17	g4g3	e8d7	1r2kb1r/p1p2pp1/2p1bn2/8/N2qP1p1/P2B1P2/1PQP3P/R1B1K2R b KQk - 1 14
BB	-6.54	0.55	h8h3	f6g4	1r3b1r/p1pk1pp1/2p1bn2/8/N2qP1P1/P2B4/1PQP3P/R1B1K2R b KQ - 0 15
BB	-8.86	5.10	d4g1	g4h2	1r3b2/p1pk1pp1/2p1b3/8/N2qP1n1/P7/1PQPB2R/R1B1K3 b Q - 0 17
BB	-4.22	2.11	e6b3	f8d6	1r3b2/p1pk1pp1/2p1b3/8/N3P3/P2B4/1P1P3n/R1B1K3 b Q - 0 19
WB	0.13	-1.05	e3e4	g1h3	rnbq1rk1/pp3pp1/3p1n1p/2pPp3/2P4B/2P1PP2/P5PP/R2QKBNR w KQ - 1 10
WB	1.22	-0.80	f1e2	a1d1	rnb2rk1/p4p2/1p1p1n1p/q1pPp1p1/2P5/2P1PPBN/P1Q3PP/R3KB1R w KQ - 0 13
WB	1.89	-1.32	f1e2	a2a4	r1b2rk1/p4p2/np1p3p/q1pPp1pn/2P5/2P1PPB1/P1Q2NPP/3RKB1R w K - 4 15
WB	0.72	-0.80	f1e2	f2e4	r1b2rk1/p1n2p2/1p1p3p/q1pPp1pn/P1P5/2P1PPB1/2Q2NPP/3RKB1R w K - 1 16
WB	2.01	-0.74	f1d3	g3f2	r1br2k1/p1n2p2/1p1p3p/q1pPp1pn/P1P1N3/2P1PPB1/2Q3PP/3RKB1R w K - 3 17
WB	1.94	-1.84	f1d3	h2h4	r2r2k1/p1n2p2/1p1p3p/q1pPpbpn/P1P1N3/2P1PP2/2Q2BPP/3RKB1R w K - 5 18
WB	4.43	-6.51	c2b1	e4f6	r2r2k1/p1n2p2/1p1p3p/q1pPp1Pn/b1P1N3/2P1PP2/2Q2BP1/3RKB1R w K - 0 20
WB	-1.97	-3.63	c2c1	c2f5	r2r2k1/p1n2p2/1p1p1n1p/q1pPp1P1/b1P5/2P1PP2/2Q2BP1/3RKB1R w K - 0 21
WB	0.50	-0.55	g5e4	g5f3	2r2rk1/5pp1/p1p1p2p/1p1n2N1/1b1P4/1N4P1/PP2PPKP/R4R2 w - - 0 20
WB	0.66	-0.51	f1c1	b3c5	2r2rk1/5pp1/p1pbp2p/1p1n4/3P4/1N3NP1/PP2PPKP/R4R2 w - - 2 21
BB	0.22	0.66	h5f3	b7b6	rn1qkb1r/ppp2ppp/4pn2/7b/2BP4/1Q2PN1P/PP3PP1/RNB1K2R b KQkq - 2 7
BB	0.69	3.31	h5f3	b8c6	rn1qkb1r/p1p2ppp/1p2pn2/7b/2BP4/1QN1PN1P/PP3PP1/R1B1K2R b KQkq - 1 8
BB	0.87	2.33	c6e5	c6a5	r2qkb1r/p1p2ppp/1pn1pn2/4N2b/2BP4/1QN1P2P/PP3PP1/R1B1K2R b KQkq - 3 9
BB	2.24	1.60	f6d7	e8e7	r2qkb1r/p1p2ppp/1p2pn2/nQ2N2b/2BP4/2N1P2P/PP3PP1/R1B1K2R b KQkq - 5 10
BB	1.88	3.04	a7a6	g7g6	r2q1b1r/p1p1kppp/1p2pn2/nQ2N2b/3P4/2NBP2P/PP3PP1/R1B1K2R b KQ - 7 11
BB	4.87	1.01	c7c5	f8h6	r2q1b1r/2p1kp1p/pp2pnp1/n3N2b/Q2P2P1/2NBP2P/PP3P2/R1B1K2R b KQ - 1 13
BB	1.66	1.32	f6h5	g6h5	r2q3r/2p2k1p/pp2pnpb/n6P/Q2P4/2NBP2P/PP3P2/R1B1K2R b KQ - 0 15
BB	2.91	1.35	a5b7	f6d5	r2q3r/2p2k1p/pp2pn1b/n6p/QP1P4/2NBP2P/P4P2/R1B1K2R b KQ - 0 16
BB	2.42	1.48	a5c6	a5c4	r6r/2p2k1p/pp2p2b/n2q3p/QP1P4/3BP2P/P4P2/R1B1K1R1 b Q - 1 18
BB	2.05	2.20	h8g8	h6g7	r6r/2p2k1p/pp2p2b/3q3p/QPnP4/3BP2P/P3KP2/R1B3R1 b - - 3 19
BB	3.91	3.27	b6b5	g7d4	r6r/2p2kbp/pp2p3/3q3p/1PnP4/3BP2P/P1Q1KP2/R1B3R1 b - - 5 20
WB	0.46	-0.52	d2d4	e1g1	r1bqkb1r/ppp1pppp/2n2n2/3p4/8/5NP1/PPPPPPBP/RNBQK2R w KQkq - 2 4
WB	0.08	-1.05	e2e4	d1d4	r1bq1rk1/pp3ppp/2pb1n2/3pn1B1/8/2N2NP1/PPP1PPBP/R2Q1RK1 w - - 0 9
WB	-0.88	-4.19	g5f4	a2a4	r1bq1rk1/pp3pp1/2pb1n1p/3pn1B1/3Q4/2N2NP1/PPP1PPBP/R4RK1 w - - 0 10
WB	-4.80	-1.56	e2e4	g1g2	r1bq1rk1/pp3pp1/2pb1n2/3p2p1/P2Q4/2N2BP1/1PP1PP1P/R4RK1 w - - 0 12
WB	-5.20	-0.72	e2f3	f1f3	r2q1rk1/pp3pp1/3b4/3N1b2/P1PQn3/5pP1/1P2P1KP/R4R2 w - - 0 17
WB	-5.31	-1.00	a1f1	b2b4	r2q1rk1/pp3pp1/3b2b1/3N4/P1PQn3/5RP1/1P2P1KP/R7 w - - 1 18
WB	-5.58	-1.53	h2h4	g3g4	r2q1rk1/pp3pp1/6b1/3N4/PbPQn3/5RP1/4P1KP/R7 w - - 0 19
WB	-6.22	-1.42	f1d1	d4b2	r2q1rk1/1p3pp1/6b1/p2N4/PbPQ2P1/5R2/3nP1KP/5R2 w - - 2 21
WB	2.46	-2.31	c1g5	c1e3	r1bqkb1r/pp1p1ppp/5n2/1N2p3/1n2P3/2N5/PPP2PPP/R1BQKB1R w KQkq - 4 7
WB	5.85	-6.25	e3c5	d6e5	r1bqk2r/1p1p1ppp/p2Q1n2/4p3/4P3/2N1B3/PP1K1PPP/n4B1R w kq - 0 11
WB	-0.61	-0.78	e5d6	f1d3	r1bq1k1r/1p1p1ppp/p4n2/4Q3/4P3/2N1B3/PP1K1PPP/n4B1R w - - 1 12
WB	-1.30	-0.81	e5d4	e5g5	r1bq1k1r/1p3ppp/p2p1n2/4Q3/4P3/2NBB3/PP1K1PPP/n6R w - - 0 13
WB	-1.46	-1.55	d2e1	a1b1	2rq1k1r/1p3pp1/p2pbn1p/8/4P3/2NBB1Q1/PP1K1PPP/R7 w - - 2 16
WB	-1.66	-1.83	d2e1	e4e5	2rq1k1r/5pp1/p2pbn1p/1p6/4P3/2NBB1Q1/PP1K1PPP/1R6 w - - 0 17
WB	-3.37	-0.69	d2e1	g3e5	2rq1k1r/5pp1/p3bn1p/1p2p3/8/2NBB1Q1/PP1K1PPP/1R6 w - - 0 18
WB	-3.26	-3.15	e3d4	e5f5	2rq1k1r/5pp1/p4n1p/1p2Q3/2b5/2NBB3/PP1K1PPP/1R6 w - - 1 19
WB	-6.51	-1.35	f5c8	e3c5	2rq1k1r/5p2/p4npp/1p3Q2/2b5/2NBB3/PP1K1PPP/1R6 w - - 0 20
BB	-1.87	2.81	c6e5	c8e6	r1bqkb1r/ppp2ppp/2n2n2/4N3/3Pp3/2P5/PP3PPP/RNBQKB1R b KQkq - 0 6
BB	-2.04	1.30	e6d7	d8d7	3qkb1r/p1p2pp1/2Q1bn2/7p/3Pp3/2P5/Pr1BBPPP/RN2K2R b KQk - 0 11
BB	-2.19	2.14	e6d7	d8d7	3qkb1r/p1p2pp1/2Q1bn2/7p/3Pp3/2P5/Pr1BBPPP/RN2K2R b KQk - 4 13
WB	2.47	-1.13	e4e5	c1g5	r1bqkbr1/1ppnpppp/p2p1n2/8/2PPP3/2N2N2/PP3PPP/R1BQKB1R w KQq - 1 6
WB	1.34	-0.54	g5e3	h2h4	r1bqkbr1/1ppn1ppp/p2p1n2/4p1B1/2PPP3/2N2N2/PP3PPP/R2QKB1R w KQq - 0 7
WB	0.81	-3.68	e3c1	f3e5	r1bqkbr1/1ppn1pp1/p2p3p/4p3/2PPP1nP/2N1BN2/PP3PP1/R2QKB1R w KQq - 2 9
WB	-2.65	-1.37	d1a4	h1h3	r1bqkbr1/1ppn1pp1/p6p/4p3/2PPP2P/2N1P3/PP4P1/R2QKB1R w KQq - 0 11
WB	-3.91	-0.60	d1c2	c4c5	r1bqk1r1/1ppn1pp1/p6p/4p3/1bPPP2P/2N1P2R/PP4P1/R2QKB2 w Qq - 2 12
WB	-3.93	-1.00	d1a4	g2h3	r2qk1r1/1pp2pp1/p6p/2P1p3/1b2P2P/2N1P2b/PP4P1/R2QKB2 w Qq - 0 14
WB	-4.87	-2.77	e1e2	e1d2	r3k1r1/1pp2pp1/p6p/2P1p3/4P2q/2P1P2P/P7/R2QKB2 w Qq - 0 16
WB	-4.95	-1.03	d2c1	f1d3	r3k1r1/1pp2pp1/p6p/2P1p3/4q3/2P1P2P/P2K4/R2Q1B2 w q - 0 17
WB	-3.86	-1.23	d2c2	a1b1	r3k1r1/1pp2pp1/p6p/2P1p3/8/2PBP2q/P2KQ3/R7 w q - 0 19
WB	-3.70	-4.63	e2f3	e4b7	r3k1r1/1pp2pp1/p3q2p/2P5/4B3/2P1P3/P2KQ3/1R6 w q - 1 21
WB	2.71	-6.26	d5g2	d1b3	rn2kbnr/pp1qpppp/2p5/3B4/2P5/6P1/PP1PPP1P/1RBQK1NR w Kkq - 0 6
WB	-3.55	-0.51	g1f3	b3c2	rn2kb1r/pp1qpppp/5n2/3P4/8/1Q4P1/PP1PPP1P/1RB1K1NR w Kkq - 1 8
WB	-3.71	-1.02	b2b4	e2e4	r3kb1r/pp1qpppp/n4n2/3P4/8/6P1/PPQPPP1P/1RB1K1NR w Kkq - 3 9
WB	-4.49	-0.74	c2d1	c2d3	2r1kb1r/pp1qpppp/n4n2/3P4/4P3/6P1/PPQP1P1P/1RB1K1NR w Kk - 1 10
WB	-4.96	-0.71	d3f3	d3c3	2r1kb1r/pp1qpppp/5n2/2nP4/4P3/3Q2P1/PP1P1P1P/1RB1K1NR w Kk - 3 11
WB	-5.38	-1.08	c3f3	c3d4	2r1kb1r/pp1qpppp/5n2/3P4/4n3/2Q3P1/PP1P1P1P/1RB1K1NR w Kk - 0 12
WB	-5.36	-1.46	b2b4	g1e2	2r1kb1r/pp1q1ppp/4pn2/3P4/3Qn3/6P1/PP1P1P1P/1RB1K1NR w Kk - 0 13
WB	-5.17	-1.04	d4d5	b2b3	2r1kb1r/pp3ppp/4pn2/3q4/3Qn3/6P1/PP1PNP1P/1RB1K2R w Kk - 0 14
WB	-4.99	-3.15	h1a1	e2d3	2r5/pp2kppp/4pn2/8/3Bn3/1P4P1/PRrPKP1P/7R w - - 3 20
BB	-1.96	0.57	c6d4	c3e4	r1b1k2r/ppppqppp/2n5/8/3N4/P1nB4/2PQ1PPP/R1B2K1R b kq - 3 10
BB	-2.40	1.30	e4c5	d7d5	r1b1k2r/ppppqppp/2n5/8/3Nn3/P2BQ3/2P2PPP/R1B2K1R b kq - 5 11
BB	-1.95	0.63	e4d6	e4f6	r1b1k2r/ppp1qppp/2n5/3p4/3Nn3/P2BQP2/2P3PP/R1B2K1R b kq - 0 12
BB	-3.15	2.44	c6e5	e8g8	r1b1k2r/ppp1qppp/2n2n2/3p4/2PN4/P2BQP2/6PP/R1B2K1R b kq - 0 13
BB	-2.03	1.50	a8b8	c8d7	r1b2rk1/p1p2ppp/2p2n2/2Pp4/8/P2BBP2/6PP/R4K1R b - - 0 16
BB	-2.54	1.33	f8b8	f8c8	5rk1/p1pb1ppp/2p2n2/2Pp4/5B2/P4P2/6PP/1B3K1R b - - 0 19
BB	-1.81	0.71	f6h5	h7h5	2r3k1/p1pb1ppp/2p2n2/2PpB3/8/P4P2/6PP/1B3K1R b - - 2 20
BB	-0.90	1.28	e6d5	d8d5	rnbqkbnr/ppp2ppp/4p3/3P4/5P2/8/PPPP2PP/RNBQKBNR b KQkq - 0 3
BB	-0.59	1.17	d4b6	d4c4	rnb1kbnr/ppp2ppp/4p3/8/3q1P2/2N5/PPPPN1PP/R1BQKB1R b KQkq - 3 5
BB	0.36	0.51	c6d7	b8d7	rnb1kbnr/ppp2ppp/2q1p3/8/5P2/2NPB3/PPP1N1PP/R2QKB1R b KQkq - 2 7
BB	0.53	0.78	d7f6	b7b5	r1b1kbnr/pppn1ppp/2q1p3/8/5P2/2NPB3/PPPQN1PP/R3KB1R b KQkq - 4 8
BB	1.15	4.60	c6b7	c6d6	r1b1kbnr/p1pn1ppp/2q1p3/1p6/3N1P2/2NPB3/PPPQ2PP/R3KB1R b KQkq - 1 9
BB	5.26	0.89	a8b8	a7a6	r1b1kbnr/p2n2pp/4p3/Q7/2P2P2/3PB3/PP4PP/R3KB1R b KQ - 0 15
BB	5.30	0.88	f8b4	h7h5	1rb1kbnr/3n2pp/p3p3/Q7/2P2P1P/3PB3/PP4P1/2KR1B1R b - - 0 17
BB	5.38	0.83	b8b7	f8b4	1rb1kbnr/B2n2p1/p3p3/Q6p/2P2P1P/3P4/PP4P1/2KR1B1R b - - 1 18
BB	5.84	0.64	b8b7	b4e7	1rb1k1nr/B2n2p1/p3p3/6Qp/1bP2P1P/3P4/PP4P1/2KR1B1R b - - 3 19
BB	-0.49	0.97	h5h4	f6e4	r2qkb1r/ppp2pp1/2n2n2/3p1p1p/3P4/1PP1P3/P3NPPP/RNBQ1RK1 b kq - 0 8
BB	-0.02	1.64	h8g8	h8h6	r2qkb1r/ppp2pp1/2n5/3p1p1p/3Pn3/1PP1P2P/P3NPP1/RNBQ1RK1 b kq - 0 9
BB	-0.32	2.55	h6f6	a7a5	r2qkb2/ppp2pp1/2n4r/6np/3Pp3/1PP4P/P1Q1N1P1/RNB2RK1 b q - 1 13
BB	2.23	1.52	g5f3	g5e6	r2qkb2/1pp2pp1/2n4r/p5np/3Pp2P/1PP5/P1Q1N1P1/RNB2RK1 b q - 0 14
BB	0.35	1.37	d8d7	a5a4	r2qkb2/1pp2pp1/2n1nr2/p6p/3PQB1P/1PP5/P3N1P1/RN3RK1 b q - 2 16
BB	1.30	1.57	c6e7	a8a5	r2qkb2/1pp2pp1/2n1nr2/7p/p2PQB1P/1PP5/P2NN1P1/R4RK1 b q - 1 17
BB	2.58	1.29	a5b5	a5d5	3qkb2/1pp2pp1/2n1nr2/r6p/pP1PQB1P/2P5/P2NN1P1/R4RK1 b - - 0 18
BB	2.29	2.32	c6e7	f6g6	3qkb2/1pp2pp1/2n1nr2/3r3p/pP1PQB1P/2P5/P2NN1P1/4RRK1 b - - 2 19
BB	4.59	0.83	d8c7	d8d7	3qkb2/1pB2pp1/2n1n1r1/3r3p/pP1PQ2P/2P5/P2NN1P1/4RRK1 b - - 0 20
BB	0.25	0.64	f8e7	h7h5	r2qkb1r/pp3ppp/1np1pn2/5b2/P1NP4/1QN1P3/1P3PPP/R1B1KB1R b KQkq - 1 9
BB	1.08	1.76	b6c4	h8h5	r2qkb1r/pp3pp1/1np1pnb1/8/P1NPP2p/1QN1BP2/1P4PP/R3KB1R b KQkq - 2 12
BB	2.86	1.67	b6d7	a8c8	r2qkb2/pp3ppb/1np1pn2/P3N2r/3PP2p/1QN1BP2/1P4PP/R3KB1R b KQq - 0 14
BB	4.36	0.71	f8d6	c8a8	2rqkb2/1p3ppb/1pp1pn2/4N2r/3PP2p/1QN1BP2/1P2B1PP/R3K2R b KQ - 1 16
BB	5.91	2.14	h7g8	g7g5	3qkb2/1p3ppb/1pp1pn1r/4NP2/3PP2p/1QN1B3/1P2B1PP/5RK1 b - - 0 20
WB	0.55	-0.51	d2d4	e1g1	r1bqkb1r/ppp1pppp/2n2n2/3p4/8/5NP1/PPPPPPBP/RNBQK2R w KQkq - 2 4
WB	2.25	-0.96	c2c4	d1d3	r2qkbr1/ppp1pppp/2n1bn2/3p4/3P4/5NP1/PPP1PPBP/RNBQ1RK1 w q - 1 6
WB	2.20	-0.82	c2c4	b1c3	r2qkbr1/ppp1pppp/2n1b3/3p4/3Pn3/3Q1NP1/PPP1PPBP/RNB2RK1 w q - 3 7
WB	1.89	-1.21	f3g5	c1f4	r2qkbr1/ppp1pppp/2n5/3p1b2/3Pn3/2NQ1NP1/PPP1PPBP/R1B2RK1 w q - 5 8
WB	1.88	-5.86	d3b5	c3d5	r2qkbr1/ppp1pppp/2n5/3p1b2/3P1B2/2NQ1Nn1/PPP1PPBP/R4RK1 w q - 0 9
WB	-1.62	-1.20	f4g3	h2g3	r2q1br1/ppNkpppp/2n5/8/3P1B2/3b1Nn1/PPP1PPBP/R4RK1 w - - 1 11
WB	-1.19	-1.76	d4d5	c7a8	r2q1br1/ppNkpppp/2n5/8/3P1B2/5NP1/PPP1bPB1/R4RK1 w - - 0 12
WB	-2.99	-1.11	d4d5	f3e5	q4br1/pp1kpppp/2n5/8/3P1B2/5NP1/PPP2PB1/5RK1 w - - 0 14
WB	-4.02	-1.09	d4d5	a2a4	q4br1/pp1k1ppp/4p3/4B3/3P4/6P1/PPP2PB1/5RK1 w - - 0 16
WB	3.50	-1.78	g1f3	c1e3	rnb1kb1r/pp1pnppp/5q2/2pP4/8/2N5/PPP2PPP/R1BQKBNR w KQkq - 3 6
WB	2.89	-0.68	f1d3	a2a4	rnbk1b1r/pp1p1pp1/5q1p/2pP1n2/8/2N2N2/PPPB1PPP/R2QKB1R w KQ - 0 9
WB	2.92	-2.52	f1e2	h2h4	rnbk3r/pp1p1pp1/3b1q1p/2pP1n2/P7/2N2N2/1PPB1PPP/R2QKB1R w KQ - 1 10
WB	1.98	-0.89	c3b5	a4a5	r1bkr3/pp1p1pp1/n2b1q1p/2pP1n2/P6P/2N2N2/1PPBBPP1/R2QK2R w KQ - 3 12
WB	1.65	-1.38	e1g1	h4h5	r1bkr3/pp1p1pp1/3b1q1p/P1pP1n2/1n5P/2N2N2/1PPBBPP1/R2QK2R w KQ - 1 13
WB	1.38	-3.06	e2f3	e2g4	r1bkr3/1p1p1pp1/p2b1q1p/P2P3P/1n1p4/2N5/1PPBBPP1/R2Q1RK1 w - - 0 16
WB	-1.04	-1.81	g4f3	f2f4	r1bkr3/1p1p1pp1/p2b3p/P2P2qP/1n4B1/2B5/1PP2PP1/R2Q1RK1 w - - 1 18
WB	2.22	-3.73	g7d4	g1h2	r1bkr3/1p1p1pB1/p2b3p/P1q4P/1n3PB1/8/1PP3P1/R2Q1RK1 w - - 1 20
WB	-1.04	-1.63	g7h6	g7f6	r1bk4/1p1p1pB1/p2b3p/P1q4P/1n2rPB1/8/1PP3PK/R2Q1R2 w - - 3 21
WB	0.40	-0.61	c2c4	b1c3	rn1qkbnr/ppp2ppp/8/3pp3/6b1/3P2P1/PPP1PPBP/RNBQK1NR w KQkq - 1 4
WB	0.21	-2.82	a2a3	c1e3	rn1qk1nr/ppp2ppp/8/3pp3/1b4b1/2NP2P1/PPP1PPBP/R1BQK1NR w KQkq - 3 5
WB	0.24	-1.68	a2a3	g1f3	rn1qk1nr/ppp3pp/8/3ppp2/1b4b1/2NPB1P1/PPP1PPBP/R2QK1NR w KQkq - 0 6
WB	0.70	-1.61	b2b4	h2h3	rn2k1nr/ppp3pp/3q4/b3ppB1/3p2b1/P1NP1NP1/1PP1PPBP/R2QK2R w KQkq - 1 9
WB	-0.85	-3.66	b2b4	b2c3	rn2k1nr/ppp3pp/3q4/b3ppB1/8/P1pP1BPP/1PP1PP2/R2QK2R w KQkq - 0 11
WB	-2.85	-0.99	e1f1	g5d2	rn2k1nr/ppp3pp/3q4/5pB1/4P3/P1b2BPP/2P1PP2/R2QK2R w KQkq - 0 13
WB	0.88	-1000.86	d2e3	a1g7	rn2k1nr/ppp3pp/1q6/8/4B3/P5PP/2PBPP2/Q3K2R w Kkq - 1 16
WB	2.54	-2.81	b5d3	c1f4	rn2kb1r/pppbpppp/4qn2/1B6/3PP3/2N5/PP3PPP/R1BQK1NR w KQkq - 3 7
WB	2.62	-0.71	g1f3	g1e2	rn2kb1r/pp1bpp1p/2p1qnp1/8/3PPB2/2NB4/PP3PPP/R2QK1NR w KQkq - 0 9
WB	2.00	-1.50	h2h3	d1b3	rn3rk1/pp1bppbp/2p1qnp1/8/3PPB2/2NB4/PP2NPPP/R2Q1RK1 w - - 4 11
WB	1.30	-0.61	e4e5	b3e6	rn3rk1/p2bppbp/2p1qnp1/1p6/3PPB2/1QNB4/PP2NPPP/R4RK1 w - - 0 12
WB	2.05	-2.66	f1a1	d3c4	r4rk1/p2nppbp/2p1bnp1/8/R2PPB2/2NB4/1P2NPPP/5RK1 w - - 1 15
WB	4.81	-0.71	e2d4	c4d4	3r1rk1/p3ppbp/2p2np1/2P5/2R1PB2/2N5/1P2NPPP/5RK1 w - - 1 18
WB	6.01	-1.03	c6e7	b2c3	5rk1/p3ppbp/2N3p1/2P5/5B2/2n5/1P3PPP/5RK1 w - - 0 21
WB	3.18	-1.31	h2h3	c1g5	r1bqkbr1/pppppppp/2n5/8/3PP1n1/2N2N2/PPP2PPP/R1BQKB1R w KQq - 1 5
WB	2.79	-0.95	d1e2	a2a4	r1bqkbr1/pppp2pp/2n1pp2/8/3PP1n1/2N2N2/PPPB1PPP/R2QKB1R w KQq - 0 7
WB	2.31	-0.89	f1c4	h2h4	r1bqk1r1/pppp2pp/2n1pp2/8/Pb1PP1n1/2N2N2/1PPB1PPP/R2QKB1R w KQq - 1 8
WB	4.12	-1.86	c3b5	h1h4	r1b1k1r1/pppp2pp/2nqpp2/7P/Pb1PP1n1/2N2N2/1PPB1PP1/R2QKB1R w KQq - 1 10
WB	4.16	-3.54	c3b5	d2g5	r1b1k1r1/pppp2pp/2nqp3/5p1P/Pb1PP1nR/2N2N2/1PPB1PP1/R2QKB2 w Qq - 0 11
WB	2.76	-1.50	d1d3	g2f3	r1b1k1r1/pppp2pp/2nqp3/6BP/Pb1P2R1/2N2p2/1PP2PP1/R2QKB2 w Qq - 0 13
WB	2.94	-3.36	d3e4	d3e2	r1b1k1r1/pppp2pp/4p3/3q2BP/Pb1n2R1/2NB1P2/1PP2P2/R2QK3 w Qq - 0 15
WB	4.81	-0.64	d1e2	d1h1	r1b1kr2/pppp2pp/4p3/4q1BP/P5R1/2P2B2/2PK1P2/R2Q4 w q - 3 19
WB	5.55	-1.54	d4d5	g5e3	r1b1kr2/pppp2pp/4p3/4q1BP/P2R4/2P2B2/2PK1P2/R6Q w q - 7 21
BB	-0.81	0.55	f8e7	g8f6	r1bqkbnr/pppp1ppp/2n5/6B1/3pP3/5N2/PPP2PPP/RN1QKB1R b KQkq - 1 4
BB	-2.33	1.77	d8e7	d4c3	r1bqkb1r/ppp2p1p/2n2p2/8/3pN3/2P2N2/PP3PPP/R2QKB1R b KQkq - 0 8
BB	-0.90	0.62	h7h6	h7h5	r6r/pppk1p1p/2nb4/8/8/3B1N2/Pp3PPP/1K1R3R b - - 1 14
BB	-1.90	1.02	a8d8	d6a3	r6r/ppp1kp2/3b4/5B1p/3R4/8/Pp3PPP/1K5R b - - 0 17
BB	-1.90	1.20	a8d8	d6a3	r6r/ppp1kp2/3b4/5B1p/3R4/8/Pp3PPP/1K5R b - - 4 19
BB	-0.72	0.72	a3c5	a3d6	r6r/ppp1kp2/8/5B1p/8/b2R4/Pp3PPP/1K5R b - - 6 20
WB	0.90	-0.77	d5e6	f1b5	rnbqkb1r/ppp2ppp/4p1n1/3P4/3P4/2N5/PP3PPP/R1BQKBNR w KQkq - 1 7
WB	0.16	-1.68	d5c6	d5e6	rnbqkb1r/pp3ppp/2p1p1n1/1B1P4/3P4/2N5/PP3PPP/R1BQK1NR w KQkq - 0 8
WB	-0.13	-3.87	g5d2	c3e4	r2q1rk1/ppn3pp/2pbbpn1/6B1/3P4/2N2N2/PPQ1BPPP/R4RK1 w - - 0 14
WB	-3.75	-0.99	a1e1	e4d6	r2q1rk1/ppn3pp/2pb2n1/3b2N1/3PN3/8/PPQ1BPPP/R4RK1 w - - 1 16
WB	-4.26	-0.60	g2g3	e4c5	r2q1rk1/ppn3pp/2p3n1/3b4/3PN3/8/PPQ1BPPP/R4RK1 w - - 2 18
WB	-4.54	-0.65	c5e4	c5b3	r2q1rk1/p1n3pp/1pp3n1/2Nb4/3P4/8/PPQ1BPPP/R4RK1 w - - 0 19
WB	-5.17	-1.91	e2d3	a2a4	r2q1rk1/p5pp/1pp1n1n1/3b4/3P4/1N6/PPQ1BPPP/R4RK1 w - - 2 20
WB	-5.91	-3.76	e2c4	e2f3	r2q1rk1/p5pp/1pp3n1/3b4/P2P1n2/1N6/1PQ1BPPP/R4RK1 w - - 1 21
WB	2.08	-1.05	a2a4	f3e5	rn1qkbnr/2p1ppp1/p3b3/1p5p/2pP4/2N1PN2/PP1B1PPP/R2QKB1R w KQkq - 0 7
WB	1.52	-0.65	e5g6	d1f3	rn1qkbnr/2p1p1p1/p3bp2/1p2N2p/2pP4/2N1P3/PP1B1PPP/R2QKB1R w KQkq - 0 8
WB	2.14	-2.14	e5g6	e5c6	1n1qkbnr/r1p1p1p1/p3bp2/1p2N2p/2pP4/2N1PQ2/PP1B1PPP/R3KB1R w KQk - 2 9
WB	0.45	-2.70	a2a4	a1d1	4kbnr/1rpqp1p1/p3bp2/1pQ4p/2pP4/2N1P3/PP1B1PPP/R3KB1R w KQk - 3 12
WB	-2.23	-2.89	c5a3	f1e2	4kbnr/1rpqp1p1/p4p2/1pQ4p/2pP2b1/2N1P3/PP1B1PPP/3RKB1R w Kk - 5 13
WB	-5.46	-0.66	c3e4	e1g1	4kbnr/1rpq2p1/p3pp2/1pQ5/2pP2p1/2N1P3/PP1B1PPP/3RK2R w Kk - 0 15
WB	-6.15	-0.61	c3e2	c3b1	4k1nr/1rp3p1/p1q1pp2/2P5/1pp1P1p1/2N5/PP1B1PPP/3R1RK1 w k - 0 18
WB	-6.61	-1.05	d2f4	d1c1	4k1nr/1rp3p1/p3pp2/2q5/1pp1P1p1/8/PP1B1PPP/1N1R1RK1 w k - 0 19
WB	-6.10	-0.71	d2h6	a2a3	4k3/1rp3p1/p3pp1n/2q4r/1pp1P1p1/8/PP1B1PPP/1NR1R1K1 w - - 4 21
BB	-0.07	0.98	h6f7	c8g4	r1bqkb1r/1pp3pp/p1p2p1n/8/P2NP3/2N5/1PP2PPP/R1BQK2R b KQkq - 0 8
BB	0.84	3.41	g4d7	f8c5	r2qkb1r/1pp3pp/p1p2p1n/8/P2NP1b1/2N2P2/1PP3PP/R1BQK2R b KQkq - 0 9
BB	0.54	4.43	c5d4	d8d7	r2qk2r/1pp3pp/p1p2p1B/2b5/P2NP1b1/2N2P2/1PP3PP/R2QK2R b KQkq - 0 10
BB	3.49	0.64	d7g7	d7g7	r3k2r/1ppq2Bp/p1p2p2/2b5/P2NP1b1/2N2P2/1PP3PP/R2QK2R b KQkq - 0 11
BB	4.07	0.91	g4h3	g4f3	r3k2r/1pp3qp/p1p2p2/2b5/P3P1b1/1NN2P2/1PP3PP/R2QK2R b KQkq - 1 12
BB	2.67	0.58	d6b4	h7h5	1k1r3r/1pp3qp/p1pb1p2/N7/P3P3/2N4Q/1PP3PP/R3KR2 b Q - 6 16
BB	2.01	3.34	g7e7	e5g3	1k1r4/1pp3q1/p1p2p2/N3b2R/P3P2p/2N4Q/1PP3PP/4K3 b - - 1 20
BB	0.22	0.98	d7d6	e7g6	r1bqkb1r/p2pnppp/2p1p3/2p5/4P2P/3P1N2/PPP2PP1/RNBQK2R b KQkq - 0 6
BB	1.24	3.50	g6e7	d8a5	r1bqkb1r/p2p1ppp/2p1p1n1/2p4P/4P3/3P1N2/PPP2PP1/RNBQK2R b KQkq - 0 7
BB	4.52	0.92	a5d8	a5a4	r1b1kb1r/p2p1ppp/2p1p1n1/q1p4P/4P3/3P1N2/PPPB1PP1/RN1QK2R b KQkq - 2 8
BB	5.22	0.56	f7g6	f7g6	r1b1kb1r/p2p1ppp/2p1p1P1/2p5/q3P3/3P1N2/PPPB1PP1/RN1QK2R b KQkq - 0 9
BB	5.50	0.76	c8a6	a8b8	r1b1kb1r/p2p2pp/2p1p1p1/2p1N3/q3P3/3P4/PPPB1PP1/RN1QK2R b KQkq - 1 10
BB	6.21	1.57	c5c4	b8b2	1rb1kb1r/p2p2pp/2p1p1p1/2p1N3/q3P3/3P1Q2/PPPB1PP1/RN2K2R b KQk - 3 11
BB	7.68	992.31	f8e7	b2c2	2b1kb1r/p2p2pp/2p1p1p1/2p1N1B1/q3P3/3P1Q2/PrP2PP1/RN2K2R b KQk - 1 12
WB	4.31	-1.16	d4d5	c1g5	r2qkb1r/ppp1pppp/2n1bn2/8/3PP3/2N2N2/PP3PPP/R1BQKB1R w KQkq - 3 7
WB	5.10	-2.15	d4d5	h2h4	r2qkb1r/1pp1pppp/2n1bn2/p5B1/3PP3/2N2N2/PP3PPP/R2QKB1R w KQkq - 0 8
WB	5.29	-3.59	d4d5	a2a4	r2qkb1r/1pp1ppp1/2n1bn2/p5Bp/3PP2P/2N2N2/PP3PP1/R2QKB1R w KQkq - 0 9
WB	6.10	-4.27	d4d5	a1a3	r2qkb1r/2p1ppp1/1pn1bn2/p5Bp/P2PP2P/2N2N2/1P3PP1/R2QKB1R w KQkq - 0 10
WB	5.71	-1.09	d1b1	f1b5	r2qkb1r/2p1p3/1p2pnp1/p5Bp/Pn2P2P/R1N2N2/1P3PP1/3QKB1R w Kkq - 0 13
WB	4.74	-0.84	b5c4	d1d8	r2qkb1r/4p3/1pp1pnp1/pB4Bp/Pn2P2P/R1N2N2/1P3PP1/3QK2R w Kkq - 0 14
WB	4.85	-1.05	b5c4	b5e2	r2k1b1r/4p3/1pp1pnp1/pB4Bp/Pn2P2P/R1N2N2/1P3PP1/4K2R w K - 0 15
WB	10.84	-4.85	g5f6	b5c3	r4b1r/4p3/kp2pnp1/pNp3Bp/Pn2P2P/R4N2/1P2BPP1/3R1K2 w - - 8 20
WB	1.48	-0.65	a2a3	h2h4	r1bqkbnr/p1p1pppp/2n5/3p4/1p6/1P2PN2/PBPP1PPP/RN1QKB1R w KQkq - 2 5
WB	0.93	-0.92	c2c4	f3g5	r1bqkb1r/p1p1pppp/2n2n2/3p4/1p5P/1P2PN2/PBPP1PP1/RN1QKB1R w KQkq - 1 6
WB	0.72	-0.83	f1b5	h4h5	r2qkb1r/pbp1ppp1/2n2n1p/3p4/1p5P/1P2PN2/PBPP1PP1/RN1QKB1R w KQkq - 2 8
WB	-0.13	-0.85	f1b5	h1h4	r2qkb1r/pbp2pp1/2n1pn1p/3p3P/1p6/1P2PN2/PBPP1PP1/RN1QKB1R w KQkq - 0 9
WB	-0.87	-1.52	a3b4	a3a4	r2q1rk1/pbp2pp1/2nbpn1p/3p3P/1p5R/PP2PN2/1BPP1PP1/RN1QKB2 w Q - 1 11
WB	-1.21	-3.65	d2d3	b1c3	r2q1rk1/pbp2pp1/2nbp2p/3p3P/Pp2n2R/1P2PN2/1BPP1PP1/RN1QKB2 w Q - 1 12
WB	-4.60	-1.90	h4e4	a4a5	r2q1rk1/pbp2pp1/3bp2p/3pn2P/P3n2R/1PP1PN2/1BP2PP1/R2QKB2 w Q - 1 14
WB	-4.88	-0.66	f3e4	f3e4	r4rk1/pbp2pp1/3bp2p/P2p3P/4n2q/1PP1PP2/1BP2P2/R2QKB2 w Q - 0 16
WB	-4.38	-1.07	d1e2	b2a3	r4rk1/pbp2pp1/3bp2p/P2p3P/4q3/1PP1P3/1BP2P2/R2QKB2 w Q - 0 17
WB	-5.03	-0.58	g4h4	a4b4	3r1rk1/p1p2pp1/2b1p2p/P2p3P/R5Q1/1PP1P3/2P2P2/4KB1q w - - 5 21
BB	0.45	0.71	g8f6	b8a6	rnbqkbnr/pppp1ppp/8/3P4/4p3/4P3/PPP2PPP/RNBQKBNR b KQkq - 0 3
BB	-0.02	1.10	b4c5	e4f3	r1b1k2r/p1ppqppp/p4n2/3P4/1b1Qp3/2N1PP2/PPPB2PP/R3K1NR b KQkq - 1 8
BB	-0.25	1.59	b4d2	a6a5	r1b2rk1/p1ppqppp/p4n2/3P4/1b1QN3/4PN2/PPPB2PP/R3K2R b KQ - 2 10
BB	1.15	1.15	e7f6	g7f6	r1b2rk1/p1ppqppp/5N2/p2P4/1b1Q4/4PN2/PPPB2PP/R3K2R b KQ - 0 11
BB	0.17	1.67	b4a4	b4b6	2b2rk1/2pp1p1p/p4p2/3P4/Rr6/1P2PN2/2P3PP/4K2R b K - 1 17
BB	1.18	0.96	c8b7	f8g8	2b2r1k/2pp1p1p/pr3p2/3P4/5R2/1P2PN2/2P3PP/4K2R b K - 5 19
WB	1.47	-0.52	d4e2	d4b5	2rqk2r/pp1bpp1p/2np2p1/4b2n/2PNP3/2NQB1P1/PP3PBP/R4RK1 w k - 7 12
WB	1.93	-1.46	c3d5	b5a7	2rqk2r/1p1bpp1p/p1np2p1/1N2b2n/2P1P3/2NQB1P1/PP3PBP/R4RK1 w k - 0 13
WB	1.50	-1.02	c4c5	c3d5	1r1qk2r/Np1bpp1p/p2p2p1/4b2n/1nP1P3/2N1B1P1/PP2QPBP/R4RK1 w k - 4 15
WB	1.16	-0.52	f2f4	a4a5	r2q1rk1/Np1bppnp/p2p2p1/3Pb3/P3P3/4B1P1/1P2QPBP/R2R2K1 w - - 3 19
BB	-0.02	0.84	f6d5	f6g8	r1b1kb1r/1pqp1ppp/p1n1pn2/4P3/5P2/1NN5/PPP3PP/R1BQKB1R b KQkq - 0 8
BB	-0.07	1.05	d7d6	h7h5	r1b1kbnr/1pqp1ppp/p1n1p3/4P3/5P2/1NNB4/PPP3PP/R1BQK2R b KQkq - 2 9
BB	0.66	0.54	d7d6	b7b5	r1b1kbnr/1pqp1pp1/p1n1p3/4P2p/5P2/PNNB4/1PP3PP/R1BQK2R b KQkq - 0 10
BB	1.06	1.53	d7d6	h8h6	1rb1kbnr/2qp1pp1/p1n1p3/1p2P2p/5P2/PNNBB3/1PP3PP/R2Q1RK1 b k - 3 12
BB	1.28	0.52	c6b4	a6a5	1rb1kbn1/2qp1pp1/p1n1p2r/2N1P3/5P1p/1N1BB3/1PP3PP/R2Q1RK1 b - - 1 15
BB	-1.17	1.81	h3g2	f8e7	1rb1kbn1/2qp1pp1/2n1p2r/p1N1P3/5P2/1NPBB2p/1P4PP/2RQ1RK1 b - - 1 17
BB	-0.87	0.96	h3g2	e8f8	1rb1k1n1/2qpbpp1/2n1p2r/p1N1P3/5P2/1NPBB2p/1PQ3PP/2R2RK1 b - - 3 18
BB	-1.67	3.45	e7h4	e7c5	1rb2kn1/2qpbpp1/2n1p2r/p1N1P3/5P2/1NPBB3/1PQ2RpP/4R1K1 b - - 1 20
BB	0.24	0.65	d6d5	a6a5	r3rbk1/1bpq1ppp/p2p1n2/1pn1pN2/4P3/P2PBN1P/BPP2PP1/R2QR1K1 b - - 12 16
BB	-0.18	2.06	d6d5	h7h5	r3rbk1/1bpq1ppp/3p1n2/ppn1pN2/4P3/P2PBN1P/BPP2PP1/2RQR1K1 b - - 1 17
BB	0.96	1.42	c5e6	a5a4	r3rbk1/1bpq1pp1/3p1n2/ppn1p2p/4P3/P2PBNNP/BPP2PP1/2RQR1K1 b - - 1 18
BB	0.45	4.24	g7g6	f8e7	r3rbk1/1bpq1pp1/3p1n2/1pn1p2p/p3P3/P1PPBNNP/BP3PP1/2RQR1K1 b - - 0 19
BB	0.96	1.16	c5b3	d6d5	r3r1k1/1bpqbpp1/3p1n2/1pn1p1Np/p3P3/P1PPB1NP/BP3PP1/2RQR1K1 b - - 2 20
BB	-0.73	1.06	d7e5	d7f6	2r2rk1/pb1nqppp/1p2p3/4N3/3PP3/1B6/P2Q1PPP/3RR1K1 b - - 7 16
BB	-1.98	5.04	h7h6	f8d8	2r2rk1/p3qppp/1p2pn2/4N1Q1/3Pb3/1B5P/P4PP1/3RR1K1 b - - 1 18
BB	2.94	2.21	h7h6	h7h5	2rr2k1/p3qppp/1p2pn2/4N1Q1/3PR3/1B5P/P4PP1/3R2K1 b - - 0 19
BB	5.01	2.19	f6d5	b6b5	2rr2k1/p3qpp1/1p2pn2/4N1Qp/3P4/1B2R2P/P4PP1/3R2K1 b - - 1 20
BB	-3.24	0.52	b5b4	h7h5	r2qkb1r/p1p2ppp/2b1pn2/1p1p4/3P4/2NKPQ2/PPP2PPP/R1B3NR b kq - 1 8
BB	-7.27	2.53	d8c8	h8h6	r2qkb1r/p1p2pp1/2b1p3/3p3p/Pp1Pn3/3KPQ1P/1PP1NPP1/R1B3NR b kq - 1 11
BB	-5.24	0.77	b4c3	a7a5	r2qkb2/p1p2pp1/2b1p2r/3p3p/Pp1Pn3/2PKPQ1P/1P2NPP1/R1B3NR b q - 0 12
BB	-5.35	0.65	b4c3	b4b3	r2qkb2/2p2pp1/2b1p2r/p2p3p/Pp1Pn3/2PKPQPP/1P2NP2/R1B3NR b q - 0 13
BB	-999.94	993.80	c6b5	a8d8	r3kb2/2p2pp1/2b1p2r/p2q3p/P2Pn3/1p1KPQPP/1P2NP2/R1B3NR b q - 2 16
BB	-999.96	989.40	c6b5	e6e5	3rkb2/2p2pp1/2b1p2r/p2q3p/P2PnQ2/1p1KP1PP/1P2NP2/R1B3NR b - - 4 17
BB	-999.96	990.92	c6b5	e5d4	3rkb2/2p2pp1/2b4r/p2qpQ1p/P2Pn3/1p1KP1PP/1P2NP2/R1B3NR b - - 1 18
BB	-9.88	3.62	e4f2	c6d5	3rkb2/2p2pp1/2b4r/p2Q3p/P2pn3/1p1KP1PP/1P2NP2/R1B3NR b - - 0 19
BB	-999.96	991.84	c7c5	e4f2	3rkb2/2p2pp1/7r/p2b3p/P2Kn3/1p2P1PP/1P2NP2/R1B3NR b - - 0 20
WB	0.25	-0.56	g1f3	f1g2	rnbqkbnr/ppp1pppp/8/3p4/8/6P1/PPPPPP1P/RNBQKBNR w KQkq - 0 2
WB	0.02	-1.08	c2c3	b1c3	r1bqk1nr/ppp2ppp/2n5/3pp3/1b6/3P1NP1/PPP1PPBP/RNBQK2R w KQkq - 3 5
WB	1.54	-1.00	c1a3	c1e3	r1bq1knr/ppp2ppp/2n5/3pp3/8/2PP1NP1/P1P1PPBP/R1BQK2R w KQ - 1 7
WB	1.73	-0.80	c3c4	d1d2	r1b2knr/1pp2ppp/p1nq4/3pp3/8/2PPBNP1/P1P1PPBP/R2Q1RK1 w - - 0 9
WB	1.15	-0.55	d3d4	a2a4	r1b2k1r/1pp2ppp/p1nq1n2/3pp3/8/2PPBNP1/P1PQPPBP/R4RK1 w - - 2 10
WB	2.01	-1.64	b3c5	g2f3	4r1kr/1ppb1ppp/p1n2n2/4p3/P1P5/1N2B1P1/2P1PPBP/R4RK1 w - - 3 15
WB	2.40	-0.82	b3a5	f1d1	4r1kr/1p1b1ppp/p1p2n2/2P5/P3pBn1/1N4P1/2P1PPBP/R4RK1 w - - 0 19
WB	2.89	-2.31	b3a5	e2e3	4r1kr/1p3ppp/p1p1bn2/2P5/P3pBn1/1N4P1/2P1PPBP/R2R2K1 w - - 2 20
BB	-2.56	0.54	d7d5	b8c6	rnbqkbnr/pppp1ppp/8/8/7P/8/PPP2QP1/RNB1KBNR b KQkq - 0 5
BB	-4.63	0.69	d8f6	h7h5	r2qkbnr/ppp2ppp/2n5/3p4/6bP/8/PPP1NQ2/R1B1KBNR b KQkq - 1 8
BB	-7.87	0.88	f8d6	h8h6	r2qkb1r/ppp2pp1/2n5/3p3p/P3nQbP/8/1PP1N2R/R1B1KBN1 b Qkq - 2 11
BB	-7.30	0.54	f8d6	h6e6	r2qkb2/ppp2pp1/2n4r/3p3p/P3n1bP/4Q3/1PP1N2R/R1B1KBN1 b Qq - 4 12
BB	-7.36	1.36	f8d6	a7a5	r2qkb2/ppp2pp1/2n1r3/3p3p/P3n1bP/4QN2/1PP1N2R/R1B1KB2 b Qq - 6 13
BB	-6.94	1.24	f8d6	g7g6	r2qkb2/1pp2pp1/2n1r3/p2p3p/P3n1bP/2P1QN2/1P2N2R/R1B1KB2 b Qq - 0 14
BB	-6.84	1.31	e4c5	f8c5	r2qkb2/1pp2p2/2n1r1p1/p2p3p/P3n1bP/2PQ1N2/1P2N2R/R1B1KB2 b Qq - 1 15
BB	-6.44	1.38	d8f6	e8f8	r2qk3/1pp2p2/2n1r1p1/p1bp3p/P3nBbP/2PQ1N2/1P2N2R/R3KB2 b Qq - 3 16
BB	-8.04	0.55	f6f4	b4c3	r2q1k2/1pp2p2/2n2rp1/2bp3p/Pp1NnBbP/2PQ4/4N2R/2R1KB2 b - - 3 19
BB	-0.90	1.35	f8d8	e6d7	r4rk1/ppp2ppp/2nqb3/2n5/3N4/P3B3/2P1BPPP/R2Q1RK1 b - - 1 14
BB	-5.43	2.24	d6d4	c6d4	r3r1k1/pppb1ppp/2nq4/2n5/3N1B2/P5P1/2P1BP1P/R2Q1RK1 b - - 2 16
BB	-3.87	1.00	d7c6	a8c8	r3r1k1/pp1b1ppp/3Q4/2n5/8/P5P1/2P1nPKP/R4R2 b - - 0 19
BB	-4.10	0.94	e8d8	b7b6	2r1r1k1/pp1b1ppp/3Q4/2n5/8/P5P1/2P1nPKP/4RR2 b - - 2 20
BB	-0.84	1.13	d8b6	c6e5	r2qkb1r/pp2pppp/2n2n2/3pBb2/3P4/2N2N2/PP2PPPP/R2QKB1R b KQkq - 7 7
BB	-0.18	0.81	f6e4	f6d7	r2qkb1r/pp2pppp/5n2/3pPb2/8/2N2N2/PP2PPPP/R2QKB1R b KQkq - 0 8
BB	0.14	0.55	e7e6	d8b6	r2qkb1r/pp1npppp/8/3QPb2/8/2N2N2/PP2PPPP/R3KB1R b KQkq - 0 9
BB	0.57	0.69	e8c8	a8d8	r3kb1r/pp1npppp/1q6/3QPb2/8/2N2N2/PP2PPPP/2KR1B1R b kq - 2 10
BB	0.87	1.70	b6c7	h7h5	3rkb1r/pp1n1ppp/1q2p3/1Q2Pb2/8/2N1PN2/PP3PPP/2KR1B1R b k - 1 12
BB	2.61	2.78	e8e7	d8d7	3rkb1r/pp3pp1/1n2p3/1B2Pb1p/8/2N1PN2/PP3PPP/2KR3R b k - 1 14
BB	5.29	2.63	f8c5	f8d6	4kb1r/pp1n1pp1/4p3/1B2Pb1p/8/2N1PN2/PP3PPP/2KR4 b k - 1 16
BB	8.11	0.61	f5g6	f5g4	1r4k1/pp1R1pp1/4p3/1B2Pb1p/4P3/2N2N2/PP3PPP/2K5 b - - 0 19
BB	7.89	1.25	h5h4	a7a5	1r4k1/pp1R1pp1/4p3/1B2P2p/3NP1b1/2N5/PP3PPP/2K5 b - - 2 20
BB	-2.50	1.51	c5c4	h7h5	r1bqkb1r/pp3ppp/2n1pn2/2pp2Q1/4P3/2NB1N2/PPPP1PPP/R1B1K2R b KQkq - 1 6
BB	-1.12	5.87	e6d5	d8d5	r1bqkb1r/pp3pp1/2n1pn2/2pP2Qp/8/2NB1N2/PPPP1PPP/R1B1K2R b KQkq - 0 7
BB	4.63	0.91	f8e7	d5b6	r1b1kb1r/pp3pp1/2n1p3/2pn2Qp/4B3/5N2/PPPP1PPP/R1B1K2R b KQkq - 1 9
BB	5.29	0.84	h5h4	h8h6	r1b1kb1r/pp3pp1/1nn1p3/2p3Qp/4B3/3P1N2/PPP2PPP/R1B1K2R b KQkq - 0 10
BB	5.69	0.57	b6d5	c5c4	r1b1kb2/pp3pp1/1nn1p2r/2p3Qp/4B3/3PBN2/PPP2PPP/R3K2R b KQq - 2 11
BB	5.88	1.03	c6d4	f8b4	r1b1kb2/pp3pp1/1nn1p2r/6Qp/2pNB3/3PB3/PPP2PPP/R3K2R b KQq - 1 12
BB	5.83	1.79	c4d3	h3g2	r1b1kb2/pp3p2/1n2p2r/4Q3/2pBB3/2PP3p/PP1K1PPP/R5R1 b q - 1 18
BB	7.80	0.79	b6d7	c4d3	r1b1kb2/pp3p2/1n2p2r/4Q3/2pBB3/2PP4/PP1K1PRP/R7 b q - 0 19
BB	6.68	0.95	b6d7	h6h3	r1b1kb2/pp3p2/1n2p2r/4Q3/3BB3/2PK4/PP3PRP/R7 b q - 0 20
WB	0.64	-0.52	f1g2	b1c3	r1bqkb1r/pppp1ppp/2n1pn2/8/3P4/5NP1/PPP1PP1P/RNBQKB1R w KQkq - 1 4
WB	0.37	-0.67	f1g2	h1g1	r1bq1rk1/pppp1ppp/2n1pn2/8/1b1P4/2NQ1NP1/PPP1PP1P/R1B1KB1R w KQ - 5 6
WB	0.14	-1.28	c1g5	a2a4	r1bq1rk1/1ppp1ppp/p1n1pn2/8/1b1P4/2NQ1NP1/PPP1PP1P/R1B1KBR1 w Q - 0 7
WB	-1.03	-1.21	c1f4	g1g3	r1b1qrk1/1pp2ppp/p1n1pn2/3p4/Pb1P2P1/2NQ1N2/1PP1PP1P/R1B1KBR1 w Q - 1 9
WB	-0.82	-1.43	c1g5	f3e5	r1b2rk1/1pp1qppp/p1n1pn2/3p4/Pb1P2P1/2NQ1NR1/1PP1PP1P/R1B1KB2 w Q - 3 10
WB	-2.23	-0.61	g3f3	g3h3	r1b2rk1/1pp1qppp/p1n1p3/3pN3/Pb1Pn1P1/2NQ2R1/1PP1PP1P/R1B1KB2 w Q - 5 11
WB	0.00	-2.83	f1g2	a4a5	r1b2rk1/1p2qppp/p3p3/2ppP3/Pb2n1P1/2NQ3R/1PP1PP1P/R1B1KB2 w Q - 0 13
WB	-1.39	-2.08	g4g5	h3h5	r4rk1/1p1bqppp/p3p3/P1ppP3/1b2n1P1/2NQ3R/1PP1PP1P/R1B1KB2 w Q - 1 14
WB	-1.47	-2.90	f1g2	c1e3	r4rk1/1p1bqpp1/p3p2p/P1ppP2R/1b2n1P1/2NQ4/1PP1PP1P/R1B1KB2 w Q - 0 15
WB	-1.42	-1.36	e3h6	e3c1	r3r1k1/1p1bqpp1/p3p2p/P1ppP2R/1b2n1P1/2NQB3/1PP1PP1P/R3KB2 w Q - 2 16
WB	-0.71	-3.02	f1g2	e5f6	r3r1k1/1p1bq1p1/p3pp1p/P1ppP2R/1b2n1P1/2NQ4/1PP1PP1P/R1B1KB2 w Q - 0 17
WB	-2.25	-2.72	f1g2	c1e3	r3r1k1/1p1b1qp1/p3pP1p/P1pp3R/1b2n1P1/2NQ4/1PP1PP1P/R1B1KB2 w Q - 1 18
WB	-4.15	-2.40	g4g5	h2h4	r3r1k1/1p1b2p1/p3pq1p/P1pp3R/1b2n1P1/2NQB3/1PP1PP1P/R3KB2 w Q - 0 19
WB	-4.26	-1.46	e1c1	f1g2	3rr1k1/1p1b2p1/p3pq1p/P1pp3R/1b2n1PP/2NQB3/1PP1PP2/R3KB2 w Q - 1 20
WB	-2.45	-2.04	d3d4	d3d1	3rr1k1/1p1b2p1/p3pq1p/P2p3R/1bp1n1PP/2NQB3/1PP1PPB1/R3K3 w Q - 0 21
BB	-1.02	0.69	c6b4	h7h5	r1b1kb1r/ppp2ppp/2n1p3/3q4/3P1P2/4B3/PP2P1PP/R2QKBNR b KQkq - 0 7
BB	-3.81	1.57	a5a4	h8h6	r1b1kb1r/1pp2pp1/2n1p3/p6p/2RP1P2/3QBN2/1q2P1PP/4KB1R b Kkq - 1 11
BB	-5.36	1.86	a4a3	a8a5	r1b1kb2/1pp2pp1/2n1p2r/7p/p1RP1P1P/3QB3/1q1NP1P1/4KB1R b Kq - 0 13
BB	-4.40	1.12	c6b4	c8d7	2b1kb2/1pp2pp1/2n1p2r/r6p/p1RP1P1P/3QB1P1/1q1NP3/4KB1R b K - 0 14
BB	-4.02	2.69	c6b4	f8e7	4kb2/1ppb1pp1/2n1p2r/r6p/p1RP1P1P/3QB1P1/1q1NP1B1/4K2R b K - 2 15
BB	-4.02	1.13	a4a3	b2b6	4k3/1pp1bpp1/2b1p2r/r6p/p1RP1P1P/3QB1P1/1q1NP3/4K1R1 b - - 1 17
BB	-4.50	0.97	c6b5	h6g6	4k3/1pp1bpp1/1qb1p2r/r6p/p1RP1P1P/3Q2P1/3NPB2/4K1R1 b - - 3 18
BB	-5.67	0.66	c6b5	a3a2	4k3/1pp1bpp1/1qb1p1r1/r6p/2RP1P1P/p2QP1P1/3NKB2/6R1 b - - 1 20
WB	1.38	-1.18	f1c4	c1e3	r1bqkb1r/ppp3pp/2n1pn2/5p2/3P4/5NN1/PPP2PPP/R1BQKB1R w KQkq - 2 7
WB	0.27	-2.82	e3c1	c2c3	r1bqk2r/ppp3pp/2nbpn2/5p2/3P4/4BNN1/PPP2PPP/R2QKB1R w KQkq - 4 8
WB	-2.29	-1.37	d4e5	h1h4	r1bqk2r/ppp3pp/2nb1n2/4p3/3P4/2P2NP1/PP1B1PP1/R2QKB1R w KQkq - 0 11
WB	-3.26	-0.78	f1e2	f3e5	r1b1k2r/ppp1q1pp/2n2n2/4b3/7R/2P2NP1/PP1B1PP1/R2QKB2 w Qkq - 0 13
WB	-3.91	-0.75	f1e2	d2e3	r1b1k2r/ppp1q1pp/5n2/4n3/7R/2P3P1/PP1B1PP1/R2QKB2 w Qkq - 0 14
WB	-4.33	-4.16	f1e2	e3a7	r3k2r/pp2q1pp/2p2n2/4n3/Q5bR/2P1B1P1/PP3PP1/R3KB2 w Qkq - 0 16
WB	-7.63	-0.83	a7e3	a7e3	r3k2r/Bp2q1pp/2p2n2/8/Q1n3bR/2P3P1/PP3PP1/R3KB2 w Qkq - 1 17
WB	-8.55	-2.62	f1c4	b2b3	4k2r/1p2q1pp/2p2n2/8/r1n3bR/2P1B1P1/PP3PP1/R3KB2 w Qk - 0 18
WB	-11.11	-988.87	f1d3	f2e3	4k2r/1p2q1pp/2p2n2/8/r5bR/1PP1n1P1/P4PP1/R3KB2 w Qk - 0 19
BB	-1.89	0.53	f8e7	c8e6	rnbqkb1r/ppp2ppp/5n2/3pQ3/3Pp3/2N1P3/PPP2PPP/R1B1KBNR b KQkq - 3 5
BB	-1.66	1.45	d8d7	f6g4	r2qkb1r/ppp2pp1/2n1bn2/1B1p2Qp/3Pp3/2N1P3/PPP1NPPP/R1B1K2R b KQkq - 1 8
BB	-0.60	1.06	a7a6	h8h6	3rkb1r/ppp2pp1/2n1bn2/1B1p3p/3P4/2N1PP2/PPP1N2P/R1B2RK1 b k - 2 12
BB	0.16	1.42	a7a6	h6g6	3rkb2/ppp2pp1/2n1bn1r/1B1p3p/3P4/2N1PP2/PPP1N2P/R1B2R1K b - - 4 13
BB	1.45	2.85	h6h8	d5e4	3rkb2/ppp2pp1/2n1bn1r/1B1p3p/3PPN2/2N2P2/PPP4P/R1B2R1K b - - 0 15
BB	4.28	2.02	f6g4	e8f7	3rkb2/ppp5/2n1pn1p/1B5p/3PP3/2N5/PPP4P/R4R1K b - - 0 18
BB	0.26	0.76	e6e5	h7h5	r1bqkbnr/pppp1ppp/2n1p3/8/8/4PN1P/PPPP1PP1/RNBQKB1R b KQkq - 2 3
BB	-1.09	0.62	f7f5	a8a5	r2qkb1r/1ppb1pp1/2n1p3/3p3p/1pPPn3/P2BPN1P/2Q2PP1/RNB2RK1 b kq - 1 10
BB	-0.84	0.52	b4a3	h8h6	3qkb1r/1ppb1pp1/2n1p3/r2p3p/1pPPn3/P2BPN1P/1BQ2PP1/RN3RK1 b k - 3 11
BB	-1.14	3.50	f7f5	e4c5	3qkb2/1ppb1pp1/2n1p2r/r1Pp3p/1p1Pn3/P2BPN1P/1BQ2PP1/RN3RK1 b - - 0 12
BB	2.34	0.70	a5c5	b4a3	3qkb2/1ppb1pp1/2n1p2r/r1Pp3p/1p6/P2BPN1P/1BQ2PP1/RN3RK1 b - - 0 13
BB	2.51	1.40	g7g5	c5a5	3qkb2/1ppb1pp1/2n1p2r/2rp3p/8/N2BPN1P/1B2QPP1/R4RK1 b - - 1 15
BB	2.91	0.82	e6e5	h5h4	3qkb2/1ppb1pp1/2n1p2r/r2p3p/8/N2BPN1P/1B2QPP1/RR4K1 b - - 3 16
BB	3.67	1.14	f7f6	g7g5	3qkb2/1ppb1pp1/2n1p2r/rN1p4/7p/3BPN1P/1B2QPP1/RR4K1 b - - 1 17
BB	4.17	0.59	f8e7	d5e4	3qkb2/1ppb1p2/r1n1p2r/1N1p2p1/4P2p/2BB1N1P/4QPP1/RR4K1 b - - 0 19
BB	4.89	2.46	a6a1	d7c8	3qkb2/1ppb1p2/r1n1p2r/1N4p1/4B2p/2B2N1P/4QPP1/RR4K1 b - - 0 20
WB	0.49	-0.83	a1c1	a2a4	r4rk1/pbpq1pp1/1pn2b1p/3p4/3P4/2N1PN2/PPQ1BPPP/R4RK1 w - - 4 13
WB	-0.41	-0.94	f1d1	f3e5	r4rk1/1bpq1pp1/1p3b1p/p2p4/Pn1P4/1QN1PN2/1P2BPPP/R4RK1 w - - 0 15
WB	0.34	-1.65	c3b5	e2b5	r3r1k1/1bp2pp1/1p5p/p2pPq2/Pn3P2/1QN1P3/1P2B1PP/R4RK1 w - - 1 18
WB	0.60	-1.04	e3e4	g1h1	r3r3/1b3ppk/1pp4p/p2pPq2/Pn3P2/1QN1P3/1P2B1PP/R4RK1 w - - 2 20
BB	-0.98	0.65	g8f6	h7h5	r1bqkbnr/ppp2ppp/2n5/3pp3/4P2P/3P4/PPPN1PP1/R1BQKBNR b KQkq - 1 4
BB	-4.45	2.56	e5e4	c8b8	2kr3r/ppp2pp1/2n2n2/2bqp2p/P5bP/2PPBN1N/1P3PP1/R2QKB1R b KQ - 2 10
BB	-2.16	0.72	h8e8	a7a5	1k1r3r/ppp2pp1/2n2n2/2bqp1Np/P5bP/2PPBN2/1P3PP1/R2QKB1R b KQ - 4 11
BB	-5.03	3.19	e5e4	d5c4	1k1r3r/1pp2pp1/2n2n2/p1bqp1Np/P5bP/2PPBN2/1P1K1PP1/R2Q1B1R b - - 1 12
BB	-6.13	2.55	c4c5	f6d5	1k1r3r/1pp2pp1/2n2n2/p3p1Np/P1q3bP/2PPKNP1/1P3P2/R2Q1B1R b - - 0 14
BB	-4.66	3.79	d5c3	g4f3	1k1r3r/1pp2pp1/2n5/p2np1Np/P1q3bP/2PP1NP1/1P2KP2/R2Q1B1R b - - 2 15
BB	-0.88	0.88	c4c5	c4g4	1k1r3r/1pp2pp1/2n5/p2np1Np/P1q4P/2PP1KP1/1P3P2/R2Q1B1R b - - 0 16
BB	0.00	2.93	g4d7	d5f4	1k1r3r/1pp2pp1/2n5/p2np1Np/P5qP/2PP2P1/1P3PK1/R2Q1B1R b - - 2 17
BB	-0.53	3.65	g4g6	f6f5	1k1r3r/1pp3p1/2n2p2/p3p2p/P3NnqP/2PP2P1/1P3P2/R2Q1BKR b - - 1 19
BB	-0.45	3.60	d8d5	h8h6	1k1r3r/1pp3p1/2n5/p1N1pp1p/P4nqP/2PP2P1/1P3P2/R2Q1BKR b - - 1 20
BB	-3.48	0.73	d5d4	b8c6	rn1qkb1r/1p2pppb/p4n1p/2Pp3P/5BP1/2N2P2/PPPKP3/R2Q1BNR b kq - 0 9
BB	-4.15	1.00	d5d4	e7e6	r2qkb1r/1p2pppb/p1n2n1p/2Pp3P/6P1/2N2PB1/PPPKP3/R2Q1BNR b kq - 2 10
BB	-3.51	2.65	d8a5	h8g8	r2qkb1r/1p3ppb/p1n1pn1p/2Pp3P/N5P1/5PB1/PPPKP3/R2Q1BNR b kq - 1 11
BB	-4.00	5.29	a8b8	d4d3	r2qkbr1/1p3ppb/pNn1pn1p/2P4P/3p2PB/5P2/PPPKP3/R2Q1BNR b q - 1 13
BB	0.00	1.40	f8c5	a8b8	r2qkbr1/1p3ppb/pNn1pn1p/2P4P/6PB/3P1P2/PP1KP3/R2Q1BNR b q - 0 14
BB	0.63	1.54	f6d7	h7e4	1r1qkbr1/1p3ppb/pNn1pn1p/2P4P/6P1/3P1P2/PP1KPB2/R2Q1BNR b - - 2 15
BB	-0.64	4.36	e4f2	e4c5	1r1qkbr1/1p3pp1/pNn1p2p/2P4P/4n1P1/3P4/PP2PB2/R2QKBNR b - - 1 17
BB	0.25	2.99	b6b5	f8e7	3rkbr1/1p3pp1/pqn1p2p/2n4P/6P1/2QP4/PP2PBB1/R3K1NR b - - 3 20
BB	0.27	0.62	f8e7	g6c2	r3kb1r/pp1n1p1p/2p2pb1/3p4/3P3N/2N1P3/PP3PPP/R3KB1R b KQkq - 3 11
BB	0.85	0.69	c2g6	c2e4	r3kb1r/pp1n1p1p/2p2p2/3p4/3P3N/2N1P3/PPbK1PPP/R4B1R b kq - 5 12
BB	1.52	0.68	d7b6	e8c8	r3kb1r/pp1n1p1p/2p2p2/8/3Pp2N/4P3/PPK2PPP/R4B1R b kq - 1 14
BB	2.37	0.79	a7a5	d6b4	3r3r/ppkn1B1p/2pb1p2/5N2/3Pp3/4P3/PPK2PPP/R6R b - - 2 17
BB	3.12	0.73	b4d6	b4a5	3r3r/ppkn1B1p/2p2p2/5N2/1b1Pp3/P3P3/1PK2PPP/R6R b - - 0 18
BB	3.07	0.53	h8e8	a5b6	3r3r/ppkn3p/2p1Bp2/b4N2/3Pp3/P3P3/1PK2PPP/R6R b - - 2 19
BB	2.66	0.56	d7f8	h7h5	3r3r/ppkn3p/1bp1Bp2/5N2/3Pp3/P3P3/1PK2PPP/R3R3 b - - 4 20
BB	-1.45	2.54	d6b4	d6e6	r3kb1r/ppp2ppp/2nq4/4p2b/4N3/3P1N1P/PPP2PP1/R1BQK2R b KQkq - 2 10
BB	-2.47	4.05	e6d5	f8b4	r3kb1r/ppp2ppp/2n1q3/4p1Nb/8/3P1N1P/PPP2PP1/R1BQK2R b KQkq - 4 11
BB	1.51	0.60	e6d5	h5f3	r3k2r/ppp2ppp/2n1q3/4p1Nb/1b6/2PP1N1P/PP3PP1/R1BQK2R b KQkq - 0 12
BB	2.15	1.62	e6g6	b4c3	r3k2r/ppp2ppp/2n1q3/4p1N1/1b6/2PP1Q1P/PP3PP1/R1B1K2R b KQkq - 0 13
BB	-0.34	6.76	h8f8	d7d3	2kr3r/pppq1Npp/2n5/4p3/8/2PP1Q1P/P4PP1/1RB1K2R b K - 0 16
BB	6.80	0.64	c3c2	c8b8	2k5/ppp3p1/2n3N1/4p2p/8/2r4P/P4PP1/1RB2RK1 b - - 1 20
WB	-0.33	-0.75	e2e4	b1a3	r1bq1rk1/ppp2pp1/2n2n1p/2b1p3/P2p4/3P1NP1/1PPBPPBP/RN1Q1RK1 w - - 2 9
WB	2.00	-1.09	c4e5	g2a8	r1bq1rk1/2p2pp1/1p3n1p/p1b1n3/P1Np4/3P2P1/1PPBPPBP/R2Q1RK1 w - - 0 12
WB	1.96	-1.27	c2c3	g1g2	3q1rk1/2p2pp1/1p3n1p/p1b5/P1bp4/5BP1/1PPBPP1P/R2Q1RK1 w - - 0 15
WB	3.20	-1.02	c2c3	d1d2	3q1rk1/2p2pp1/5n1p/B1b5/Ppbp4/5BP1/1PP1PPKP/R2Q1R2 w - - 0 17
WB	4.15	-11.37	f3e2	f1h1	3qr1k1/2p2pp1/5n1p/8/PQ1p4/5BP1/1PP1bPKP/R4R2 w - - 0 20
WB	-7.32	-992.66	g2g1	g2f3	3qr1k1/2p2pp1/5n1p/8/PQ1p4/5bP1/1PP2PKP/R6R w - - 0 21
BB	-0.38	3.96	e5d4	c8e6	r1bqkbnr/ppp2ppp/2np4/4p3/2PP4/1P2P3/P4PPP/RNBQKBNR b KQkq - 0 4
BB	3.38	0.51	b7c6	d7c6	r2qkbnr/pppb1ppp/2Pp4/4p3/2P5/1P2P3/P4PPP/RNBQKBNR b KQkq - 0 6
BB	3.11	0.53	c7c6	f6g4	r2qkb1r/pppb1pp1/3p1n2/1P2p2p/P1P5/4P3/3B1PPP/RN1QKBNR b KQkq - 1 10
BB	2.77	1.14	h8h6	b7b6	r2qkb1r/pppb1pp1/3p4/1P2p2p/P1P3n1/4PQ2/3B1PPP/RN2KBNR b KQkq - 3 11
BB	3.26	0.96	h6f6	g7g5	r2qkb2/p1pb1pp1/1p1p3r/1P2p2p/P1P1P1n1/5Q1P/3B1PP1/RN2KBNR b KQq - 0 13
BB	0.97	0.64	d8f6	a7a6	r2qkb1R/p1pb1p2/1p1p4/1P2p1p1/P1P1P3/8/3B1PB1/RN2K1N1 b Qq - 0 17
BB	-8.03	2.55	g5c1	g5g2	4kb1R/2pb1p2/rp1p4/P3p1q1/2P1P3/8/5PB1/RN2K1N1 b Q - 0 20
WB	-0.51	-0.82	d3e1	d1a4	r1b1r1k1/1ppnqppp/3p1n2/p3p3/2P5/2PNB1P1/PP2PPBP/R2Q1RK1 w - - 2 11
WB	-0.73	-3.44	a1d1	g2f3	r1b1r1k1/1p1nqppp/2pp1n2/p3p3/Q1P5/2PNB1P1/PP2PPBP/R4RK1 w - - 0 12
WB	-3.76	-0.94	d3d4	a4c2	r1b1r1k1/1p2qppp/2pp1n2/p3n3/Q1P5/2PPB1P1/PP3PBP/R4RK1 w - - 1 15
WB	-4.26	-3.33	c2d2	d1e1	r3r1k1/1p2qppp/2pp2n1/p4b2/2P2Bn1/2PP2P1/PPQ2PBP/R2R2K1 w - - 7 18
WB	-4.43	-0.53	c2d2	f4d2	r3r1k1/1p1q1ppp/2pp2n1/p4b2/2P2Bn1/2PP2P1/PPQ2PBP/R3R1K1 w - - 9 19
WB	-4.58	-1.39	f2f3	g2e4	r3r1k1/1p1q1ppp/2pp4/p3nb2/2P3n1/2PP2P1/PPQB1PBP/R3R1K1 w - - 11 20
WB	-5.10	-0.77	d3e4	e1e4	r3r1k1/1p1q1ppp/2pp4/p3n3/2P1b1n1/2PP2P1/PPQB1P1P/R3R1K1 w - - 0 21
BB	-4.28	2.47	c6d8	e8d8	r1bQkb1r/pp3ppp/2n2n2/2P1N3/7P/2N1p3/PPP1PPP1/R3KB1R b KQkq - 0 8
BB	-2.07	0.99	e3f2	f8c5	r1b1kb1N/pp4pp/2n2n2/2P5/7P/2N1p3/PPP1PPP1/R3KB1R b KQ - 0 10
BB	-2.28	0.64	c6b4	c5e3	r1b1k2N/pp4pp/2n2n2/2b5/7P/2N1P3/PPP1P1P1/R3KB1R b KQ - 0 11
BB	-1.78	0.78	e3h6	e3d4	r1b1k2N/pp4pp/2n2n2/8/7P/4b3/PPP1P1P1/R2NKB1R b KQ - 1 12
BB	-5.11	3.76	f6e4	a8b8	r1b1k2N/pp4pp/2n2n2/4b3/P6P/2P5/1P2P1P1/R2NKB1R b KQ - 0 14
BB	-5.54	3.26	f6e4	c8d7	1rb1k2N/pp4pp/2n2n2/4b3/PP5P/2P5/4P1P1/R2NKB1R b KQ - 0 15
BB	-4.83	4.83	f6e4	e8e7	1r2k2N/pp1b2pp/2n2n2/1P2b3/P6P/2P5/4P1P1/R2NKB1R b KQ - 0 16
BB	0.00	1.77	f6e4	b7c6	1r5N/pp1bk1pp/2P2n2/4b3/P6P/2P5/4P1P1/R2NKB1R b KQ - 0 17
BB	1.47	0.95	d7e6	h8b8	7r/p2bk1pp/2p2n2/4b3/P3P2P/2PB4/6P1/R2NK2R b KQ - 1 19
BB	-1.49	0.54	f8e7	c8e6	rnbqkb1r/ppp2ppp/5n2/3pQ3/8/2N1P3/PPP2PPP/R1B1KBNR b KQkq - 2 5
BB	-1.27	1.06	a6c5	f8b4	r2qkb1r/pp3ppp/n1p1bn2/3pQ3/3N4/4P3/PPP1NPPP/R1B1KB1R b KQkq - 1 8
BB	-1.52	1.55	b4d2	b4d6	r2qk2r/pp3ppp/n1p1bn2/3pQ3/1b1N4/4P3/PPPBNPPP/R3KB1R b KQkq - 3 9
BB	-2.72	2.18	g7g6	b7b6	r3r1k1/1p1n1ppp/2p5/p1npbN2/8/B3P3/PPP2PPP/2KR1B1R b - - 3 18
BB	-0.77	1.67	g7g6	c6d5	r3r1k1/5ppp/1pp2n2/p1nPbN2/8/B3P3/PP3PPP/2KR1B1R b - - 0 20
WB	3.02	-6.39	c4d5	g2d5	r1bqkbnr/p4ppp/1p2p3/3p4/2PQ4/6P1/PP2PPBP/RNB1K2R w KQkq - 0 8
WB	-3.36	-0.70	c4d5	d4d5	r1bqkbnr/p4ppp/1p6/3p4/2PQ4/6P1/PP2PP1P/RNB1K2R w KQkq - 0 9
WB	-2.38	-0.93	f2f3	e1g1	r3kb1r/p4ppp/1p3n2/3P1b2/8/2N3P1/PP2PP1P/R1B1K2R w KQkq - 3 12
WB	-3.43	-0.87	g5f6	g5h4	2kr1b1r/p4pp1/1p3n1p/3P1bB1/8/2N3P1/PP2PP1P/R4RK1 w - - 0 14
WB	-4.24	-1.11	g3g4	e2e4	2kr1b1r/p4p2/1p3n1p/3P1bp1/7B/2N3P1/PP2PP1P/R4RK1 w - - 0 15
WB	-5.11	-1.29	g3g4	c3f3	3r1b1r/pk3p2/1p5p/3P1bp1/7B/2R3P1/PP3P1P/5RK1 w - - 1 18
WB	-5.56	-0.62	f1c1	f7f4	k2r1b1r/p4R2/1p5p/3P2p1/6bB/6P1/PP3P1P/5RK1 w - - 1 20
WB	0.32	-0.81	d2d4	e1g1	r1bqkbnr/pp2pppp/2n5/2pp4/8/5NP1/PPPPPPBP/RNBQK2R w KQkq - 2 4
WB	0.22	-0.51	h2h3	b1c3	r2qkbnr/pp3ppp/2n5/2ppp3/6b1/3P1NP1/PPP1PPBP/RNBQ1RK1 w kq - 1 6
WB	-0.20	-2.99	c3e4	c1g5	r2qkbnr/pp3ppp/2n5/2p1p3/3p2b1/2NP1NP1/PPP1PPBP/R1BQ1RK1 w kq - 0 7
WB	-2.58	-1.04	f2f4	d1d2	r2qkbnr/pp4pp/2n5/2p1pbN1/3pN3/3P2P1/PPP1PPBP/R2Q1RK1 w kq - 1 10
WB	-2.10	-1.34	g5e6	a2a4	r2qk2r/pp2b1pp/2n2n2/2p1p1N1/3p4/3P1BP1/PPPQPP1P/R4RK1 w kq - 3 13
WB	-1.72	-1.79	g5e6	h2h4	r2q1rk1/pp2b1pp/2n2n2/2p1p1N1/P2p4/3P1BP1/1PPQPP1P/R4RK1 w - - 1 14
WB	-1.36	-1.55	g5e6	g1g2	r2q1rk1/pp1nb1pp/2n5/2p1p1N1/P2p3P/3P1BP1/1PPQPP2/R4RK1 w - - 1 15
WB	-2.79	-1.53	h4g5	d2g5	r2q1rk1/pp1n2pp/2n5/2p1p1b1/P2p3P/3P1BP1/1PPQPPK1/R4R2 w - - 0 16
WB	-3.46	-0.96	f3c6	f1h1	r2q1rk1/pp4pp/2n2n2/2p1p1Q1/P2p3P/3P1BP1/1PP1PPK1/R4R2 w - - 1 17
WB	-4.02	-1.11	a4a5	f3c6	2rq1r1k/pp4p1/2n1Qn1p/2p1p3/P2p3P/3P1BP1/1PP1PPK1/R6R w - - 2 20
WB	-4.42	-2.24	a1e1	e6e5	2rq1r1k/p5p1/2p1Qn1p/2p1p3/P2p3P/3P2P1/1PP1PPK1/R6R w - - 0 21
WB	2.44	-1.60	f1g2	g1f3	r1b1kb1r/ppppqppp/8/3P4/1n2n3/2N1B1P1/PPP2P1P/R2QKBNR w KQkq - 3 8
WB	4.22	-2.84	f1g2	h1g1	r1b1kbr1/ppppqppp/8/3P4/1n2n3/2N1BNP1/PPP2P1P/R2QKB1R w KQq - 5 9
WB	2.66	-2.70	a2a3	a2a4	r1b1kbr1/ppp1qppp/3p4/3P4/1n2n3/2N1BNP1/PPP2P1P/R2QKBR1 w Qq - 0 10
WB	0.62	-0.87	f1e2	f1b5	r3kbr1/ppp1qppp/3p4/3P4/Pn2n1b1/2N1BNP1/1PP2P1P/R2QKBR1 w Qq - 1 11
WB	0.33	-1.85	b5e2	b5f1	r3kbr1/p3qppp/2pp4/1B6/Pn2n1b1/2N1BNP1/1PP2P1P/R2QK1R1 w Qq - 0 13
WB	3.57	-1.25	e3f4	e3d4	r3kbr1/p4ppp/2pp4/3nq3/P7/2P1BQP1/2PK1P1P/R4BR1 w q - 3 17
WB	2.73	-7.25	d2d1	f3e3	r3kbr1/p4ppp/2pp4/3n2q1/P2B4/2P2QP1/2PK1P1P/R4BR1 w q - 5 18
WB	-4.21	-1.18	d4e3	f2e3	r3kbr1/p4ppp/2pp4/6q1/P2B4/2P1n1P1/2PK1P1P/R4BR1 w q - 0 19
WB	-4.88	-0.75	a1b1	g1g2	r3kbr1/p4ppp/2pp4/7q/P2B4/2P1P1P1/2PK3P/R4BR1 w q - 1 20
BB	-2.79	3.58	d5d4	b8c6	rnbqkbnr/pp3ppp/8/1N1pp3/8/4B3/PPP1PPPP/RN1QKB1R b KQkq - 1 5
BB	-0.92	1.79	d5d4	g8f6	r1bqkbnr/pp3ppp/2n5/1N1pp3/8/2N1B3/PPP1PPPP/R2QKB1R b KQkq - 3 6
BB	-2.28	3.06	a7a6	c8g4	r1bqkb1r/pp3ppp/2n2n2/1N1pp3/5P2/2N1B3/PPP1P1PP/R2QKB1R b KQkq - 0 7
BB	0.63	3.66	f6e4	d8e7	r2qkb1r/pp3ppp/2n2n2/1N1pP3/6b1/2N1B3/PPP1P1PP/R2QKB1R b KQkq - 0 8
BB	3.16	2.28	d5d4	e3d4	N4b1r/pp1k1ppp/2n2P2/3p4/6b1/2N1q3/PPP1P1PP/R2QKB1R b KQ - 0 11
BB	5.66	0.64	d4f5	f8c5	N4b1r/pp1k1ppp/5P2/3p4/3n2b1/2N5/PPP1P1PP/2KR1B1R b - - 1 13
BB	5.15	2.43	c5b4	d4e2	N6r/pp1k1ppp/5P2/2bp4/1P1n2b1/2N5/P1P1P1PP/2KR1B1R b - - 0 14
BB	8.83	991.02	f6e7	f6g6	7r/ppN2ppp/1b3k2/3R4/1P6/8/PKP1N1PP/5R2 b - - 2 20
WB	0.33	-0.53	g1f3	f1g2	rnbqkbnr/ppp1pppp/8/3p4/8/6P1/PPPPPP1P/RNBQKBNR w KQkq - 0 2
WB	0.31	-0.80	a2a4	c1d2	r2qk2r/1p1n1ppp/1bp2n2/p3p2b/4P3/1N1Q1NPP/PPP2PB1/R1B2RK1 w kq - 0 12
WB	0.35	-0.73	b3c5	d3e3	r4rk1/1p3ppp/1bp1qn2/p1n1p3/P3P3/1N1Q1BPP/1PPB1PK1/R6R w - - 3 17
WB	0.45	-1.90	b3c5	d2c3	r4rk1/1p3ppp/1bpq1n2/p1n1p3/P3P3/1N2QBPP/1PPB1PK1/R6R w - - 5 18
WB	1.07	-1.70	e4e5	d1a4	rnbqk2r/pp2ppbp/5np1/3p4/3PP3/2N2N2/PP3PPP/R1BQKB1R w KQkq - 0 7
WB	-0.62	-2.04	a4b3	a4b4	rn1qk2r/pp1bppbp/5np1/3p4/Q2PP3/2N2N2/PP3PPP/R1B1KB1R w KQkq - 2 8
WB	-1.47	-1.66	f3e5	b4b7	rn1qk2r/pp1bppbp/5np1/8/1Q1Pp3/2N2N2/PP3PPP/R1B1KB1R w KQkq - 0 9
WB	-3.00	-2.04	f3e5	d4d5	r2qk2r/pQ1bppbp/2n2np1/8/3Pp3/2N2N2/PP3PPP/R1B1KB1R w KQkq - 1 10
WB	-5.42	-2.56	a3c5	e7f5	1r1q1r2/p2bNpkp/6p1/n7/8/Q3BP2/Pb3P1P/R3KB1R w KQ - 1 17
WB	-8.12	-991.79	f1g2	e3d4	1r1q1r2/p4pkp/6p1/n4b2/8/Q3BP2/Pb3P1P/R3KB1R w KQ - 0 18
BB	-0.54	0.69	d8c7	d8d6	1r1qk2r/p4ppp/2p1pnb1/2b5/2B3P1/2N1PQ1P/PP3P2/R1B2RK1 b k - 1 13
BB	0.00	2.74	d6c7	f6d5	1r2k2r/p4ppp/2pqpnb1/2b5/2B3P1/2N1PQ1P/PP3P2/R1BR2K1 b k - 3 14
BB	3.19	1.52	e6d5	b8b6	1r3rk1/p4ppp/2pqp1b1/2bP4/2B3P1/2N2Q1P/PP3P2/R1BR2K1 b - - 0 16
BB	2.57	1.43	c6d5	b6b4	5rk1/p4ppp/1rpqp1b1/2bP4/2B3P1/2N2Q1P/PP3P2/R1B1R1K1 b - - 2 17
BB	0.59	5.15	c6d5	d6d5	5rk1/p4ppp/B1pqp1b1/2bP4/1r4P1/2N2Q1P/PP3P2/R1B1R1K1 b - - 4 18
BB	5.54	0.58	c6d5	e6d5	5rk1/p4ppp/B1p1p1b1/2bN4/1r4P1/5Q1P/PP3P2/R1B1R1K1 b - - 0 19
BB	5.04	1.13	c5d6	b4b6	5rk1/p4ppp/B1p3b1/2bpR3/1r4P1/5Q1P/PP3P2/R1B3K1 b - - 1 20
WB	1.84	-0.73	d1b3	h2h4	r2qkb1r/pppnppp1/3p1n1p/3P4/2P1P1b1/2N1BN2/PP3PPP/R2QKB1R w KQkq - 3 8
WB	1.53	-0.75	d1b3	a2a4	r2qkb1r/1ppnppp1/p2p1n1p/3P4/2P1P1bP/2N1BN2/PP3PP1/R2QKB1R w KQkq - 0 9
WB	6.69	-1.69	d5c6	b5c6	r2qkb1r/4ppp1/2pp1n1p/PB1Pn3/4P2P/2N1BP2/1P3P2/R2QK2R w KQkq - 0 14
WB	6.43	-0.77	c3b5	d1a4	r3kb1r/2q1ppp1/2Pp1n1p/P7/4P2P/2N1BP2/1P3P2/R2QK2R w KQkq - 1 16
WB	5.68	-0.85	c3b5	e1d2	r3kb1r/2q2pp1/2Pp1n1p/P3p3/Q3P2P/2N1BP2/1P3P2/R3K2R w KQkq - 0 17
WB	7.02	-2.70	a4c6	c3d5	r1q2b1r/2P1kpp1/3p1n1p/P3p3/Q3P2P/2N1BP2/1P1K1P2/R6R w - - 1 19
WB	4.91	-1.65	a5a6	h1g1	r4b1r/2q1kpp1/3p3p/P2Pp3/Q6P/4BP2/1P1K1P2/R6R w - - 0 21
WB	0.65	-0.55	e1g1	d4e5	rnbq1rk1/ppp2pbp/3p1np1/4p3/2PPP3/2N2N2/PP2BPPP/R1BQK2R w KQ - 0 7
WB	1.29	-1.01	c6b7	a1c1	r1br2k1/ppp3bp/2P3p1/4p1p1/4P3/5N2/PP2BPPP/R3K2R w KQ - 0 13
WB	0.51	-0.53	c6b7	e1g1	r1br2k1/ppp3b1/2P3pp/4p1p1/4P3/5N2/PP2BPPP/2R1K2R w K - 0 14
WB	0.38	-0.61	f3h4	e2c4	r1br2k1/ppp3b1/2P3pp/4p3/4P1p1/5N2/PP2BPPP/2R2RK1 w - - 0 15
WB	0.11	-0.83	f1d1	c4d5	r1br3k/ppp3b1/2P3pp/4p3/2B1P1p1/5N2/PP3PPP/2R2RK1 w - - 2 16
WB	5.59	-0.64	c1c6	c1c3	2r4k/p1p3b1/6pp/4p3/4P3/8/PP3PKP/2R2R2 w - - 0 21
WB	0.15	-3.28	c3a4	c3b5	rnbqkb1r/p1p1pppp/5n2/3p4/1p1P4/2N3P1/PPP1PPBP/R1BQK1NR w KQkq - 0 5
WB	-2.92	-1.20	b5c7	d1d3	rnbqkb1r/2p1pppp/p4n2/1N1p4/1p1P4/6P1/PPP1PPBP/R1BQK1NR w KQkq - 0 6
WB	-2.44	-1.76	c2c4	a2a4	r1bqkb1r/2p1pppp/p1n2n2/1N1p4/1p1P4/3Q2P1/PPP1PPBP/R1B1K1NR w KQkq - 2 7
WB	-4.09	-0.56	g1f3	d3b5	r1bqkb1r/2p1pppp/2n2n2/1p1p4/Pp1P4/3Q2P1/1PP1PPBP/R1B1K1NR w KQkq - 0 8
WB	-4.17	-0.89	b5d3	g1f3	r2qkb1r/2pbpppp/2n2n2/1Q1p4/Pp1P4/6P1/1PP1PPBP/R1B1K1NR w KQkq - 1 9
WB	-4.29	-2.15	b5d3	b5c5	r2qkb1r/2pbpppp/5n2/1Q1p4/Pp1n4/5NP1/1PP1PPBP/R1B1K2R w KQkq - 0 10
WB	-6.02	-0.76	e2e3	a1a2	r2qkb1r/5ppp/5n2/2pp1b2/Pp1p4/1P3NP1/2P1PPBP/R1B2RK1 w kq - 1 14
WB	-6.64	-0.74	a4a5	c1f4	r2qk2r/5ppp/3b1n2/2pp1b2/Pp1p4/1P3NP1/R1P1PPBP/2B2RK1 w kq - 3 15
WB	-7.48	-1.41	a4a5	h2h4	r3r1k1/2q2ppp/5n2/2ppNb2/Pp3P2/1P2P3/R1P3BP/5RK1 w - - 1 20
WB	-7.80	-1.18	a2a1	a4a5	3rr1k1/2q2ppp/5n2/2ppNb2/Pp3P1P/1P2P3/R1P3B1/5RK1 w - - 1 21
BB	-2.29	1.13	f6e7	a8b8	r1b2rk1/p4ppp/3bpq2/2pp4/8/2N2Q2/PPPP1PPP/R1B1K2R b KQ - 1 11
BB	-1.66	0.55	c8d7	c8a6	2b2r2/p4pkp/1r1bpp2/2pp4/8/2N5/PPPP1PPP/R1BR2K1 b - - 5 15
BB	-1.47	1.95	b6c6	a6e2	5r2/p4pkp/br1bpp2/2pp4/N7/8/PPPP1PPP/R1BR2K1 b - - 7 16
BB	0.29	1.77	b6b4	e2c4	5r2/p4pkp/1r1bpp2/2pp4/N7/8/PPPPbPPP/R1B1R1K1 b - - 9 17
BB	1.64	2.62	c4a6	d6e5	5r2/5pkp/1p1bpp2/2pp4/2b5/1P6/P1PP1PPP/R1B1R1K1 b - - 0 19
BB	-0.60	0.53	e5f4	d7d5	r1bqkb1r/pppp1ppp/2n2n2/4p3/4PP2/2NP4/PPP3PP/R1BQKBNR b KQkq - 2 4
BB	-0.73	1.08	f8b4	f6d5	r1bqkb1r/ppp2ppp/5n2/3Pn3/8/2NP4/PPP3PP/R1BQKBNR b KQkq - 0 6
BB	-0.78	4.31	d5c3	h4d4	r1b1kb1r/ppp2ppp/8/3nn3/7q/2NP4/PPP1Q1PP/R1BK1BNR b kq - 3 8
BB	-2.73	2.24	c8g4	d4c3	r1b1kb1r/ppp2ppp/8/4n3/3qQ3/2PP4/P1P3PP/R1BK1BNR b kq - 0 10
BB	-4.74	2.34	c7c6	c8d7	r1b1kb1r/ppp2ppp/8/1B2n3/3PQ3/8/P1P3PP/q1BK2NR b kq - 1 12
BB	-2.74	0.62	f8e7	e8d8	r3kb1r/pppb1ppp/8/1B2Q3/3P4/8/P1P3PP/q1BK2NR b kq - 0 13
BB	-2.19	1.86	f8d6	d8d7	r2k1b1r/pppB1ppp/8/4Q3/3P4/8/P1P3PP/q1BK2NR b - - 0 14
BB	-3.52	1.76	d7c8	d7c6	r6r/pppk1Qpp/3b4/8/3P4/8/P1P3PP/q1BK2NR b - - 0 16
BB	-3.10	3.10	a8e8	g7g5	r6r/ppp2Qpp/2kb4/8/3P4/8/P1P1N1PP/q1BK3R b - - 2 17
BB	-1.17	3.48	a8e8	h7h5	r6r/ppp4p/2kb4/6p1/3P4/1Q6/P1P1N1PP/q1BK3R b - - 1 18
BB	2.86	997.13	c6d7	a7a5	r6r/ppp5/2kb4/6pp/3P4/1QN5/P1P3PP/q1BK3R b - - 1 19
WB	1.77	-0.95	f3g5	a4f4	r2qkb1r/1ppn1pp1/p3bn2/7p/Q7/2N1PN2/PP1P1PPP/R1B1KB1R w KQkq - 2 8
WB	1.65	-1.37	f3g5	a2a4	r2qkb1r/1ppn1p2/p3bnp1/7p/5Q2/2N1PN2/PP1P1PPP/R1B1KB1R w KQkq - 0 9
WB	1.41	-2.60	c3d5	f4e4	r2qkb1r/1ppn1p2/p3b1p1/3n3p/P4Q2/2N1PN2/1P1P1PPP/R1B1KB1R w KQkq - 1 10
WB	1.47	-2.79	f3d4	h2h4	r2qkb1r/1p1n1p2/p1p1b1p1/3n3p/P3Q3/2N1PN2/1P1P1PPP/R1B1KB1R w KQkq - 0 11
WB	0.63	-1.57	f3d4	a4a5	r2qk2r/1p1nbp2/p1p1b1p1/3n3p/P3Q2P/2N1PN2/1P1P1PP1/R1B1KB1R w KQkq - 1 12
WB	0.67	-1.79	e4a4	e4e5	r2qk2r/1p2bp2/p1p1bnp1/P2n3p/4Q2P/2N1PN2/1P1P1PP1/R1B1KB1R w KQkq - 1 13
WB	-0.63	-4.54	f1c4	b2b3	r2qk2r/1p2bp2/p1p2np1/P3Q2p/1n1N2bP/2N1P3/1P1P1PP1/R1B1KB1R w KQkq - 5 15
WB	-5.00	-994.99	f2f4	e5d4	r3k2r/1p2bp2/p1p2np1/P3Q2p/1n1q2bP/1PN1P3/3P1PP1/R1B1KB1R w KQkq - 0 16
BB	-1.63	0.69	g4f5	b8c6	rnb1kb1r/ppp1pppp/5n2/8/6q1/2N1B1P1/PPP2Q1P/R3KBNR b KQkq - 2 8
BB	-0.80	2.42	f6e4	g4b4	r1b1kb1r/ppp1pppp/2n2n2/1N6/6q1/4B1P1/PPP2Q1P/R3KBNR b KQkq - 4 9
BB	1.83	1.66	c6b4	a5a4	r1b1kb1r/ppp1pppp/2n2n2/qN6/1P6/2P1B1P1/P4Q1P/R3KBNR b KQkq - 0 11
BB	3.58	0.66	c8d7	e7e5	N1bk1b1r/pp2pppp/2n2n2/8/qP6/2P1B1P1/P4Q1P/R3KBNR b KQ - 0 13
BB	4.04	995.94	c8d7	d8e8	N1bk1b1r/pp3ppp/2n2n2/4p3/qP6/2P1B1P1/P4Q1P/3RKBNR b K - 1 14
BB	-1.63	0.92	e7e6	b8c6	rnb1kb1r/ppp1pppp/5n2/8/6q1/2N1B1P1/PPP2Q1P/R3KBNR b KQkq - 2 8
BB	-0.66	2.47	f6e4	g4b4	r1b1kb1r/ppp1pppp/2n2n2/1N6/6q1/4B1P1/PPP2Q1P/R3KBNR b KQkq - 4 9
BB	1.91	1.78	c6b4	a5a4	r1b1kb1r/ppp1pppp/2n2n2/qN6/1P6/2P1B1P1/P4Q1P/R3KBNR b KQkq - 0 11
BB	3.61	996.37	a4d1	e7e5	r1b1kb1r/ppp1pppp/2n2n2/1N6/qP6/2P1B1P1/P4Q1P/3RKBNR b Kkq - 2 12
BB	1.97	1.27	f8d6	f8c5	r1b1kb1r/ppp2ppp/2n2n2/1NB1p3/qP6/2P3P1/P4Q1P/3RKBNR b Kkq - 1 13
BB	3.14	996.85	a4d1	a4a2	r1b1k2r/ppp2ppp/2n2n2/1NQ1p3/qP6/2P3P1/P6P/3RKBNR b Kkq - 0 14
BB	-2.58	1.16	g4e2	b8c6	rnb1kb1r/ppp1pppp/5n2/8/6q1/2N1B1P1/PPP1Q2P/R3KBNR b KQkq - 2 8
BB	-2.66	1.01	g4e2	e7e5	r1b1kb1r/ppp1pppp/2n2n2/8/6q1/2N1B1P1/PPP1Q2P/2KR1BNR b kq - 4 9
BB	-2.10	1002.08	f8d6	g4e2	r1b1kb1r/ppp2ppp/2n2n2/1N2p3/6q1/4B1P1/PPP1Q2P/2KR1BNR b kq - 1 10
BB	3.18	996.81	f6g4	a8b8	r1b2b1r/ppN1kppp/2n2n2/4p3/8/4B1P1/PPP1B2P/2KR2NR b - - 0 12
BB	0.18	0.59	b8d7	b8a6	rn1qkb1r/pp2pppp/2p2n2/8/2QP2b1/5N2/PP1NPPPP/R1B1KB1R b KQkq - 2 6
BB	0.73	0.65	f6d5	a8c8	r2qkb1r/pp2pppp/n1p1bn2/4N3/Q2P4/8/PP1NPPPP/R1B1KB1R b KQkq - 6 8
BB	0.81	1.24	g7g6	c8d8	2r1kb1r/pp2pppp/nqp1bn2/4N3/Q2P4/P3P3/1P1N1PPP/R1B1KB1R b KQk - 0 10
BB	1.28	2.55	e6c4	h7h5	3rkb1r/pp2pppp/nqp1bn2/4N3/Q1BP4/P3P3/1P1N1PPP/R1B1K2R b KQk - 2 11
BB	1.77	0.82	c6c5	h8g8	3rkb1r/pp2p3/nqp1pn2/4N1pp/P2P4/4P3/1P1N1PPP/R1BQK2R b KQk - 0 14
BB	1.27	2.06	c6c5	e8f7	3rkbr1/pp2p3/nqp1pn2/7p/P2P2p1/3NP3/1P1N1PPP/R1BQ1RK1 b - - 1 16
BB	1.99	0.50	b6c7	c6c5	3r1kr1/pp2p1b1/nqp1pn2/4N2p/P2P2p1/4P3/1P1NQPPP/R1B1R1K1 b - - 7 19
BB	2.36	3.30	b6c7	b6b3	3r1kr1/pp2p1b1/nq2pn2/2p1N2p/P1NP2p1/4P3/1P2QPPP/R1B1R1K1 b - - 1 20
BB	-0.21	0.61	c8d7	h7h5	r1b1kb1r/ppp2ppp/2n1pn2/8/4P3/2NB1N2/PPP2PPP/R1BK3R b kq - 4 7
BB	-0.15	1.19	f6g4	e6e5	r1b1kb1r/ppp2pp1/2n1pn2/6Bp/4P3/2NB1N2/PPP2PPP/R2K3R b kq - 1 8
BB	-0.62	2.34	a7a6	e6a2	2kr1b1r/ppp2pp1/2n1bn2/1N2p1Bp/4P3/3B1N2/PPP1KPPP/3R3R b - - 5 11
BB	-3.24	0.97	f8c5	f8b4	2kr1b1r/ppp2pp1/2n1bn2/1N2p1Bp/2P1P3/3B1N2/1P2KPPP/3R3R b - - 0 13
BB	-5.71	0.56	c6b4	c6d4	1k1r3r/bpp2pp1/2n1bn2/1P2p1Bp/4P3/3B1N2/4KPPP/3R3R b - - 0 17
BB	-5.54	0.67	d8d4	a7d4	1k1r3r/bpp2pp1/4bn2/1P2p1Bp/3NP3/3B4/4KPPP/3R3R b - - 0 18
BB	-6.54	2.41	e6g4	h5h4	1k1r3r/1pp2pp1/4bn2/1P2p1Bp/3bPP2/3B4/4K1PP/3R3R b - - 0 19
BB	-6.47	1.11	e6g4	d4e5	1k1r3r/1pp2pp1/4bn2/1P2P1B1/3bP2p/3B4/4K1PP/3R3R b - - 0 20
WB	1.33	-0.87	f1b5	c1e3	r1bqkbnr/pp2pppp/n7/3p4/3P4/2N5/PPP2PPP/R1BQKBNR w KQkq - 0 5
WB	6.09	-4.50	f1b5	g1f3	r1b1kbnr/pp1qpppp/n7/3p4/3P4/2N1B3/PPP2PPP/R2QKBNR w KQkq - 2 6
WB	2.61	-0.99	f3e5	a2a4	r1b1kbnr/pp2pppp/n2q4/3p4/3P4/2N1BN2/PPP2PPP/R2QKB1R w KQkq - 4 7
WB	1.71	-0.68	f3e5	h2h4	r1b1kb1r/pp2pppp/n2q1n2/3p4/P2P4/2N1BN2/1PP2PPP/R2QKB1R w KQkq - 1 8
WB	4.88	-2.97	e3f4	h1h3	1rb1kb1r/pp1npp1p/n2q2p1/1B1pN3/P2P3P/2N1B3/1PP2PP1/R2QK2R w KQk - 4 11
WB	3.78	-2.69	e3f4	b5d7	1rb1kb1r/pp1np2p/n2q1pp1/1B1pN3/P2P3P/2N1B2R/1PP2PP1/R2QK3 w Qk - 0 12
WB	6.37	-1.03	c3d5	h3g3	1r2kb1r/pp1bp2p/n4pp1/3p4/P2P3P/2N1B2R/1PP2PP1/R2QK3 w Qk - 0 14
WB	6.64	-1.21	c3d5	g3g6	1r2kb1r/pp1bp3/n4pp1/3p3p/P2P3P/2N1B1R1/1PP2PP1/R2QK3 w Qk - 0 15
WB	7.13	-1.04	c3b5	a4a5	1r2kb1r/pp6/n1b1pp2/3p3p/P2P3P/2N1B1R1/1PP2PP1/R2QK3 w Qk - 0 17
WB	7.30	-1.09	d3g6	e1c1	2r1kb1r/pp6/n1b1pp2/P2p3p/3P3P/2NQB1R1/1PP2PP1/R3K3 w Qk - 3 19
WB	7.69	-0.65	g6f7	g6f6	3r1b1r/pp1k4/n1b1ppQ1/P2p3p/3P3P/2N1B1R1/1PP2PP1/2KR4 w - - 7 21
BB	-0.26	0.65	f6d7	d8d7	r2qkbr1/pb1N1p2/2p1pn2/1p4p1/2pPP3/P1N3B1/1P3PP1/R2QKB1R b KQq - 0 13
BB	-1.52	0.82	c6c5	e8c8	r3kbr1/pb1q1p2/2p1pn2/1p4p1/2pPP3/P1N3B1/1P1Q1PP1/R3KB1R b KQq - 1 14
BB	-1.51	1.21	c6c5	d7e7	2kr1br1/pb1q1p2/2p1pn2/1p4p1/2pPP3/P1N3B1/1P1Q1PP1/3RKB1R b K - 3 15
BB	-0.89	2.94	a7a6	g5g4	2kr1b2/pb2qp2/2p1pnr1/1p4p1/2pPP3/P1N3B1/1P1QBPP1/1R2K2R b K - 7 17
BB	-0.37	1.30	f6e8	c4b3	2kr1b2/pb2qp2/2p1pnr1/1p6/1PpPP1p1/P1N3B1/3QBPP1/1R2K2R b K b3 0 18
BB	-1.89	0.67	e6e5	e7a3	2kr1b2/pb2qp2/2p1pnr1/1p6/3PP1p1/PpN3B1/3QBPP1/1R3K1R b - - 1 19
BB	-4.33	2.70	f8b4	d8d7	2kr1b2/pb3p2/2p1pnr1/1p6/3PP1p1/qpN3B1/3QBPP1/1R2K2R b - - 1 20
WB	1.13	-0.63	c2c4	b1c3	r1bqkbr1/pppnpppp/5n2/3p4/8/1P2PN2/PBPP1PPP/RN1QKB1R w KQq - 1 5
WB	0.26	-1.78	d2d4	b2a3	r1bqkbr1/1ppn1ppp/p4n2/3pp3/P7/1PN1PN2/1BPP1PPP/R2QKB1R w KQq - 0 7
WB	-1.02	-1.61	d2d3	h2h4	r1b1k1r1/1p1nqppp/p4n2/2p1p3/P2p4/1P2PN2/N1PP1PPP/R2QKB1R w Kq - 0 11
WB	-2.54	-0.63	f3g1	f3g5	r1b1k1r1/1p1nqppp/p4n2/2p5/P2pp2P/1P2PN2/N1PP1PP1/R2QKB1R w Kq - 0 12
WB	-1.54	-0.78	b3b4	h3f4	r1b1kr2/1p1nqpp1/p4n1p/2p5/P2pp2P/1P2P2N/N1PP1PP1/R2QKB1R w Kq - 2 14
WB	-2.04	-3.76	b3b4	g2g3	r1b1kr2/1p2qpp1/p4n1p/2p1n3/P2ppN1P/1P2P3/N1PP1PP1/R2QKB1R w Kq - 4 15
WB	-4.94	-1.78	f1e2	e3d4	r1b1kr2/1p2qp2/p4n2/2p1n1p1/P2ppN2/1P2P1P1/N1PP1P2/R2QKB1R w Kq - 0 17
WB	-6.62	-0.58	d1f3	e1e2	r1b1kr2/1p2qp2/p4n2/2p3p1/P2PpN2/1P3nP1/N1PP1P2/R2QKB1R w Kq - 1 18
WB	-6.31	-1.25	d1b1	c2c3	r1b1kr2/1p2qp2/p4n2/2p5/P2Ppp2/1P3nP1/N1PPKP2/R2Q1B1R w q - 0 19
WB	-7.40	-992.48	d1b1	d4c5	r3kr2/1p2qp2/p4n2/2p5/P2Pppb1/1PP2nP1/N2PKP2/R2Q1B1R w q - 1 20
WB	-7.93	-0.56	e2e1	e2e1	r3kr2/1p2qp2/p4n2/2P5/P2nppb1/1PP3P1/N2PKP2/R2Q1B1R w q - 1 21
BB	-0.87	0.99	f7f5	b8c6	rnbqkbnr/ppp2ppp/8/3p4/3Np3/2N1P3/PPPP1PPP/R1BQKB1R b KQkq - 1 4
BB	-0.50	0.85	c8d7	d8d6	r1bqkbnr/ppp2ppp/2n5/1B1p4/3Np3/2N1P3/PPPP1PPP/R1BQK2R b KQkq - 3 5
BB	0.15	5.27	d6d1	b7c6	r1b1kb1r/ppp2ppp/2Nq4/1B6/4p3/4P3/PPP2PPP/R1BQK2R b KQkq - 0 9
BB	1.98	0.67	e4f3	a8d8	r7/p1p1kppp/3bb3/8/4pP2/4P1P1/PPP4P/R1B2RK1 b - f3 0 15
BB	2.33	1.02	d6c5	h7h5	3r4/p1p1kppp/3bb3/8/4pP2/4P1P1/PPPB3P/R4RK1 b - - 2 16
BB	3.27	1.39	e6g4	e6a2	3r4/p1p1k1p1/3bbp2/7p/4pP2/2B1P1P1/PPP4P/3R1RK1 b - - 1 18
BB	0.07	0.89	d8b6	h8h6	r2qkbnr/pp1b1pp1/2n1p3/2ppP2p/3P1P2/2P5/PPN3PP/R1BQKBNR b KQkq - 0 7
BB	0.66	3.48	c5d4	c6b4	r2qkbn1/pp1b1pp1/2n1p2r/2ppP2p/3P1P2/2PB4/PPN3PP/R1BQK1NR b KQq - 2 8
BB	3.95	0.58	c5c4	c5b4	r2qkbn1/pp1b1pp1/4p2r/2ppP2p/1P1P1P2/3B4/PPN3PP/R1BQK1NR b KQq - 0 9
BB	4.24	0.58	e6f5	d8h4	r2qkbn1/pp1b1pp1/4p2r/3pPP1p/1p1P4/3B4/PPN3PP/R1BQK1NR b KQq - 0 10
BB	3.19	0.82	h6c6	h4g5	r3kbn1/pp1b1pp1/7r/3pPp1p/1p1P3q/3B1Q2/PPNK2PP/R1B3NR b q - 1 12
BB	3.18	0.56	a8c8	g8h6	r2qkbn1/pp1b1pp1/2r5/3pPp1p/1p1P1N2/3B1QP1/PPN4P/R1B1KR2 b q - 6 17
BB	4.03	1.46	g4h6	g7g5	r2qkb2/1p1b1pp1/2r5/p2pPp1p/1p1P1Nn1/3B2PP/PPNBQ3/R3KR2 b q - 0 20
BB	-2.21	0.53	h7h5	g8f6	r1bqkbnr/ppp2ppp/2n5/3pp3/6P1/3P3N/PPP1PP1P/RNBQKBR1 b Qkq - 1 4
BB	-1.87	4.06	f6g4	f8b4	r1bqkb1r/ppp2ppp/2n2n2/3pp1P1/8/3P3N/PPP1PP1P/RNBQKBR1 b Qkq - 0 5
BB	-1.45	4.81	f6d7	f6e4	r1bqk2r/ppp2ppp/2n2n2/3pp1P1/1b6/3P3N/PPPNPP1P/R1BQKBR1 b Qkq - 2 6
BB	2.35	1.29	c8f5	e8g8	r1bqk2r/ppp2ppp/2n5/4p1P1/1b2p3/4P2N/PPPN1P1P/R1BQKBR1 b Qkq - 0 8
BB	3.68	0.97	c8f5	c8h3	r1bq1rk1/ppp2ppp/2n5/4p1P1/1b2p3/2P1P2N/PP1N1P1P/R1BQKBR1 b Q - 0 9
BB	5.48	0.83	f8e8	f7f6	3r1r1k/1pp2ppp/2n5/p4PP1/Pb2N3/2P4B/1PKB3P/R5R1 b - - 0 19
BB	5.58	0.97	c6d4	a5b4	3r1r1k/1pp3pp/2n2p2/p4PP1/PP2N3/7B/1PKB3P/R5R1 b - - 0 20
BB	-0.36	0.97	c7c5	d8d6	rnbq1rk1/ppp1ppbp/5np1/3p4/2PP4/P3PN2/1P1N1PPP/R1BQKB1R b KQ - 1 6
BB	-0.59	0.67	e7e5	c8f5	r1b2rk1/ppp1ppbp/2q2np1/2Pp4/3P4/P2BP2P/1P1N1PP1/R1BQK2R b KQ - 0 11
BB	-0.63	2.83	e4g3	a5a4	r4rk1/2p1ppbp/1pq5/p1Pp1p2/3Pn3/P3PP1P/1PQN2P1/R1B1R1K1 b - - 0 16
BB	2.04	1.11	f5e4	d5e4	r4rk1/2p1ppbp/1pq5/2Pp1p2/p2PP3/P3P2P/1PQN2P1/R1B1R1K1 b - - 0 17
BB	2.83	0.59	f8d8	b6b5	r4rk1/2p1ppbp/1pq5/2P2p2/p2Pp3/P3P2P/1PQN2P1/1RB1R1K1 b - - 1 18
BB	2.68	0.57	c6g6	c6d5	r4rk1/2p1ppbp/2q5/1pP2p2/p2Pp3/P3P2P/1PQN2P1/1RB2RK1 b - - 1 19
WB	1.48	-0.90	c4d5	b1c3	r1bqkb1r/ppp1pppp/2n2n2/3p4/2PP4/5N2/PP2PPPP/RNBQKB1R w KQkq - 0 4
WB	1.53	-1.75	f1e2	h2h4	r2qkb1r/p1p1pppp/5n2/1p1Pn3/2p1P1b1/2N1BN2/PP3PPP/R2QKB1R w KQkq - 1 8
WB	2.01	-1.21	b4a5	b4a3	1r1qkb1r/p1pbpppp/5n2/3Pn3/1Qp1P2P/2N1BN2/PP3PP1/R3KB1R w KQk - 1 11
WB	0.84	-2.29	a3a7	d5d6	1r1qkb1r/p1pb1ppp/4pn2/3Pn3/2p1P2P/Q1N1BN2/PP3PP1/R3KB1R w KQk - 0 12
WB	-0.78	-1.55	e3c5	a3a7	1r1qk2r/p1pb1ppp/3bpn2/4n3/2p1P2P/Q1N1BN2/PP3PP1/R3KB1R w KQk - 0 13
WB	-0.39	-1.36	e1f1	c4f1	3q1rk1/Q1pb1ppp/4pn2/8/1bB1P2P/2N1BP2/Pr3P2/2R1K2R w K - 3 17
WB	-1.75	-2.04	a2a3	a7d4	3q1rk1/Q1p2ppp/2b1pn2/8/1b2P2P/2N1BP2/Pr3P2/2R1KB1R w K - 5 18
WB	-0.40	-3.33	f1c4	d4e5	5rk1/2p2ppp/2b1p3/7n/1b1BP2P/2N2P2/Pr3P2/2R1KB1R w K - 1 20
BB	-1.60	1.48	d8a5	e8g8	r1bqk2r/pp1p1ppp/2n1pn2/6B1/1bPNP3/2N5/PP3PPP/R2QKB1R b KQkq - 2 7
BB	-1.37	2.24	b4c3	d8a5	r1bq1rk1/pp1p1ppp/2n1pn2/6B1/1bPNP3/P1N5/1P3PPP/R2QKB1R b KQ - 0 8
BB	-0.44	1.32	e6e5	c8d7	r1b2rk1/pp3ppp/2pQpn2/6q1/1PP1P3/2N5/1P3PPP/R3KB1R b KQ - 1 11
BB	-0.64	0.62	h7h6	a7a5	r4rk1/pp1b1ppp/2pQ1n2/4p1q1/1PP1P3/2N4P/1P3PP1/3RKB1R b K - 1 13
BB	-1.52	1.52	h7h5	g5f4	r4rk1/1p1b1ppp/1PpQ1n2/4p1q1/p1P1P3/2N4P/1P3PP1/3RKB1R b K - 0 15
BB	-1.15	0.94	d7e6	h7h5	r4rk1/1p1b1ppp/1PpQ1n2/4p3/p1P1Pq2/2NB3P/1P3PP1/3RK2R b K - 2 16
BB	-2.30	1.96	d7e6	h5h4	r4rk1/1p1b1pp1/1PpQ1n2/4p1qp/p1P1P3/3B2PP/1P2NP2/3RK2R b K - 0 18
BB	-0.54	4.09	f8e8	d7h3	r4rk1/1p1b1pp1/1Pp2n2/4Q3/p1P1P2q/3B3P/1P2NP2/3RK2R b K - 0 20
BB	-0.44	5.95	b4c3	c7e5	r1b1k2r/1pqp1ppp/p1n1pn2/8/1bPNP3/P1NBB3/1P3PPP/R2QK2R b KQkq - 0 9
BB	5.33	0.79	e5c7	e5d6	r1b1k2r/1p1p1ppp/p3pn2/4q3/1PPnPP2/2NBB3/1P4PP/R2QK2R b KQkq - 0 11
BB	5.96	0.51	d6b4	d6b6	r1b1k2r/1p1p1ppp/p2qpn2/4P3/1PPn1P2/2NBB3/1P4PP/R2QK2R b KQkq - 0 12
BB	4.98	2.17	d4c2	g7f6	r1b1k2r/1p1p1ppp/pq2pP2/8/1PPn1P2/2NBB3/1P4PP/R2QK2R b KQkq - 0 13
BB	7.00	2.35	d7d5	e8g8	r1b1k2r/1p1p1p1p/pq2pp2/8/1PPn1P2/2NBB3/1P4PP/R2Q1RK1 b kq - 1 14
BB	9.78	2.23	g8h7	g8h7	r1b2rk1/1p1p1p1B/pq2pp2/8/1PPn1P2/2N1B3/1P4PP/R2Q1RK1 b - - 0 15
BB	5.99	993.87	b6d4	b6b4	r1b2r2/1p1p1p1k/pq2pp2/8/1PPQ1P2/2N1B3/1P4PP/R4RK1 b - - 0 16
WB	0.35	-0.56	e3g5	h2h4	r1bq1rk1/pp1pbppp/2n2n2/2p1p3/2P5/2NPB1P1/PP2PPBP/R2QK1NR w KQ - 3 7
WB	-0.21	-0.60	e3d2	d1c1	r4rk1/pp2bppp/1qnp1n2/2p1pb2/P1P4P/2NPBBP1/1P2PP2/R2QK1NR w KQ - 1 10
WB	-0.10	-1.12	e3g5	f3e4	3r1rk1/pp2bppp/1qnp1n2/2p1pb2/P1P4P/2NPBBP1/1P2PP2/R1Q1K1NR w KQ - 3 11
WB	0.00	-3.97	c1d2	c1c3	3r1rk1/pp2bppp/2np4/2pPp3/Pq2P2P/4B1P1/1P2PP2/R1Q1K1NR w KQ - 1 15
WB	-3.29	-0.79	d3b3	e3g5	3r1rk1/pp2b1pp/3p4/2pnpp2/P3q2P/3QBNP1/1P2PP2/R4RK1 w - - 0 19
WB	-2.24	-1.87	d3e4	h4g5	3r1rk1/pp4pp/3p4/2pnppb1/P3q2P/3Q1NP1/1P2PP2/R4RK1 w - - 0 20
WB	2.62	-1.04	d4e5	b1c3	rnb1kbnr/pppp1ppp/2q5/4p3/3PP3/5N2/PPP2PPP/RNBQKB1R w KQkq - 1 4
WB	3.50	-1.27	c3d5	d1d4	rnb1kbnr/pppp1ppp/2q5/8/3pP3/2N2N2/PPP2PPP/R1BQKB1R w KQkq - 0 5
WB	2.48	-1.08	c1f4	a2a4	rnb1kbnr/pppp1ppp/8/2q5/3QP3/2N2N2/PPP2PPP/R1B1KB1R w KQkq - 1 6
WB	1.83	-0.82	d4d1	d4c5	r1b1kbnr/pppp1ppp/2n5/2q5/P2QP3/2N2N2/1PP2PPP/R1B1KB1R w KQkq - 1 7
WB	1.10	-1.05	c3d5	h2h4	r1b1k1nr/pppp1ppp/2n5/2b5/P3P3/2N2N2/1PP2PPP/R1B1KB1R w KQkq - 0 8
WB	1.01	-1.37	f1c4	h1h3	r1b1k1nr/1ppp1ppp/2n5/p1b5/P3P2P/2N2N2/1PP2PP1/R1B1KB1R w KQkq - 0 9
WB	1.12	-1.97	c1d2	f3g5	r1b1k1nr/1ppp1ppp/2n5/p7/Pb2P2P/2N2N1R/1PP2PP1/R1B1KB2 w Qkq - 2 10
WB	0.08	-3.82	e4d5	h3g3	r1b1k1nr/1pp2pp1/2n4p/p2p4/Pb2P2P/2N2N1R/1PP2PP1/R1B1KB2 w Qkq - 0 12
WB	1.17	-5.56	c3d5	g3g7	r3k1nr/1pp2pp1/2n1b2p/p7/Pb1pP2P/2N2NR1/1PPB1PP1/R3KB2 w Qkq - 2 14
WB	0.33	-4.72	c3d5	f1d3	r3k2r/1pp2pR1/2n1bn1p/p7/Pb1pP2P/2N2N2/1PPB1PP1/R3KB2 w Qkq - 1 15
WB	-1.10	-2.28	c3e2	e4e5	2kr3r/1pp2pR1/2n1bn1p/p7/Pb1pP2P/2NB1N2/1PPB1PP1/R3K3 w Q - 3 16
WB	-0.19	-1.22	c3e2	c3a2	2kr3r/1pp2pR1/2n1b2p/p3P3/Pb1p2nP/2NB1N2/1PPB1PP1/R3K3 w Q - 1 17
WB	0.02	-3.71	d2f4	d3f1	2kr1br1/1pp2p1R/2n1b2p/p3P3/P2p2nP/3B1N2/NPPB1PP1/R3K3 w Q - 5 19
WB	-3.64	-0.76	f3e5	d2h6	2kr1br1/1pp2p1R/2n1b2p/p3n3/P2p3P/5N2/NPPB1PP1/R3KB2 w Q - 0 20
WB	-1.60	-2.21	f3e5	h7h6	2kr2r1/1pp2p1R/2n1b2b/p3n3/P2p3P/5N2/NPP2PP1/R3KB2 w Q - 0 21
WB	2.58	-1.06	a4b5	b1c3	rnbqkbnr/p3p1pp/2p5/1p3p2/P1pP4/4PN2/1P3PPP/RNBQKB1R w KQkq - 0 6
WB	3.29	-1.49	a4b5	f3e5	rnb1kbnr/p3p1pp/1qp5/1p3p2/P1pP4/2N1PN2/1P1B1PPP/R2QKB1R w KQkq - 4 8
WB	2.41	-2.18	d1h5	h2h4	rnb1kbnr/p5pp/1qp1p3/1p2Np2/P1pP4/2N1P3/1P1B1PPP/R2QKB1R w KQkq - 0 9
WB	1.65	-2.43	a4b5	a4a5	rnb1kb1r/p5pp/1qp1pn2/1p2Np2/P1pP3P/2N1P3/1P1B1PP1/R2QKB1R w KQkq - 1 10
WB	-0.71	-1.12	g2g4	h1h3	rnb1kb1r/p1q3pp/2p1pn2/Pp2Np2/2pP3P/2N1P3/1P1B1PP1/R2QKB1R w KQkq - 1 11
WB	-0.49	-1.23	e3e4	h3g3	rnb1kbr1/p1q3pp/2p1pn2/Pp2Np2/2pP3P/2N1P2R/1P1B1PP1/R2QKB2 w Qq - 3 12
WB	6.16	-6.16	f1b5	d1h5	r1b1kbr1/p1q3pp/2n1p3/P3Np2/1p1P3P/6N1/1P1B1PP1/R2QKB2 w Qq - 1 18
WB	0.00	-3.17	h5f3	f1b5	r1b1kbr1/p1q4p/2n1p1p1/P3Np1Q/1p1P3P/6N1/1P1B1PP1/R3KB2 w Qq - 0 19
WB	-0.14	-3.42	e2e4	c1e3	r1bqk2r/ppp2pp1/2nb1n1p/3pp3/8/2NP1NP1/PPP1PPBP/R1BQ1RK1 w kq - 0 7
WB	-3.66	-0.56	h2h3	d1d2	r1bq1rk1/ppp2pp1/2nb1n1p/4p3/8/2BP1NP1/PPP1PPBP/R2Q1RK1 w - - 1 10
WB	-2.80	-0.78	b2b4	d2e3	r2q1r1k/ppp2pp1/2nb1n1p/4p3/P7/2BP1BP1/1PPQPP1P/R4RK1 w - - 1 13
WB	-3.36	-0.51	a4a5	g1g2	r4r1k/ppp1qpp1/2nb1n1p/4p3/P7/2BPQBP1/1PP1PP1P/R4RK1 w - - 3 14
WB	-2.53	-1.79	f3c6	f1h1	3r1r1k/ppp1qpp1/2nb1n1p/4p3/P7/2BPQBP1/1PP1PPKP/R4R2 w - - 5 15
WB	-2.31	-1.64	d4c4	a4a5	3r1r1k/p1p1qpp1/1p1b1n1p/8/P2Q4/3P1BP1/1PP1PPKP/R6R w - - 0 18
WB	3.10	-1.34	g3g4	d2b3	r2qk2r/p2n1ppp/2p2n2/4p2b/1b6/3P1NPP/PPPN1PB1/R1BQ1RK1 w kq - 0 11
WB	4.83	-1.16	d1d4	c1f4	r2qk2r/p2n1ppp/2p5/7b/1b2n3/1N3NPP/PPP2PB1/R1BQ1RK1 w kq - 0 13
WB	7.70	-4.46	d4b4	f2g3	r3k2r/p2n1ppp/2p2q2/8/1b1Q1B2/1N3BnP/PPP2P2/R4RK1 w kq - 0 16
WB	7.15	-1.18	b4d4	f3e4	r4rk1/p2n1ppp/2p5/8/1Q3B2/1N3BPP/PqP5/R4RK1 w - - 0 18
WB	6.78	-1.01	a1e1	g1g2	r4rk1/p2n1ppp/2p1q3/8/3QBB2/1N4PP/P1P5/R4RK1 w - - 4 20
WB	6.00	-1.94	e4f3	b3c5	3r1rk1/p2n1ppp/2p1q3/8/3QBB2/1N4PP/P1P3K1/R4R2 w - - 6 21
BB	0.39	1.10	g8e7	g8f6	r3kbnr/ppqb2pp/4p3/2ppP3/5B2/2P5/PP2BPPP/RN1Q1RK1 b kq - 2 10
BB	1.28	1.17	e8c8	e8f7	r3kb1r/ppqb2pp/4pn2/2ppP3/5B2/2P5/PP1NBPPP/R2Q1RK1 b kq - 4 11
BB	-0.28	1.50	h8f8	d7c6	r6r/pp1b1kbp/4p3/2pp4/2N2q2/2P5/PP2BPPP/R2Q1RK1 b - - 1 14
BB	0.44	0.54	c6b5	g7f6	r6r/pp2k1bp/2b1p3/N1pp3B/5q2/2P5/PP3PPP/R2Q1RK1 b - - 5 16
BB	0.64	0.56	h8g8	a8b8	r6r/p3k2p/2p1pb2/2pp3B/5q2/2P5/PP3PPP/R2QR1K1 b - - 1 18
BB	0.91	0.77	f4g5	e7d7	1r5r/p3k2p/2p1pb2/2pp3B/5q2/2P5/PPQ2PPP/R3R1K1 b - - 3 19
BB	1.03	3.95	h8g8	f6d4	1r5r/p2k3p/2p1pb2/2pp3B/5q2/2P5/PPQ2PPP/3RR1K1 b - - 5 20
WB	0.89	-0.70	b5a3	e1g1	r1bk1bnr/ppp2ppp/2n1p3/1Nq5/Q1p5/5NP1/PP1PPPBP/R1B1K2R w KQ - 8 8
WB	1.83	-0.71	d2d4	a4c2	r1bk1bnr/2p2ppp/p1n1p3/1pq5/Q1p5/2N2NP1/PP1PPPBP/R1B2RK1 w - - 0 10
WB	2.72	-1.94	f3g5	c1f4	r1bk3r/2p2ppp/p1nbpn2/1pq5/2p5/2NP1NP1/PPQ1PPBP/R1B2RK1 w - - 1 12
WB	3.99	-5.93	e5d7	d3d7	r6r/2pbkppp/p1n1pn2/1pq1N3/5P2/2NQ4/PP2PPBP/R4RK1 w - - 3 16
WB	-1.81	-1.69	f1d1	c6e5	r4k1r/2pn1ppp/p1N1p3/1pq5/5P2/2N5/PP2PPBP/R4RK1 w - - 1 18
WB	1.32	-5.76	e5c6	d1d7	3r3r/2pnkppp/p3p3/1pq1N3/5P2/2N5/PP2PPBP/3R1RK1 w - - 5 20
BB	-0.63	0.68	e6g4	f6f4	1r3rk1/p1p2ppp/2ppbq2/4p3/2P1P3/3P1N2/P1P1QPPP/R4RK1 b - - 0 12
BB	0.02	4.75	b6b4	e6g4	5rk1/p1p2ppp/1r1pb3/P1p1p3/2P1Pq2/3P1N2/2P1QPPP/1R3RK1 b - - 0 15
BB	4.52	1.02	f4f6	h7h5	5rk1/p4ppp/1p1p4/2p1p3/2P1Pqb1/3PQN2/2P2PPP/1R3RK1 b - - 1 17
BB	5.27	0.78	g4d7	g4e6	5rk1/p4pp1/1p1p4/2p4p/2P1Ppb1/3P1N1P/2P2PP1/1R3RK1 b - - 0 19
BB	4.98	0.82	e6c8	e6d7	5rk1/p4pp1/1p1pb3/2p3Np/2P1Pp2/3P3P/2P2PP1/1R3RK1 b - - 2 20
BB	-1.39	5.83	d8e7	d5b6	r1bqkb1r/ppp2ppp/8/3n4/3n4/2NB1N2/PP3PPP/R1BQK2R b KQkq - 1 8
BB	4.27	2.04	f8b4	d8d4	r1bqkb1r/ppp2ppp/1n6/8/3N4/2NB4/PP3PPP/R1BQK2R b KQkq - 0 9
BB	4.67	1.04	e8c8	d7c6	r3kb1r/pppb1ppp/1n6/8/8/2N2Q2/PP3PPP/R1B1K2R b KQkq - 1 12
BB	5.63	2.31	e8f8	e8d7	r3k2r/ppp1bppp/1nb5/8/8/2N5/PP2QPPP/R1B2RK1 b kq - 5 14
BB	5.67	1.12	a8e8	e7d6	r6r/pppkbppp/1nb5/8/P7/2N5/1P2QPPP/R1B2RK1 b - - 0 15
BB	5.28	1.07	a8e8	b6a4	r6r/pppk1ppp/1nbb4/8/P7/2N5/1P2QPPP/1RB2RK1 b - - 2 16
BB	5.03	1.06	a4c3	h7h5	r6r/pppk1ppp/2bb4/8/n7/2N5/1P2QPPP/1RBR2K1 b - - 1 17
BB	6.07	0.71	a8e8	c6a4	r6r/pppk1pp1/2bb4/7p/N7/8/1P2QPPP/1RBR2K1 b - - 0 18
BB	0.08	1.48	c7c5	b7d5	r1q2rk1/1bpnbppp/p3pn2/1p4B1/3P4/5NP1/PPQNPPBP/R4RK1 b - - 11 14
BB	0.84	3.26	c7c5	d5a2	r1q2rk1/2pnbppp/p3pn2/1p1b2B1/3P4/5NP1/PPQNPPBP/3R1RK1 b - - 13 15
BB	3.81	2.13	a6a5	c8b7	r1q2rk1/2pnbppp/p3pn2/1p4B1/3P4/1N3NP1/2Q1PPBP/3R1RK1 b - - 0 17
BB	5.27	1.50	c7c6	b7b6	r4rk1/1qpnbppp/p3pn2/1p2N1B1/3P4/1N4P1/2Q1PPBP/3R1RK1 b - - 2 18
BB	6.57	0.69	f8e8	d7f6	r4rk1/2pnBppp/pq2p3/1p6/3P4/1N4P1/2Q1PPBP/3R1RK1 b - - 0 20
WB	4.74	-2.72	c3b5	d2f4	rnb1kb1r/pp1ppppp/8/2q5/3NP3/2N5/PP1B1KPP/R2Q1B1R w kq - 0 10
WB	3.79	-6.18	f4e3	f2e3	r1b1kb1r/pp1ppppp/2n5/2q5/3NPB2/2N5/PP3KPP/R2Q1B1R w kq - 2 11
WB	-2.26	-1.49	f4e5	c3b5	r1b1kb1r/pp1p1ppp/2n5/2q1p3/3NPB2/2N1K3/PP4PP/R2Q1B1R w kq - 0 12
WB	-1.98	-1.27	a1c1	f1e2	r1b2rk1/pp1p1ppp/3b4/2q1p3/3NPB2/4K1P1/PP5P/R2Q1B1R w - - 1 15
WB	-2.57	-0.51	d5g5	h2h4	r1b2rk1/pp1pqppp/1b6/3Q4/4PP2/1N3K2/PP2B2P/R6R w - - 5 20
WB	-2.22	-0.62	a1d1	e4e5	r1b2rk1/pp1p1ppp/1b3q2/3Q4/4PP1P/1N3K2/PP2B3/R6R w - - 1 21
WB	0.00	-1.14	c3b1	h5e2	r4rk1/1p1b1p1p/p1nppp1b/7B/4PP2/qNN1Q3/P1P3PP/R4RK1 w - - 8 15
WB	0.00	-0.89	c3b1	g1h1	r4r1k/1p1b1p1p/p1nppp1b/8/4PP2/qNN1Q3/P1P1B1PP/R4RK1 w - - 10 16
WB	-0.35	-0.73	c3d5	g2g3	r5rk/1p1b1p1p/p1np1p1b/4p3/4PP2/qNN1Q3/P1P1B1PP/3R1R1K w - - 0 18
WB	-0.62	-0.63	f1f2	f1g1	r5rk/1p3p1p/p1np1p1b/4p3/4PP2/qNN1Q1Pb/P1P1B2P/3R1R1K w - - 1 19
WB	3.51	-6.92	c3d5	d1d5	r5rk/1p3p1p/p1np1p1b/4p3/1q2PP2/1NN1Q1Pb/P1P1B2P/3R2RK w - - 3 20
WB	-0.34	-3.43	g3g4	d5a5	r5rk/1p2np1p/p2p1p1b/3Rp3/1q2PP2/1NN1Q1Pb/P1P1B2P/6RK w - - 5 21
WB	1.69	-0.74	d2d3	e4e5	r1bqkb1r/ppp2ppp/2p2n2/8/4P3/8/PPPP1PPP/RNBQKB1R w KQkq - 0 5
WB	5.17	-0.51	d2d3	f6g7	r3kbr1/ppp2ppp/2p2P2/8/8/8/PPPPKPPP/RNB4R w q - 1 10
WB	5.61	-0.56	e3h6	e2d2	3r1b2/pppk1prp/8/2p5/8/2NPB1P1/PPP1KP1P/R6R w - - 3 15
WB	6.21	-0.77	c3d5	a4a5	3r4/pppkbp1p/8/2p5/P5rP/2NPB1P1/1PPK1P2/R6R w - - 1 18
WB	6.13	-0.63	h1e1	h5h6	1r6/ppp2p1p/P2bk3/2p4P/6r1/2NPB1P1/1PPK1P2/R6R w - - 1 21
WB	4.63	-3.38	d1a1	d1d3	4r1k1/2p2ppp/2N1p3/1n6/8/6P1/nP2PPBP/3R2K1 w - - 2 21
WB	1.00	-0.73	c2c4	b1c3	r2qkbnr/ppp1pp1p/2n3p1/3p1b2/3P4/5NP1/PPP1PPBP/RNBQK2R w KQkq - 0 5
WB	0.83	-1.12	f3e5	d1d2	r2qk2r/ppp1bp1p/2n1pnp1/3p1b2/3P1B2/2N2NP1/PPP1PPBP/R2Q1RK1 w kq - 4 8
WB	6.61	-1.72	c3d5	f4c1	r2q1rk1/pp2bp1p/4p1p1/2pnN3/3p1B2/2N3P1/PPQ1PPBP/3R1RK1 w - - 1 14
WB	6.64	-1.70	c3d5	e5f3	r2q1rk1/pp2b2p/4ppp1/2pnN3/3p4/2N3P1/PPQ1PPBP/2BR1RK1 w - - 0 15
WB	6.37	-0.81	c3d5	f3h4	r2q1rk1/1p2b2p/4ppp1/p1pn4/3p4/2N2NP1/PPQ1PPBP/2BR1RK1 w - - 0 16
WB	7.77	-4.40	c3d5	d1d3	3q1rk1/1p2b2p/r3ppp1/p1pn4/3p3N/2N3P1/PPQ1PPBP/2BR1RK1 w - - 2 17
BB	-2.76	1.55	d8f6	h6h5	r2q1bkr/ppp3p1/2n4p/3pp3/6b1/3PBN1N/PPP2PPP/R2QK2R b KQ - 3 10
BB	-2.56	3.45	g4h3	h8h6	r2q1bkr/ppp3p1/2n5/3pp2p/6b1/3PBN1N/PPPQ1PPP/R3K2R b KQ - 1 11
BB	-0.64	1.19	d5d4	a7a5	r2q1bk1/ppp5/2n4p/3pp2p/6b1/3P1N1N/PPPQ1PPP/2KR3R b - - 1 13
BB	-0.38	2.91	g4c8	f8b4	3r1bk1/1pp5/2n2q1p/p2pp2p/6b1/3P1N1P/PPPQ1PP1/2K1R1NR b - - 0 16
BB	2.69	1.46	f5g6	h5g4	3r2k1/1pp5/2n2q1p/p2ppb1p/1b4P1/2PP1N1P/PP1Q1P2/2K1R1NR b - - 0 18
BB	4.01	1.98	f5d3	g8h7	3r2k1/1pp5/2n2q1p/p2ppb2/1b4P1/2PP1N2/PP1Q1P2/2K1R1NR b - - 0 19
BB	5.68	1.01	b4f8	b4e7	3r4/1pp4k/2n2q1p/p2ppP2/1b6/2PP1N2/PP1Q1P2/2K1R1NR b - - 0 20
WB	1.31	-0.55	e1g1	f3e5	rn1qk2r/pp1b1ppp/2p1pn2/8/PbBP4/2N1PN2/1P3PPP/R1BQK2R w KQkq - 1 8
WB	0.84	-0.67	e1g1	e5d7	rn1qk2r/pp1b1ppp/4pn2/2p1N3/PbBP4/2N1P3/1P3PPP/R1BQK2R w KQkq - 0 9
WB	1.58	-0.91	c3d4	d1d4	r2qk2r/pp1n1ppp/4pn2/8/P1Bp4/2P1P3/5PPP/R1BQ1RK1 w kq - 0 12
WB	3.75	-1.08	b5e2	b5d3	r2qk2r/1p1n1ppp/p3pn2/1B6/P2Q4/B1P1P3/5PPP/R4RK1 w kq - 0 15
WB	3.33	-1.33	a1b1	a3b4	r3k2r/1p1n1ppp/pq2pn2/8/P2Q4/B1PBP3/5PPP/R4RK1 w kq - 2 16
WB	4.72	-1.80	f1c1	b1b5	3rk2r/3n1ppp/1p1Bpn2/p7/P2P4/3BP3/5PPP/1R3RK1 w k - 0 20
WB	3.14	-2.30	f1c1	d6g3	3rk2r/3n1ppp/1p1Bp3/pR1n4/P2P4/3BP3/5PPP/5RK1 w k - 2 21
WB	1.24	-1.04	f3e5	b1c3	r2qkb1r/ppp1pppp/2n5/3p4/3Pn1b1/5NP1/PPP1PPBP/RNBQ1RK1 w kq - 6 6
WB	1.67	-1.18	c3c4	d1d3	r3kb1r/pppqpppp/2n5/3p4/3P2b1/2P2NP1/P1P1PPBP/R1BQ1RK1 w kq - 1 8
WB	1.90	-1.31	d3b5	c1f4	r3kb1r/ppp1pppp/2n5/3p1q2/3P2b1/2PQ1NP1/P1P1PPBP/R1B2RK1 w kq - 3 9
WB	1.70	-0.95	h2h3	f3e5	r4b1r/pppkpppp/2n5/3p4/3P1Bb1/2PP1NP1/P3PPBP/R4RK1 w - - 1 11
WB	0.78	-0.93	d4e5	f4e5	r4b1r/pppkpppp/8/3pn3/3P1Bb1/2PP2P1/P3PPBP/R4RK1 w - - 0 12
WB	0.49	-4.51	f2f3	g2f3	r4b1r/pppkp1pp/5p2/3pB3/3P2b1/2PP2P1/P3PPBP/R4RK1 w - - 0 13
WB	-3.56	-0.64	f1b1	g1g2	r4b1r/1ppkp1pp/8/p2pP3/8/2PP1PP1/P4P1P/R4RK1 w - - 0 16
WB	-2.73	-0.53	f3f4	a1b1	5b1r/rpp1p1p1/4k3/p2pP3/P2P3p/2P2PP1/5PKP/R6R w - - 0 20
WB	-3.00	-0.58	g2f1	g2g1	5b1r/rpp1p1p1/4k3/p2pP3/P2P4/2P2PPp/5PKP/1R5R w - - 0 21
BB	-0.17	0.74	d8f6	g7f6	rnbqkb1r/pp3ppp/2p2N2/8/3P4/8/PP3PPP/R1BQKBNR b KQkq - 0 7
BB	-0.81	2.14	e8c8	e8f7	r3k2r/pp1nb2p/2p2p2/8/3q4/P7/1P2QPPP/R1B1K1NR b KQkq - 0 13
BB	1.43	0.72	d5b5	h8g8	r6r/pp1nbk1p/2p2p2/3q4/8/P4N2/1P2QPPP/R1B2RK1 b - - 4 15
BB	1.27	5.79	d7f8	e6h3	r5r1/pp1nbk1p/2p1qp2/8/8/P2Q1N2/1P3PPP/R1BR2K1 b - - 8 17
BB	1.75	1.09	d7b6	d7e5	r5r1/pp1nbk1p/2p2p2/8/8/P2Q1NPq/1P3P1P/R1BR2K1 b - - 0 18
BB	-8.23	0.53	f6b2	d5e4	r1b1kb1r/pp3ppp/2n2q2/2Pp4/4P3/5N2/PPP2PPP/RN2KB1R b KQkq - 0 8
BB	-10.81	2.55	f8c5	c8e6	r1b1kb1r/pp3ppp/2n5/2P5/8/2N2q2/PPP2P1P/R3KBR1 b Qkq - 1 11
BB	-12.06	2.33	f8c5	f4h2	r3kb1r/p4ppp/2p1b3/2P5/5q2/2N5/PPP2P1P/3RK1R1 b kq - 1 14
BB	-10.74	0.83	f8e7	a8d8	r3kb1r/p4ppp/2p1b3/2P3R1/8/2N5/PPP2P1q/3RK3 b kq - 1 15
BB	-999.84	989.58	f8e7	d8e8	3k1b1r/p4ppp/2p1b3/2P3R1/8/P1N5/1PP2P1q/4K3 b - - 0 17
BB	-999.87	990.67	h2h1	h2b8	4kb1r/p4ppp/2p1b3/2P3R1/4N3/P7/1PP2P1q/4K3 b - - 2 18
BB	-11.34	1.68	b8f4	h7h5	1q2kb1r/p4ppp/2p1b3/2P3R1/4N3/PP6/2P2P2/4K3 b - - 0 19
BB	-10.60	0.90	h5h4	h8h6	1q2kb1r/p4pp1/2p1b3/2P3Rp/4N3/PP3P2/2P5/4K3 b - - 0 20
WB	1.37	-1.05	b5c6	b5e2	r2qkb1r/1ppb1ppp/p1np1n2/1B2p3/3PP3/2N2N2/PPP2PPP/R1BQ1RK1 w kq - 0 7
WB	0.35	-1.10	e3f4	g1h1	r2r2k1/1pq1bppp/p1bp1n2/P1p5/4P3/2NQB3/1PP1BPPP/R4RK1 w - - 1 15
WB	0.83	-0.51	g1d1	g2g4	1r1r2k1/1pq1bppp/p1bp4/P1p1n3/4P3/2N1B3/1PPQBPPP/R5RK w - - 7 18
WB	1.34	-1.76	g4g5	h1g2	1r1r2k1/1pq1bpp1/p1bp3p/P1p1n3/4P1P1/2N1B3/1PPQBP1P/R5RK w - - 0 19
WB	1.42	-0.59	e4e5	c1g5	rnbqkb1r/pppp1ppp/4pn2/8/3PP3/2N2N2/PPP2PPP/R1BQKB1R w KQkq - 0 5
WB	4.42	-3.08	e4e5	h2h4	rnbqk2r/pppp1ppp/3bpn2/6B1/3PP3/2N2N2/PPP2PPP/R2QKB1R w KQkq - 2 6
WB	4.77	-3.49	e4e5	a2a4	rnb1k2r/ppppqppp/3bpn2/6B1/3PP2P/2N2N2/PPP2PP1/R2QKB1R w KQkq - 1 7
WB	4.40	-3.38	e4e5	a4a5	r1b1k2r/ppppqppp/2nbpn2/6B1/P2PP2P/2N2N2/1PP2PP1/R2QKB1R w KQkq - 1 8
WB	4.73	-1.40	e4e5	h1h3	r1b2rk1/ppppqppp/2nbpn2/P5B1/3PP2P/2N2N2/1PP2PP1/R2QKB1R w KQ - 1 9
WB	5.00	-2.25	e4e5	h4h5	r1b1r1k1/ppppqppp/2nbpn2/P5B1/3PP2P/2N2N1R/1PP2PP1/R2QKB2 w Q - 3 10
WB	5.51	-2.08	e4e5	d1c1	r1b2rk1/ppppqppp/2nbpn2/P5BP/3PP3/2N2N1R/1PP2PP1/R2QKB2 w Q - 1 11
WB	5.78	-1.59	e4e5	h5h6	r1b1r1k1/ppppqppp/2nbpn2/P5BP/3PP3/2N2N1R/1PP2PP1/R1Q1KB2 w Q - 3 12
WB	7.94	-3.03	e4e5	g5h6	r1b1r1k1/ppppqp1p/2nbpn1p/P5B1/3PP3/2N2N1R/1PP2PP1/R1Q1KB2 w Q - 0 13
WB	999.98	-993.52	c1g5	h6g5	1rb1r1k1/ppppqp1p/2nbpn1B/P7/3PP3/2N2N1R/1PP2PP1/R1Q1KB2 w Q - 1 14
WB	8.99	-2.57	e4e5	a5a6	r1b1r1k1/ppppqp1p/2nbpn2/P5B1/3PP3/2N2N1R/1PP2PP1/R1Q1KB2 w Q - 3 15
WB	8.79	-3.16	e4e5	f1a6	r1b1r1k1/p1ppqp1p/p1nbpn2/6B1/3PP3/2N2N1R/1PP2PP1/R1Q1KB2 w Q - 0 16
WB	6.64	-0.98	e4e5	a1a6	r3r1k1/p1ppqp1p/b1nbpn2/6B1/3PP3/2N2N1R/1PP2PP1/R1Q1K3 w Q - 0 17
WB	6.90	-1.74	e4e5	a6a3	r3r1k1/p1ppqp1p/R2bpn2/6B1/1n1PP3/2N2N1R/1PP2PP1/2Q1K3 w - - 1 18
WB	8.53	-1.51	e4e5	b2a3	r3r1k1/p1ppqp1p/4pn2/6B1/3PP3/b1N2N1R/1PQ2PP1/4K3 w - - 0 20
WB	999.87	-993.57	e4e5	c2b3	r3r3/p1ppqpkp/4pn2/6B1/3PP3/P1N2N1R/2Q2PP1/4K3 w - - 1 21
BB	-1.83	0.80	f8d6	c7f4	r3kb1r/ppq2p2/2p1bpp1/3p3p/Q2P4/5N2/PPP1PPPP/R3KBR1 b Qkq - 0 13
BB	-1.00	5.50	f4c7	f4e4	r3kb1r/pp3p2/2p1bpp1/3p3p/Q2P1q2/4PN2/PPP2PPP/R3KBR1 b Qkq - 0 14
BB	3.74	1.00	a7a5	b7b5	r3kb1r/pp3p2/2p1bpp1/3p3p/Q2Pq3/3BPN2/PPP2PPP/R3K1R1 b Qkq - 2 15
BB	3.73	1.31	a7a5	e4g4	r3kb1r/p4p2/2p1bpp1/1p1p3p/3Pq3/1Q1BPN2/PPP2PPP/R3K1R1 b Qkq - 1 16
BB	4.80	2.78	g4e4	f8b4	r3kb1r/p4p2/2p1bpp1/1p1p3p/3P2q1/1Q1BPN1P/PPP2PP1/R3K1R1 b Qkq - 0 17
BB	7.93	0.96	e8d7	g4e4	r3k2r/5p2/2p1bpp1/ppQp3p/3P2q1/3BPN1P/PPP2PP1/R3K1R1 b Qkq - 1 19
BB	8.49	1.29	e8f8	e6d7	r3k2r/5p2/2Q1bpp1/pp1p3p/3Pq3/3BPN1P/PPP2PP1/R3K1R1 b Qkq - 0 20
WB	0.26	-0.61	c1b2	h2h4	rnbqkb1r/1pp1pp1p/p2p1np1/8/3P4/1P2P3/P1PN1PPP/R1BQKBNR w KQkq - 0 5
WB	0.31	-1.60	g2g4	h1h3	r1bqk2r/1ppnppbp/p2p1np1/8/3P3P/1P2P3/PBPN1PP1/R2QKBNR w KQkq - 3 7
WB	-1.50	-0.82	d2f3	f1c4	r1bqr1k1/1ppnppb1/p2p1np1/P6p/3P3P/1P2P2R/1BPN1PP1/R2QKBN1 w Q - 1 10
WB	-2.11	-0.64	c4e2	c4d3	r1bqr1k1/1ppnppb1/p4np1/P2p3p/2BP3P/1P2P2R/1BPN1PP1/R2QK1N1 w Q - 0 11
WB	-0.65	-1.05	h3h1	h3g3	r1bqrnk1/1p3pb1/p4np1/P1Ppp2p/1P5P/3BP2R/1BPN1PP1/R2QK1N1 w Q - 1 14
WB	-1.00	-0.92	e3e4	h3g5	r1b1rnk1/1p2qpb1/p5p1/P1Ppp2p/1P4nP/3BP1RN/1BPN1PP1/R2QK3 w Q - 5 16
WB	-0.87	-2.81	e3e4	d2f3	r1b1r1k1/1p2qpb1/p3n1p1/P1Ppp1Np/1P4nP/3BP1R1/1BPN1PP1/R2QK3 w Q - 7 17
WB	-0.79	-3.04	g5e6	e1e2	r1b1r1k1/1p2q1b1/p3n1p1/P1PpppNp/1P4nP/3BPNR1/1BP2PP1/R2QK3 w Q - 0 18
WB	-2.52	-1.38	e2f1	g3g4	r1b1r1k1/1p2q1n1/p5p1/P1Pp1pNp/1P2p1nP/3BPNR1/2P1KPP1/R2Q4 w - - 0 20
BB	-1.24	0.82	d5d4	h8h6	r1bqkbnr/ppp2pp1/2n5/3pp2p/8/2N1PN2/PPPP1PPP/R1BQKB1R b KQkq - 1 5
BB	-2.71	1.43	e5e4	c8g4	r1bqkbn1/ppp2pp1/2n4r/3pp2p/8/2NBPN2/PPPP1PPP/R1BQK2R b KQq - 3 6
BB	-3.04	1.15	e5e4	a7a5	r2qkbn1/ppp2pp1/2n4r/3pp2p/6b1/2NBPN2/PPPPQPPP/R1B1K2R b KQq - 5 7
BB	-3.38	1.14	f8b4	a5a4	r2qkbn1/1pp2pp1/2n4r/p2pp2p/6b1/2NBPN2/PPPPQPPP/R1B2RK1 b q - 1 8
BB	-5.42	2.04	e5e4	h5h4	r2qkb2/1pp2pp1/2n2n1r/3pp2p/p5b1/2NBPN2/PPPPQPPP/R1B2RK1 b q - 3 10
BB	-5.94	2.27	e5e4	d8c8	r2qkb2/1pp2pp1/2n2n1r/3pp3/p5bp/2NBPN2/PPPPQPPP/R1B1R1K1 b q - 1 11
BB	-5.96	2.18	e5e4	a8a5	r1q1kb2/1pp2pp1/2n2n1r/3pp3/p5bp/2NBPN2/PPPPQPPP/R1B2RK1 b q - 3 12
BB	-5.88	3.31	e5e4	d5d4	2q1kb2/1pp2pp1/2n2n1r/r2pp3/p5bp/2NBPN2/PPPPQPPP/R1B1R1K1 b - - 5 13
BB	-3.65	4.65	d4f3	d4c6	2q1kb2/1pp2pp1/5n1r/r3p3/p2n2bp/2NBQN2/PPPP1PPP/R1B1R1K1 b - - 1 15
BB	-3.96	3.55	f8c5	f6d5	2q1kb2/1pp2pp1/2n2n1r/r3p3/p5bp/2NBQN2/PPPPRPPP/R1B3K1 b - - 3 16
BB	-0.87	4.84	f8c5	d5d4	2q1kb2/1pp2pp1/2n4r/3rp3/p3B1bp/4QN2/PPPPRPPP/R1B3K1 b - - 1 18
BB	3.83	1.06	b7c6	h6c6	2q1kb2/1pp2pp1/2B4r/4p3/p2r2bp/4QN2/PPPPRPPP/R1B3K1 b - - 0 19
